TYPE,DOCNO,ORDERNO,ODATE,RDATE,IDATE,REPCODE,STATUS,DESCRIP,ACCNO,CLIENT,ADDR1,ADDR2,ADDR3,PCODE,CORDER,CHECKER,REPCNT,PTYPE,QUOTENO,DEL,USER,EUSER,TIME,DOCNDX,DNAME,DADDR1,DADDR2,DADDR3,DINSTR1,DINSTR2,DINSTR3,EXCODE,EXRATE,DELIVER,CONSIGN
O,001421,001421,2024-06-20,2024-06-20,1899-12-30,001,C,,CWMT01,COUNTRY WIDE MEDALS & TROPHIES,66 WEPENER STREET,BOOYSENS,,2091,,,2,1,,,ESTHER,ESTHER,08:31,O001421,CWDAVID.FELDMAN@GMAIL.COM,P.O BOX 82433,SOUTHDALE,2135,CWRECEPTION@MWEB.CO.ZA,,,00,1.0,C,N
O,001422,001422,2024-06-20,2024-06-20,1899-12-30,001,I,,MSB010,MDLAYI SPORTS BRAND,20685 ORINOCO CRESCENT,PROTEA GLEN EXT 20 SOWETO,GAUTENG,1818,,ESTHER,1,1,,,ESTHER,ESTHER,11:06,O001422,,,,,TROPHIES.BADGES@GMAIL.COM,,,00,1.0,C,N
I,001449,001422,1899-12-30,1899-12-30,2024-06-20,001,,,MSB010,MDLAYI SPORTS BRAND,20685 ORINOCO CRESCENT,PROTEA GLEN EXT 20 SOWETO,GAUTENG,1818,,,0,1,,,,,,I001422,,,,,,,,00,1.0,,
O,001423,001423,2024-06-20,2024-06-20,1899-12-30,003,I,,PA0400,PRESTIGE AWARDS (PTY) LTD,419 CORK AVE,"FERNDALE, RANDBURG",,,,BIANCA P,1,1,,,BIANCA P,BIANCA P,13:37,O001423,,P.O. BOX 444,FERNDALE 2160,LESLEY/JENNY,JENNY / FIONA,,,00,1.0,C,N
I,001450,001423,1899-12-30,1899-12-30,2024-06-20,003,,,PA0400,PRESTIGE AWARDS (PTY) LTD,419 CORK AVE,"FERNDALE, RANDBURG",,,,,0,1,,,,,,I001423,,,,,,,,00,1.0,,
O,001424,001424,2024-06-20,2024-06-20,1899-12-30,001,I,,3DCC01,3D CRYSTAL CREATIONS,27 SAXENBURG CRESENT,OAKGLENN,BELLVILLE,7530,,ESTHER,2,1,,,ESTHER,ESTHER,15:08,O001424,,*DIFFICULT CLIENT = QLTY,,,,,,00,1.0,C,N
O,001425,001425,2024-06-20,2024-06-20,1899-12-30,003,C,,AGU010,AWARDS & GIFTS UNLIMITED,(JABULANI NHLAMBA),"P.O.BOX AD 838 ADD,KGALE",KWC CUSTOMS: 1462245,,,,2,1,,,BIANCA P,BIANCA P,15:08,O001425,"PLOT104, UNIT5, COMMERCE PARK,GABORONE",BOTSWANA...OMEGA COURIERS,WRIGHT@OMEGACOURIERS.CO.ZA,011 781 1920 - WRIGHT,AWARDS @ GIFTS UNLIMITED,,,00,1.0,C,N
O,001426,001426,2024-06-20,2024-06-20,1899-12-30,001,I,,SN0200,TROJAN GLASSWORKS CC,"NGWENYA GLASS VILLAGE,",C/O BEYERS NAUDE&R114 DIEPSLOT,MULDERSDRIFT;,1747,,ESTHER,1,1,,,ESTHER,ESTHER,15:11,O001426,(MONIQUE),P.O.BOX 321,MULDERSDRIFT 1747,BUZZ: 082-785-7397,,,,00,1.0,C,N
O,001427,001427,2024-06-20,2024-06-20,1899-12-30,003,I,,IT0100,ITROPHIES (PTY) LTD,80 MAIN ROAD,FARRAMERE,BENONI,,,BIANCA P,1,1,,,BIANCA P,BIANCA P,15:16,O001427,,,,,,,,00,1.0,C,N
O,001428,001428,2024-06-20,2024-06-20,1899-12-30,001,C,,MM0200,ON 68 PRETORIA ROAD,T/A MOMENTUS MOMENTS,68 PRETORIA ROAD,RYNFIELD; BENONI,1501,,,3,1,,,ESTHER,ESTHER,15:45,O001428,OLD OWNER: JUDESM@TELKOMSA.NET,ACCOUNT CREATED 23/01/2017,OLD: 7 DOUGLAS AVE,"           FARRARMERE, BENONI",,,,00,1.0,C,N
O,001429,001429,2024-06-20,2024-06-20,1899-12-30,003,I,,TB0100,TROPHY BOUTIQUE,301 TREVOR GETHING; CNR OF,JACQUELINE & TREVOR GETHING,"GARSFONTEIN, PRETORIA",0042,,BIANCA P,5,1,,,BIANCA P,BIANCA P,15:52,O001429,,P.O. BOX 335,GARSFONTEIN WEST,0042,COENIE@TROPHYMB.CO.ZA,,,00,1.0,C,N
O,001430,001430,2024-06-20,2024-06-20,1899-12-30,003,C,,IT0100,ITROPHIES (PTY) LTD,80 MAIN ROAD,FARRAMERE,BENONI,,FEDISA,,2,1,,,BIANCA P,BIANCA P,15:53,O001430,,,,,,,,00,1.0,C,N
O,001431,001431,2024-06-20,2024-06-20,1899-12-30,003,I,,IT0100,ITROPHIES (PTY) LTD,80 MAIN ROAD,FARRAMERE,BENONI,,LIBERTY,BIANCA P,2,1,,,BIANCA P,BIANCA P,15:54,O001431,,,,,,,,00,1.0,C,N
I,001451,001424,1899-12-30,1899-12-30,2024-06-21,001,,,3DCC01,3D CRYSTAL CREATIONS,27 SAXENBURG CRESENT,OAKGLENN,BELLVILLE,7530,,,0,1,,,,,,I001424,,,,,,,,00,1.0,,
O,001432,001432,2024-06-21,2024-06-21,1899-12-30,003,I,,TT0700,TRUST TROPHIES,3 BUSHBUCK STR,"MCKENZIE PARK, BENONI",,1501,,BIANCA P,2,1,,,BIANCA P,BIANCA P,09:34,O001432,,JOHANN DE WAAL JNR,    CELL: 083 430 3385,    OFFICE: 0871 600 506,,,,00,1.0,C,N
O,001433,001433,2024-06-21,2024-06-21,1899-12-30,003,I,,AGU010,AWARDS & GIFTS UNLIMITED,(JABULANI NHLAMBA),"P.O.BOX AD 838 ADD,KGALE",KWC CUSTOMS: 1462245,,,BIANCA P,1,1,,,BIANCA P,BIANCA P,09:36,O001433,"PLOT104, UNIT5, COMMERCE PARK,GABORONE",BOTSWANA...OMEGA COURIERS,WRIGHT@OMEGACOURIERS.CO.ZA,011 781 1920 - WRIGHT,AWARDS @ GIFTS UNLIMITED,,,00,1.0,C,N
I,001452,001426,1899-12-30,1899-12-30,2024-06-21,001,,,SN0200,TROJAN GLASSWORKS CC,"NGWENYA GLASS VILLAGE,",C/O BEYERS NAUDE&R114 DIEPSLOT,MULDERSDRIFT;,1747,,,0,1,,,,,,I001426,,,,,,,,00,1.0,,
I,001453,001432,1899-12-30,1899-12-30,2024-06-21,003,,,TT0700,TRUST TROPHIES,3 BUSHBUCK STR,"MCKENZIE PARK, BENONI",,1501,,,0,1,,,,,,I001432,,,,,,,,00,1.0,,
I,001455,001433,1899-12-30,1899-12-30,2024-06-21,003,,,AGU010,AWARDS & GIFTS UNLIMITED,(JABULANI NHLAMBA),"P.O.BOX AD 838 ADD,KGALE",KWC CUSTOMS: 1462245,,,,0,1,,,,,,I001433,,,,,,,,00,1.0,,
O,001434,001434,2024-06-21,2024-06-21,1899-12-30,001,I,,VE0100,VANADA ENGRAVERS CC,125 OXFORD STREET,EAST LONDON,,5201,,ESTHER,3,1,,,ESTHER,ESTHER,12:17,O001434,,P O BOX 7053,EAST LONDON,5200,,,,00,1.0,C,N
O,001435,001435,2024-06-24,2024-06-24,1899-12-30,003,I,,SSL010,SILVER STAR LASER ENGRAVING (PTY) LTD,796 RIANA STREET,DORANDIA,PRETORIA NORTH,0188,,BIANCA P,1,1,,,BIANCA P,BIANCA P,08:57,O001435,,OLD:,550 WONDERBOOM STREET,PRETORIA NORTH; 0182,,,,00,1.0,C,N
I,001460,001435,1899-12-30,1899-12-30,2024-06-24,003,,,SSL010,SILVER STAR LASER ENGRAVING (PTY) LTD,796 RIANA STREET,DORANDIA,PRETORIA NORTH,0188,,,0,1,,,,,,I001435,,,,,,,,00,1.0,,
O,001436,001436,2024-06-24,2024-06-24,1899-12-30,001,I,,TP0200,TROPHIES AND PLAQUES (PTY) LTD,TRADING AS: TROPHYSTORE,"UNIT H1 ROETE 24, 50 HERMAN ST","MEADOWDALE, GERMISTON",1609,,ESTHER,4,1,,,ESTHER,ESTHER,10:06,O001436,,,,,ELOISE@TROPHYSTORE.CO.ZA,,,00,1.0,C,N
O,001437,001437,2024-06-24,2024-06-24,1899-12-30,003,I,,CTR010,CLASSIQUE TROPHIES & RESIN,39 GORST AVENUE,PRIMROSE HILL,GERMISTON,1401,,BIANCA P,3,1,000183,,BIANCA P,BIANCA P,11:00,O001437,,,,,SALES@CLASSIQUETROPHIES.CO.ZA,,,00,1.0,C,N
I,001461,001436,1899-12-30,1899-12-30,2024-06-24,001,,,TP0200,TROPHIES AND PLAQUES (PTY) LTD,TRADING AS: TROPHYSTORE,"UNIT H1 ROETE 24, 50 HERMAN ST","MEADOWDALE, GERMISTON",1609,,,0,1,,,,,,I001436,,,,,,,,00,1.0,,
O,001438,001438,2024-06-24,2024-06-24,1899-12-30,003,I,,TD0100,TROPHY DEN,64 NELSON MANDELA AVENUE,"ARCHIMEDIX CORNER, SUITE 001",BLOCK B; RANDHART,,,BIANCA P,1,1,,,BIANCA P,BIANCA P,13:12,O001438,,,,,,,,00,1.0,C,N
I,001462,001438,1899-12-30,1899-12-30,2024-06-24,003,,,TD0100,TROPHY DEN,64 NELSON MANDELA AVENUE,"ARCHIMEDIX CORNER, SUITE 001",BLOCK B; RANDHART,,,,0,1,,,,,,I001438,,,,,,,,00,1.0,,
O,001439,001439,2024-06-24,2024-06-24,1899-12-30,003,I,,TDG020,TAO DESIGNER GLASS,"P.O. BOX 5032, MEADOWDALE","30 GREEN STREET, WITFIELD",,1615,WPP GROUP,BIANCA P,1,1,,,BIANCA P,BIANCA P,13:27,O001439,,,,,,,,00,1.0,C,N
O,001440,001440,2024-06-24,2024-06-24,1899-12-30,003,C,,TDG020,TAO DESIGNER GLASS,"P.O. BOX 5032, MEADOWDALE","30 GREEN STREET, WITFIELD",,1615,JIK,,1,1,,,BIANCA P,BIANCA P,13:30,O001440,,,,,,,,00,1.0,C,N
O,001441,001441,2024-06-24,2024-06-24,1899-12-30,003,I,,TDG020,TAO DESIGNER GLASS,"P.O. BOX 5032, MEADOWDALE","30 GREEN STREET, WITFIELD",,1615,LENOVO,BIANCA P,1,1,,,BIANCA P,BIANCA P,13:31,O001441,,,,,,,,00,1.0,C,N
I,001463,001434,1899-12-30,1899-12-30,2024-06-24,001,,,VE0100,VANADA ENGRAVERS CC,125 OXFORD STREET,EAST LONDON,,5201,,,0,1,,,,,,I001434,,,,,,,,00,1.0,,
O,001442,001442,2024-06-24,2024-06-24,1899-12-30,003,I,,PA0400,PRESTIGE AWARDS (PTY) LTD,419 CORK AVE,"FERNDALE, RANDBURG",,,,BIANCA P,2,1,,,BIANCA P,BIANCA P,15:24,O001442,,P.O. BOX 444,FERNDALE 2160,LESLEY/JENNY,JENNY / FIONA,,,00,1.0,C,N
O,001443,001443,2024-06-25,2024-06-25,1899-12-30,003,I,,MC0900,MULTICO,"SHOP 4, EDENGATE CORNER","HORWOOD STREET,","CNR VAN RIEBEECK, EDENVALE",,,BIANCA P,1,1,,,BIANCA P,BIANCA P,09:18,O001443,,,,,MULTICO@TELKOMSA.NET,,,00,1.0,C,N
I,001465,001442,1899-12-30,1899-12-30,2024-06-25,003,,,PA0400,PRESTIGE AWARDS (PTY) LTD,419 CORK AVE,"FERNDALE, RANDBURG",,,,,0,1,,,,,,I001442,,,,,,,,00,1.0,,
O,001444,001444,2024-06-25,2024-06-25,1899-12-30,003,I,,ME0100,MONTANA ENGRAVERS,A102 MONTANA FAMILY MARKET,CNR SEFAKO MAKGATHO &,ENKELDOORN STREET,,,BIANCA P,2,1,,,BIANCA P,BIANCA P,09:56,O001444,,,,,,,,00,1.0,C,N
O,001445,001445,2024-06-25,2024-06-25,1899-12-30,003,I,,MS0200,MANLY SCREENPRINTERS,NABOOM STRAAT 9,GOLFPARK,MEYERTON,1960,,BIANCA P,1,1,,,BIANCA P,BIANCA P,10:01,O001445,"KRUGER ST, VANDERBIJLPARK",P.O. BOX 5338,VANDERBIJLPARK,1900,"OLD: ALPHA GEBOU, PRES",,,00,1.0,C,N
I,001466,001444,1899-12-30,1899-12-30,2024-06-25,003,,,ME0100,MONTANA ENGRAVERS,A102 MONTANA FAMILY MARKET,CNR SEFAKO MAKGATHO &,ENKELDOORN STREET,,,,0,1,,,,,,I001444,,,,,,,,00,1.0,,
I,001467,001429,1899-12-30,1899-12-30,2024-06-25,003,,,TB0100,TROPHY BOUTIQUE,301 TREVOR GETHING; CNR OF,JACQUELINE & TREVOR GETHING,"GARSFONTEIN, PRETORIA",0042,,,0,1,,,,,,I001429,,,,,,,,00,1.0,,
I,001468,001431,1899-12-30,1899-12-30,2024-06-25,003,,,IT0100,ITROPHIES (PTY) LTD,80 MAIN ROAD,FARRAMERE,BENONI,,LIBERTY,,0,1,,,,,,I001431,,,,,,,,00,1.0,,
I,001469,001427,1899-12-30,1899-12-30,2024-06-25,003,,,IT0100,ITROPHIES (PTY) LTD,80 MAIN ROAD,FARRAMERE,BENONI,,,,0,1,,,,,,I001427,,,,,,,,00,1.0,,
O,001446,001446,2024-06-25,2024-06-25,1899-12-30,001,I,,TG0100,TROPHY GALLERY,SAVANNA 2,MCDOUGAL STREET 37,KIMBERLEY,8301,,ESTHER,2,1,,,ESTHER,ESTHER,11:57,O001446,C,OLD: 12 DURBAN STREET,HILLCREST; KIMBERLEY,,TROPHYGALLERY@MWEB.CO.ZA,,,00,1.0,C,N
O,001447,001447,2024-06-25,2024-06-25,1899-12-30,001,I,,MSB010,MDLAYI SPORTS BRAND,20685 ORINOCO CRESCENT,PROTEA GLEN EXT 20 SOWETO,GAUTENG,1818,,ESTHER,2,1,,,ESTHER,ESTHER,12:15,O001447,,,,,TROPHIES.BADGES@GMAIL.COM,,,00,1.0,C,N
I,001470,001446,1899-12-30,1899-12-30,2024-06-25,001,,,TG0100,TROPHY GALLERY,SAVANNA 2,MCDOUGAL STREET 37,KIMBERLEY,8301,,,0,1,,,,,,I001446,,,,,,,,00,1.0,,
I,001471,001445,1899-12-30,1899-12-30,2024-06-25,003,,,MS0200,MANLY SCREENPRINTERS,NABOOM STRAAT 9,GOLFPARK,MEYERTON,1960,,,0,1,,,,,,I001445,,,,,,,,00,1.0,,
O,001448,001448,2024-06-25,2024-06-25,1899-12-30,003,C,,IT0100,ITROPHIES (PTY) LTD,80 MAIN ROAD,FARRAMERE,BENONI,,,,1,1,,,BIANCA P,BIANCA P,14:14,O001448,,,,,,,,00,1.0,C,N
I,001472,001447,1899-12-30,1899-12-30,2024-06-25,001,,,MSB010,MDLAYI SPORTS BRAND,20685 ORINOCO CRESCENT,PROTEA GLEN EXT 20 SOWETO,GAUTENG,1818,,,0,1,,,,,,I001447,,,,,,,,00,1.0,,
O,001449,001449,2024-06-25,2024-06-25,1899-12-30,001,I,,TC0700,TROPHY CENTRE,SHOP 010B; PARK BOULEVARD,SHOPPING CENTRE; 11 BROWN,DRIFT ROAD; UMGENI PARK; DURBA,,,ESTHER,3,1,,,ESTHER,ESTHER,15:08,O001449,"KOORNHOF & ESSEX RD, MEADOWDALE",P.O. BOX 60,UMGENI PARK,4098,THE MEADOW (KEMTRADE) CNR,,,00,1.0,C,N
O,001450,001450,2024-06-25,2024-06-25,1899-12-30,003,I,,TB0100,TROPHY BOUTIQUE,301 TREVOR GETHING; CNR OF,JACQUELINE & TREVOR GETHING,"GARSFONTEIN, PRETORIA",0042,,BIANCA P,3,1,,,BIANCA P,BIANCA P,15:53,O001450,,P.O. BOX 335,GARSFONTEIN WEST,0042,COENIE@TROPHYMB.CO.ZA,,,00,1.0,C,N
I,001475,001439,1899-12-30,1899-12-30,2024-06-26,003,,,TDG020,TAO DESIGNER GLASS,"P.O. BOX 5032, MEADOWDALE","30 GREEN STREET, WITFIELD",,1615,WPP GROUP,,0,1,,,,,,I001439,,,,,,,,00,1.0,,
I,001476,001443,1899-12-30,1899-12-30,2024-06-26,003,,,MC0900,MULTICO,"SHOP 4, EDENGATE CORNER","HORWOOD STREET,","CNR VAN RIEBEECK, EDENVALE",,,,0,1,,,,,,I001443,,,,,,,,00,1.0,,
O,001451,001451,2024-06-26,2024-06-26,1899-12-30,001,I,,TP0200,TROPHIES AND PLAQUES (PTY) LTD,TRADING AS: TROPHYSTORE,"UNIT H1 ROETE 24, 50 HERMAN ST","MEADOWDALE, GERMISTON",1609,,ESTHER,1,1,,,ESTHER,ESTHER,10:44,O001451,,,,,ELOISE@TROPHYSTORE.CO.ZA,,,00,1.0,C,N
I,001478,001449,1899-12-30,1899-12-30,2024-06-26,001,,,TC0700,TROPHY CENTRE,SHOP 010B; PARK BOULEVARD,SHOPPING CENTRE; 11 BROWN,DRIFT ROAD; UMGENI PARK; DURBA,,,,0,1,,,,,,I001449,,,,,,,,00,1.0,,
O,001452,001452,2024-06-26,2024-06-26,1899-12-30,001,I,,SUN010,SUNNYSIDE ENGRAVERS,466 WILLIAM STREET,BROOKLYN, PTA,,,ESTHER,2,1,,,ESTHER,ESTHER,11:37,O001452,,P.O. BOX 28366,SUNNYSIDE 0132,C/O HILDA & PRETORIUS STR,,,,00,1.0,C,N
I,001479,001451,1899-12-30,1899-12-30,2024-06-26,001,,,TP0200,TROPHIES AND PLAQUES (PTY) LTD,TRADING AS: TROPHYSTORE,"UNIT H1 ROETE 24, 50 HERMAN ST","MEADOWDALE, GERMISTON",1609,,,0,1,,,,,,I001451,,,,,,,,00,1.0,,
O,001453,001453,2024-06-26,2024-06-26,1899-12-30,003,I,,TDG020,TAO DESIGNER GLASS,"P.O. BOX 5032, MEADOWDALE","30 GREEN STREET, WITFIELD",,1615,,BIANCA P,1,1,,,BIANCA P,BIANCA P,13:28,O001453,,,,,,,,00,1.0,C,N
O,001454,001454,2024-06-26,2024-06-26,1899-12-30,003,I,,TDG020,TAO DESIGNER GLASS,"P.O. BOX 5032, MEADOWDALE","30 GREEN STREET, WITFIELD",,1615,NOMADS,BIANCA P,5,1,,,BIANCA P,BIANCA P,13:31,O001454,,,,,,,,00,1.0,C,N
I,001480,001452,1899-12-30,1899-12-30,2024-06-26,001,,,SUN010,SUNNYSIDE ENGRAVERS,466 WILLIAM STREET,BROOKLYN, PTA,,,,0,1,,,,,,I001452,,,,,,,,00,1.0,,
O,001455,001455,2024-06-27,2024-06-27,1899-12-30,001,I,,SN0200,TROJAN GLASSWORKS CC,"NGWENYA GLASS VILLAGE,",C/O BEYERS NAUDE&R114 DIEPSLOT,MULDERSDRIFT;,1747,,ESTHER,2,1,,,ESTHER,ESTHER,08:22,O001455,(MONIQUE),P.O.BOX 321,MULDERSDRIFT 1747,BUZZ: 082-785-7397,,,,00,1.0,C,N
O,001456,001456,2024-06-27,2024-06-27,1899-12-30,003,I,,SSL010,SILVER STAR LASER ENGRAVING (PTY) LTD,796 RIANA STREET,DORANDIA,PRETORIA NORTH,0188,,BIANCA P,1,1,,,BIANCA P,BIANCA P,08:32,O001456,,OLD:,550 WONDERBOOM STREET,PRETORIA NORTH; 0182,,,,00,1.0,C,N
I,001482,001456,1899-12-30,1899-12-30,2024-06-27,003,,,SSL010,SILVER STAR LASER ENGRAVING (PTY) LTD,796 RIANA STREET,DORANDIA,PRETORIA NORTH,0188,,,0,1,,,,,,I001456,,,,,,,,00,1.0,,
I,001483,001455,1899-12-30,1899-12-30,2024-06-27,001,,,SN0200,TROJAN GLASSWORKS CC,"NGWENYA GLASS VILLAGE,",C/O BEYERS NAUDE&R114 DIEPSLOT,MULDERSDRIFT;,1747,,,0,1,,,,,,I001455,,,,,,,,00,1.0,,
O,001457,001457,2024-06-27,2024-06-27,1899-12-30,003,I,,E04000,ENGRAVERS,SHOP 40 PROTEA CENTRE,HIGH STREET,BRIXTON,,,BIANCA P,1,1,,,BIANCA P,BIANCA P,14:08,O001457,,,,,,,,00,1.0,C,N
O,001458,001458,2024-06-28,2024-06-28,1899-12-30,001,I,,SN0200,TROJAN GLASSWORKS CC,"NGWENYA GLASS VILLAGE,",C/O BEYERS NAUDE&R114 DIEPSLOT,MULDERSDRIFT;,1747,,ESTHER,1,1,,,ESTHER,ESTHER,08:46,O001458,(MONIQUE),P.O.BOX 321,MULDERSDRIFT 1747,BUZZ: 082-785-7397,,,,00,1.0,C,N
O,001459,001459,2024-06-28,2024-06-28,1899-12-30,001,I,,TC0700,TROPHY CENTRE,SHOP 010B; PARK BOULEVARD,SHOPPING CENTRE; 11 BROWN,DRIFT ROAD; UMGENI PARK; DURBA,,,ESTHER,4,1,,,ESTHER,ESTHER,09:26,O001459,"KOORNHOF & ESSEX RD, MEADOWDALE",P.O. BOX 60,UMGENI PARK,4098,THE MEADOW (KEMTRADE) CNR,,,00,1.0,C,N
I,001484,001437,1899-12-30,1899-12-30,2024-06-28,003,,,CTR010,CLASSIQUE TROPHIES & RESIN,39 GORST AVENUE,PRIMROSE HILL,GERMISTON,1401,,,0,1,,,,,,I001437,,,,,,,,00,1.0,,
I,001485,001458,1899-12-30,1899-12-30,2024-06-28,001,,,SN0200,TROJAN GLASSWORKS CC,"NGWENYA GLASS VILLAGE,",C/O BEYERS NAUDE&R114 DIEPSLOT,MULDERSDRIFT;,1747,,,0,1,,,,,,I001458,,,,,,,,00,1.0,,
O,001460,001460,2024-06-28,2024-06-28,1899-12-30,003,I,,PA0400,PRESTIGE AWARDS (PTY) LTD,419 CORK AVE,"FERNDALE, RANDBURG",,,,BIANCA P,2,1,,,BIANCA P,BIANCA P,13:31,O001460,,P.O. BOX 444,FERNDALE 2160,LESLEY/JENNY,JENNY / FIONA,,,00,1.0,C,N
O,001461,001461,2024-06-28,2024-06-28,1899-12-30,003,I,,TT0700,TRUST TROPHIES,3 BUSHBUCK STR,"MCKENZIE PARK, BENONI",,1501,,BIANCA P,1,1,,,BIANCA P,BIANCA P,13:31,O001461,,JOHANN DE WAAL JNR,    CELL: 083 430 3385,    OFFICE: 0871 600 506,,,,00,1.0,C,N
O,001462,001462,2024-07-01,2024-07-01,1899-12-30,001,I,,TSS020,TROPHY SUPA SUPPLY T/A TROPHYCITY MEGA S,ALLANDALE INDUSTRIAL PARK,"UNIT G85,CNR LE ROUX& MORKELS",MIDRAND,,,ESTHER,3,1,,,ESTHER,ESTHER,08:22,O001462,,P.O. BOX 75724,GARDENVIEW,2047,CHRISTINE (ACCOUNTS),,,00,1.0,C,N
I,001486,001461,1899-12-30,1899-12-30,2024-07-01,003,,,TT0700,TRUST TROPHIES,3 BUSHBUCK STR,"MCKENZIE PARK, BENONI",,1501,,,0,1,,,,,,I001461,,,,,,,,00,1.0,,
I,001487,001462,1899-12-30,1899-12-30,2024-07-01,001,,,TSS020,TROPHY SUPA SUPPLY T/A TROPHYCITY MEGA S,ALLANDALE INDUSTRIAL PARK,"UNIT G85,CNR LE ROUX& MORKELS",MIDRAND,,,,0,1,,,,,,I001462,,,,,,,,00,1.0,,
O,001463,001463,2024-07-01,2024-07-01,1899-12-30,001,I,,TJ0100,TROPHY JUNCTION,175 KENT AVENUE,"FERNDALE RIDGE, RANDBURG",,,P/O 1913,ESTHER,1,1,,,ESTHER,ESTHER,09:32,O001463,,P.O. BOX 1382,PIINEGOWRIE,2123,STATION@TROPHYJUNCTION.CO.ZA,,,00,1.0,C,N
I,001488,001463,1899-12-30,1899-12-30,2024-07-01,001,,,TJ0100,TROPHY JUNCTION,175 KENT AVENUE,"FERNDALE RIDGE, RANDBURG",,,P/O 1913,,0,1,,,,,,I001463,,,,,,,,00,1.0,,
I,001489,001459,1899-12-30,1899-12-30,2024-07-01,001,,,TC0700,TROPHY CENTRE,SHOP 010B; PARK BOULEVARD,SHOPPING CENTRE; 11 BROWN,DRIFT ROAD; UMGENI PARK; DURBA,,,,0,1,,,,,,I001459,,,,,,,,00,1.0,,
O,001464,001464,2024-07-01,2024-07-01,1899-12-30,001,I,,CWMT01,COUNTRY WIDE MEDALS & TROPHIES,66 WEPENER STREET,BOOYSENS,,2091,,ESTHER,1,1,,,ESTHER,ESTHER,12:45,O001464,CWDAVID.FELDMAN@GMAIL.COM,P.O BOX 82433,SOUTHDALE,2135,CWRECEPTION@MWEB.CO.ZA,,,00,1.0,C,N
O,001465,001465,2024-07-01,2024-07-01,1899-12-30,003,C,,AGU010,AWARDS & GIFTS UNLIMITED,(JABULANI NHLAMBA),"P.O.BOX AD 838 ADD,KGALE",KWC CUSTOMS: 1462245,,,,1,1,,,BIANCA P,BIANCA P,12:53,O001465,"PLOT104, UNIT5, COMMERCE PARK,GABORONE",BOTSWANA...OMEGA COURIERS,WRIGHT@OMEGACOURIERS.CO.ZA,011 781 1920 - WRIGHT,AWARDS @ GIFTS UNLIMITED,,,00,1.0,C,N
O,001466,001466,2024-07-01,2024-07-01,1899-12-30,003,I,,TDG020,TAO DESIGNER GLASS,"P.O. BOX 5032, MEADOWDALE","30 GREEN STREET, WITFIELD",,1615,WP ANGLING,BIANCA P,2,1,,,BIANCA P,BIANCA P,13:31,O001466,,,,,,,,00,1.0,C,N
O,001467,001467,2024-07-01,2024-07-01,1899-12-30,003,C,,TDG020,TAO DESIGNER GLASS,"P.O. BOX 5032, MEADOWDALE","30 GREEN STREET, WITFIELD",,1615,MOZAL,,1,1,,,BIANCA P,BIANCA P,13:32,O001467,,,,,,,,00,1.0,C,N
O,001468,001468,2024-07-01,2024-07-01,1899-12-30,001,I,,PRJ010,PIET RETIEF JEWELLERS,31C KERK STREET,PIET RETIEF,,,,ESTHER,2,1,,,ESTHER,ESTHER,15:35,O001468,,,,,,,,00,1.0,C,N
I,001490,001468,1899-12-30,1899-12-30,2024-07-01,001,,,PRJ010,PIET RETIEF JEWELLERS,31C KERK STREET,PIET RETIEF,,,,,0,1,,,,,,I001468,,,,,,,,00,1.0,,
O,001469,001469,2024-07-02,2024-07-02,1899-12-30,003,I,,HD0100,HELIUM DESIGN CC,39 EDENDALE ROAD,"EDENGLEN, EDENVALE",,1609,,BIANCA P,1,1,,,BIANCA P,BIANCA P,09:54,O001469,,076 423 4210 KEITH,082 080 9473 GRANT,082 411 2878 ANDREA,,,,00,1.0,C,N
I,001491,001464,1899-12-30,1899-12-30,2024-07-02,001,,,CWMT01,COUNTRY WIDE MEDALS & TROPHIES,66 WEPENER STREET,BOOYSENS,,2091,,,0,1,,,,,,I001464,,,,,,,,00,1.0,,
I,001492,001450,1899-12-30,1899-12-30,2024-07-02,003,,,TB0100,TROPHY BOUTIQUE,301 TREVOR GETHING; CNR OF,JACQUELINE & TREVOR GETHING,"GARSFONTEIN, PRETORIA",0042,,,0,1,,,,,,I001450,,,,,,,,00,1.0,,
I,001494,001469,1899-12-30,1899-12-30,2024-07-02,003,,,HD0100,HELIUM DESIGN CC,39 EDENDALE ROAD,"EDENGLEN, EDENVALE",,1609,,,0,1,,,,,,I001469,,,,,,,,00,1.0,,
O,001470,001470,2024-07-02,2024-07-02,1899-12-30,003,I,,CTR010,CLASSIQUE TROPHIES & RESIN,39 GORST AVENUE,PRIMROSE HILL,GERMISTON,1401,,BIANCA P,1,1,,,BIANCA P,BIANCA P,14:22,O001470,,,,,SALES@CLASSIQUETROPHIES.CO.ZA,,,00,1.0,C,N
O,001471,001471,2024-07-02,2024-07-02,1899-12-30,003,C,,TDG020,TAO DESIGNER GLASS,"P.O. BOX 5032, MEADOWDALE","30 GREEN STREET, WITFIELD",,1615,RHODES,,3,1,,,BIANCA P,BIANCA P,14:50,O001471,,,,,,,,00,1.0,C,N
I,001495,001460,1899-12-30,1899-12-30,2024-07-02,003,,,PA0400,PRESTIGE AWARDS (PTY) LTD,419 CORK AVE,"FERNDALE, RANDBURG",,,,,0,1,,,,,,I001460,,,,,,,,00,1.0,,
I,001496,001466,1899-12-30,1899-12-30,2024-07-03,003,,,TDG020,TAO DESIGNER GLASS,"P.O. BOX 5032, MEADOWDALE","30 GREEN STREET, WITFIELD",,1615,WP ANGLING,,0,1,,,,,,I001466,,,,,,,,00,1.0,,
I,001497,001470,1899-12-30,1899-12-30,2024-07-03,003,,,CTR010,CLASSIQUE TROPHIES & RESIN,39 GORST AVENUE,PRIMROSE HILL,GERMISTON,1401,,,0,1,,,,,,I001470,,,,,,,,00,1.0,,
O,001472,001472,2024-07-03,2024-07-03,1899-12-30,003,I,,TA0100,ANTEL TRADING (PTY) LTD,T/A: TROPHY AFRICA,SHOP 3; HEATHWAY CENTRE,BLACKHEATH,,,BIANCA P,1,1,,,BIANCA P,BIANCA P,08:42,O001472,BRUCE: 0823308029,,"PO BOX 2134, NORTHCLIFF, 2115",OLD OWNERS: ELSABE,MAIL@TROPHYAFRICA.CO.ZA,,,00,1.0,C,N
O,001473,001473,2024-07-03,2024-07-03,1899-12-30,003,I,,HD0100,HELIUM DESIGN CC,39 EDENDALE ROAD,"EDENGLEN, EDENVALE",,1609,,BIANCA P,2,1,,,BIANCA P,BIANCA P,09:47,O001473,,076 423 4210 KEITH,082 080 9473 GRANT,082 411 2878 ANDREA,,,,00,1.0,C,N
O,001474,001474,2024-07-03,2024-07-03,1899-12-30,003,I,,TE0300,TOCKNELL ENGRAVERS,SHOP 9 PRELLER WALK,GEN HERTZOG AVE; DAN PIENAAR,BLOEMFONTEIN,9324,,BIANCA P,1,1,,,BIANCA P,BIANCA P,11:10,O001474,,"OLD: SHOP 37, BRANDWAG CENTRE",BLOEMFONTEIN,POB 12828;BRANDHOF;9324,,,,00,1.0,C,N
O,001475,001475,2024-07-03,2024-07-03,1899-12-30,001,I,,CGA000,COMERCIO GERAL ACHIEES/ GIFT & CORPORATE,"MAPUTO SHOPPNG CNT, SHOP G11",MAPUTO,MOZAMBIQUE,,,ESTHER,1,1,,,ESTHER,ESTHER,11:54,O001475,,TIME FREIGHT ADRESS,"SHOP 4, BACELIA CENTRE","RISSIK RD, KOMATIPOORT",,,,00,1.0,C,N
I,001500,001475,1899-12-30,1899-12-30,2024-07-03,001,,,CGA000,COMERCIO GERAL ACHIEES/ GIFT & CORPORATE,"MAPUTO SHOPPNG CNT, SHOP G11",MAPUTO,MOZAMBIQUE,,,,0,1,,,,,,I001475,,,,,,,,00,1.0,,
O,001476,001476,2024-07-03,2024-07-03,1899-12-30,003,I,,TB0100,TROPHY BOUTIQUE,301 TREVOR GETHING; CNR OF,JACQUELINE & TREVOR GETHING,"GARSFONTEIN, PRETORIA",0042,,BIANCA P,4,1,,,BIANCA P,BIANCA P,13:06,O001476,,P.O. BOX 335,GARSFONTEIN WEST,0042,COENIE@TROPHYMB.CO.ZA,,,00,1.0,C,N
O,001477,001477,2024-07-03,2024-07-03,1899-12-30,003,C,,DST010,D&S TROPHIES,13 TAGORE STREET,AZAADVILLE,KRUGERSDORP,,,,1,1,,,BIANCA P,BIANCA P,13:06,O001477,,,,,,,,00,1.0,C,N
O,001478,001478,2024-07-04,2024-07-04,1899-12-30,003,I,,PA0400,PRESTIGE AWARDS (PTY) LTD,419 CORK AVE,"FERNDALE, RANDBURG",,,,BIANCA P,1,1,,,BIANCA P,BIANCA P,07:51,O001478,,P.O. BOX 444,FERNDALE 2160,LESLEY/JENNY,JENNY / FIONA,,,00,1.0,C,N
I,001501,001474,1899-12-30,1899-12-30,2024-07-04,003,,,TE0300,TOCKNELL ENGRAVERS,SHOP 9 PRELLER WALK,GEN HERTZOG AVE; DAN PIENAAR,BLOEMFONTEIN,9324,,,0,1,,,,,,I001474,,,,,,,,00,1.0,,
O,001479,001479,2024-07-04,2024-07-04,1899-12-30,003,C,,IT0100,ITROPHIES (PTY) LTD,80 MAIN ROAD,FARRAMERE,BENONI,,FEDISA,,1,1,,,BIANCA P,BIANCA P,09:11,O001479,,,,,,,,00,1.0,C,N
I,001502,001457,1899-12-30,1899-12-30,2024-07-04,003,,,E04000,ENGRAVERS,SHOP 40 PROTEA CENTRE,HIGH STREET,BRIXTON,,,,0,1,,,,,,I001457,,,,,,,,00,1.0,,
O,001480,001480,2024-07-04,2024-07-04,1899-12-30,003,I,,TDG020,TAO DESIGNER GLASS,"P.O. BOX 5032, MEADOWDALE","30 GREEN STREET, WITFIELD",,1615,SAMPLES,BIANCA P,2,1,,,BIANCA P,BIANCA P,10:48,O001480,,,,,,,,00,1.0,C,N
O,001481,001481,2024-07-04,2024-07-04,1899-12-30,003,C,,TDG020,TAO DESIGNER GLASS,"P.O. BOX 5032, MEADOWDALE","30 GREEN STREET, WITFIELD",,1615,,,1,1,,,BIANCA P,BIANCA P,10:49,O001481,,,,,,,,00,1.0,C,N
O,001482,001482,2024-07-04,2024-07-04,1899-12-30,003,I,,TDG020,TAO DESIGNER GLASS,"P.O. BOX 5032, MEADOWDALE","30 GREEN STREET, WITFIELD",,1615,CECIL NURSE,BIANCA P,1,1,,,BIANCA P,BIANCA P,10:51,O001482,,,,,,,,00,1.0,C,N
O,001483,001483,2024-07-04,2024-07-04,1899-12-30,001,I,,MSB010,MDLAYI SPORTS BRAND,20685 ORINOCO CRESCENT,PROTEA GLEN EXT 20 SOWETO,GAUTENG,1818,,ESTHER,1,1,,,ESTHER,ESTHER,12:03,O001483,,,,,TROPHIES.BADGES@GMAIL.COM,,,00,1.0,C,N
I,001503,001483,1899-12-30,1899-12-30,2024-07-04,001,,,MSB010,MDLAYI SPORTS BRAND,20685 ORINOCO CRESCENT,PROTEA GLEN EXT 20 SOWETO,GAUTENG,1818,,,0,1,,,,,,I001483,,,,,,,,00,1.0,,
I,001504,001478,1899-12-30,1899-12-30,2024-07-04,003,,,PA0400,PRESTIGE AWARDS (PTY) LTD,419 CORK AVE,"FERNDALE, RANDBURG",,,,,0,1,,,,,,I001478,,,,,,,,00,1.0,,
O,001484,001484,2024-07-04,2024-07-04,1899-12-30,003,I,,CIG010,CAST IN GLASS,7 SERCAL CRESCENT,"GOEDEMOED, DURBANVILLE",,7550,REMAX,BIANCA P,4,1,,,BIANCA P,BIANCA P,16:20,O001484,,BOX 1743,DURBANVILLE,7551,,,,00,1.0,C,N
I,001505,001480,1899-12-30,1899-12-30,2024-07-05,003,,,TDG020,TAO DESIGNER GLASS,"P.O. BOX 5032, MEADOWDALE","30 GREEN STREET, WITFIELD",,1615,SAMPLES,,0,1,,,,,,I001480,,,,,,,,00,1.0,,
I,001506,001482,1899-12-30,1899-12-30,2024-07-05,003,,,TDG020,TAO DESIGNER GLASS,"P.O. BOX 5032, MEADOWDALE","30 GREEN STREET, WITFIELD",,1615,CECIL NURSE,,0,1,,,,,,I001482,,,,,,,,00,1.0,,
O,001485,001485,2024-07-05,2024-07-05,1899-12-30,001,I,,FP0200,FIRST PRIZE TROPHIES,3785 JAN FREDERICK AVE,RANDPARK RIDGE,,,,ESTHER,2,1,,,ESTHER,ESTHER,08:54,O001485,INFO/SALES@FIRSTPRIZE.CO.ZA,P O BOX 2435,HONEYDEW,2040,NOELEN@FIRSTPRIZE.CO.ZA,,,00,1.0,C,N
O,001486,001486,2024-07-05,2024-07-05,1899-12-30,003,I,,PA0400,PRESTIGE AWARDS (PTY) LTD,419 CORK AVE,"FERNDALE, RANDBURG",,,,BIANCA P,1,1,,,BIANCA P,BIANCA P,09:20,O001486,,P.O. BOX 444,FERNDALE 2160,LESLEY/JENNY,JENNY / FIONA,,,00,1.0,C,N
O,001487,001487,2024-07-05,2024-07-05,1899-12-30,003,I,,CTR010,CLASSIQUE TROPHIES & RESIN,39 GORST AVENUE,PRIMROSE HILL,GERMISTON,1401,,BIANCA P,1,1,000188,,BIANCA P,BIANCA P,09:20,O001487,,,,,SALES@CLASSIQUETROPHIES.CO.ZA,,,00,1.0,C,N
I,001508,001485,1899-12-30,1899-12-30,2024-07-05,001,,,FP0200,FIRST PRIZE TROPHIES,3785 JAN FREDERICK AVE,RANDPARK RIDGE,,,,,0,1,,,,,,I001485,,,,,,,,00,1.0,,
I,001509,001476,1899-12-30,1899-12-30,2024-07-05,003,,,TB0100,TROPHY BOUTIQUE,301 TREVOR GETHING; CNR OF,JACQUELINE & TREVOR GETHING,"GARSFONTEIN, PRETORIA",0042,,,0,1,,,,,,I001476,,,,,,,,00,1.0,,
O,001488,001488,2024-07-05,2024-07-05,1899-12-30,001,I,,JAM010,JAMNADAS C&C,82 KERK STREET,POLOKWANE,,0759,,ESTHER,5,1,,,ESTHER,ESTHER,10:54,O001488,,P.O. BOX 31155,SUPERBJA,0759,,,,00,1.0,C,N
I,001510,001486,1899-12-30,1899-12-30,2024-07-05,003,,,PA0400,PRESTIGE AWARDS (PTY) LTD,419 CORK AVE,"FERNDALE, RANDBURG",,,,,0,1,,,,,,I001486,,,,,,,,00,1.0,,
O,001489,001489,2024-07-05,2024-07-05,1899-12-30,001,I,,3DCS01,3D CRYSTAL STUDIOS,11 ROOS BOLTON CRESCENT,KNYSNA HEIGHTS,"KNYSNA, WESTERN CAPE",6571,,ESTHER,4,1,,,ESTHER,ESTHER,11:55,O001489,,"55 VISTA RD, WATERFALL",3610,,NIELDRICHARD@GMAIL.COM,,,00,1.0,C,N
I,001511,001487,1899-12-30,1899-12-30,2024-07-05,003,,,CTR010,CLASSIQUE TROPHIES & RESIN,39 GORST AVENUE,PRIMROSE HILL,GERMISTON,1401,,,0,1,,,,,,I001487,,,,,,,,00,1.0,,
I,001512,001488,1899-12-30,1899-12-30,2024-07-05,001,,,JAM010,JAMNADAS C&C,82 KERK STREET,POLOKWANE,,0759,,,0,1,,,,,,I001488,,,,,,,,00,1.0,,
O,001490,001490,2024-07-05,2024-07-05,1899-12-30,003,I,,CBT010,CLEAR BRANDS TRADING,UNIT 66 MONTERREY,TROUPANT AVE MAGALIESSIG EXT33,SANDTON,2191,,BIANCA P,2,1,,,BIANCA P,BIANCA P,12:32,O001490,,P O BOX 55021,NORTHLANDS,2116,,,,00,1.0,C,N
O,001491,001491,2024-07-05,2024-07-05,1899-12-30,001,I,,T4U010,RUBBER STAMP COMPANY(PTY)LTD,"SHOP 1, CHAMBERLAINS",44 CHAMBERLAIN RD,"BEREA, EAST LONDON",5241,,ESTHER,1,1,,,ESTHER,ESTHER,13:22,O001491,,P O BOX 19363,TECOMA,5214,,,,00,1.0,C,N
I,001513,001491,1899-12-30,1899-12-30,2024-07-05,001,,,T4U010,RUBBER STAMP COMPANY(PTY)LTD,"SHOP 1, CHAMBERLAINS",44 CHAMBERLAIN RD,"BEREA, EAST LONDON",5241,,,0,1,,,,,,I001491,,,,,,,,00,1.0,,
O,001492,001492,2024-07-08,2024-07-08,1899-12-30,003,I,,TB0100,TROPHY BOUTIQUE,301 TREVOR GETHING; CNR OF,JACQUELINE & TREVOR GETHING,"GARSFONTEIN, PRETORIA",0042,,BIANCA P,2,1,,,BIANCA P,BIANCA P,07:57,O001492,,P.O. BOX 335,GARSFONTEIN WEST,0042,COENIE@TROPHYMB.CO.ZA,,,00,1.0,C,N
O,001493,001493,2024-07-08,2024-07-08,1899-12-30,003,I,,IT0100,ITROPHIES (PTY) LTD,80 MAIN ROAD,FARRAMERE,BENONI,,MOWORLD,BIANCA P,1,1,,,BIANCA P,BIANCA P,08:12,O001493,,,,,,,,00,1.0,C,N
O,001494,001494,2024-07-08,2024-07-08,1899-12-30,003,C,,IT0100,ITROPHIES (PTY) LTD,80 MAIN ROAD,FARRAMERE,BENONI,,SAHETI,,1,1,,,BIANCA P,BIANCA P,08:13,O001494,,,,,,,,00,1.0,C,N
O,001495,001495,2024-07-08,2024-07-08,1899-12-30,001,C,,SPW010,SPORTWIZE (PTY) LTD,1033 ROAD,3 ALLENS NEK,ROODEPOORT,,,ESTHER,1,1,,,ESTHER,ESTHER,08:55,O001495,,,,,,,,00,1.0,C,N
O,001496,001496,2024-07-08,2024-07-08,1899-12-30,003,I,,TDG020,TAO DESIGNER GLASS,"P.O. BOX 5032, MEADOWDALE","30 GREEN STREET, WITFIELD",,1615,ALM,BIANCA P,1,1,,,BIANCA P,BIANCA P,10:26,O001496,,,,,,,,00,1.0,C,N
I,001515,001472,1899-12-30,1899-12-30,2024-07-08,003,,,TA0100,ANTEL TRADING (PTY) LTD,T/A: TROPHY AFRICA,SHOP 3; HEATHWAY CENTRE,BLACKHEATH,,,,0,1,,,,,,I001472,,,,,,,,00,1.0,,
I,001516,001490,1899-12-30,1899-12-30,2024-07-08,003,,,CBT010,CLEAR BRANDS TRADING,UNIT 66 MONTERREY,TROUPANT AVE MAGALIESSIG EXT33,SANDTON,2191,,,0,1,,,,,,I001490,,,,,,,,00,1.0,,
O,001497,001497,2024-07-08,2024-07-08,1899-12-30,001,I,,TC0700,TROPHY CENTRE,SHOP 010B; PARK BOULEVARD,SHOPPING CENTRE; 11 BROWN,DRIFT ROAD; UMGENI PARK; DURBA,,,ESTHER,2,1,,,ESTHER,ESTHER,14:08,O001497,"KOORNHOF & ESSEX RD, MEADOWDALE",P.O. BOX 60,UMGENI PARK,4098,THE MEADOW (KEMTRADE) CNR,,,00,1.0,C,N
I,001518,001492,1899-12-30,1899-12-30,2024-07-08,003,,,TB0100,TROPHY BOUTIQUE,301 TREVOR GETHING; CNR OF,JACQUELINE & TREVOR GETHING,"GARSFONTEIN, PRETORIA",0042,,,0,1,,,,,,I001492,,,,,,,,00,1.0,,
I,001519,001497,1899-12-30,1899-12-30,2024-07-08,001,,,TC0700,TROPHY CENTRE,SHOP 010B; PARK BOULEVARD,SHOPPING CENTRE; 11 BROWN,DRIFT ROAD; UMGENI PARK; DURBA,,,,0,1,,,,,,I001497,,,,,,,,00,1.0,,
O,001498,001498,2024-07-09,2024-07-09,1899-12-30,001,I,,SN0200,TROJAN GLASSWORKS CC,"NGWENYA GLASS VILLAGE,",C/O BEYERS NAUDE&R114 DIEPSLOT,MULDERSDRIFT;,1747,,ESTHER,2,1,,,ESTHER,ESTHER,08:22,O001498,(MONIQUE),P.O.BOX 321,MULDERSDRIFT 1747,BUZZ: 082-785-7397,,,,00,1.0,C,N
I,001520,001489,1899-12-30,1899-12-30,2024-07-09,001,,,3DCS01,3D CRYSTAL STUDIOS,11 ROOS BOLTON CRESCENT,KNYSNA HEIGHTS,"KNYSNA, WESTERN CAPE",6571,,,0,1,,,,,,I001489,,,,,,,,00,1.0,,
I,001525,001493,1899-12-30,1899-12-30,2024-07-09,003,,,IT0100,ITROPHIES (PTY) LTD,80 MAIN ROAD,FARRAMERE,BENONI,,MOWORLD,,0,1,,,,,,I001493,,,,,,,,00,1.0,,
O,001499,001499,2024-07-10,2024-07-10,1899-12-30,001,I,,CWMT01,COUNTRY WIDE MEDALS & TROPHIES,66 WEPENER STREET,BOOYSENS,,2091,,ESTHER,1,1,,,ESTHER,ESTHER,09:36,O001499,CWDAVID.FELDMAN@GMAIL.COM,P.O BOX 82433,SOUTHDALE,2135,CWRECEPTION@MWEB.CO.ZA,,,00,1.0,C,N
I,001526,001498,1899-12-30,1899-12-30,2024-07-10,001,,,SN0200,TROJAN GLASSWORKS CC,"NGWENYA GLASS VILLAGE,",C/O BEYERS NAUDE&R114 DIEPSLOT,MULDERSDRIFT;,1747,,,0,1,,,,,,I001498,,,,,,,,00,1.0,,
I,001527,001499,1899-12-30,1899-12-30,2024-07-10,001,,,CWMT01,COUNTRY WIDE MEDALS & TROPHIES,66 WEPENER STREET,BOOYSENS,,2091,,,0,1,,,,,,I001499,,,,,,,,00,1.0,,
O,001500,001500,2024-07-10,2024-07-10,1899-12-30,003,I,,TA0100,ANTEL TRADING (PTY) LTD,T/A: TROPHY AFRICA,SHOP 3; HEATHWAY CENTRE,BLACKHEATH,,,BIANCA P,2,1,,,BIANCA P,BIANCA P,10:08,O001500,BRUCE: 0823308029,,"PO BOX 2134, NORTHCLIFF, 2115",OLD OWNERS: ELSABE,MAIL@TROPHYAFRICA.CO.ZA,,,00,1.0,C,N
O,001501,001501,2024-07-10,2024-07-10,1899-12-30,001,I,,SN0200,TROJAN GLASSWORKS CC,"NGWENYA GLASS VILLAGE,",C/O BEYERS NAUDE&R114 DIEPSLOT,MULDERSDRIFT;,1747,,ESTHER,1,1,,,ESTHER,ESTHER,10:18,O001501,(MONIQUE),P.O.BOX 321,MULDERSDRIFT 1747,BUZZ: 082-785-7397,,,,00,1.0,C,N
I,001528,001501,1899-12-30,1899-12-30,2024-07-10,001,,,SN0200,TROJAN GLASSWORKS CC,"NGWENYA GLASS VILLAGE,",C/O BEYERS NAUDE&R114 DIEPSLOT,MULDERSDRIFT;,1747,,,0,1,,,,,,I001501,,,,,,,,00,1.0,,
O,001502,001502,2024-07-10,2024-07-10,1899-12-30,001,I,,CP0100,CLASSIQUE PROMOTIONS,452 KERSTREL CRESCENT,RABIE RIDGE,MIDRAND,,,ESTHER,2,1,,,ESTHER,ESTHER,11:04,O001502,,,,,,,,00,1.0,C,N
I,001530,001502,1899-12-30,1899-12-30,2024-07-10,001,,,CP0100,CLASSIQUE PROMOTIONS,452 KERSTREL CRESCENT,RABIE RIDGE,MIDRAND,,,,0,1,,,,,,I001502,,,,,,,,00,1.0,,
O,001503,001503,2024-07-10,2024-07-10,1899-12-30,003,I,,TB0100,TROPHY BOUTIQUE,301 TREVOR GETHING; CNR OF,JACQUELINE & TREVOR GETHING,"GARSFONTEIN, PRETORIA",0042,,BIANCA P,1,1,,,BIANCA P,BIANCA P,11:50,O001503,,P.O. BOX 335,GARSFONTEIN WEST,0042,COENIE@TROPHYMB.CO.ZA,,,00,1.0,C,N
O,001504,001504,2024-07-10,2024-07-10,1899-12-30,001,I,,UBMM01,UNIVERSAL BADGE,NO 59; 9TH AVENUE,NORTH MEAD,BENONI,,,ESTHER,1,1,,,ESTHER,ESTHER,12:18,O001504,,"OLD"" 37 GOLDEN DRIVE",UNITE 1 GOLDENDUSTRIA,MOREHILL EXT 8. BENONI,,,,00,1.0,C,N
I,001532,001504,1899-12-30,1899-12-30,2024-07-10,001,,,UBMM01,UNIVERSAL BADGE,NO 59; 9TH AVENUE,NORTH MEAD,BENONI,,,,0,1,,,,,,I001504,,,,,,,,00,1.0,,
I,001533,001503,1899-12-30,1899-12-30,2024-07-10,003,,,TB0100,TROPHY BOUTIQUE,301 TREVOR GETHING; CNR OF,JACQUELINE & TREVOR GETHING,"GARSFONTEIN, PRETORIA",0042,,,0,1,,,,,,I001503,,,,,,,,00,1.0,,
I,001535,001441,1899-12-30,1899-12-30,2024-07-11,003,,,TDG020,TAO DESIGNER GLASS,"P.O. BOX 5032, MEADOWDALE","30 GREEN STREET, WITFIELD",,1615,LENOVO,,0,1,,,,,,I001441,,,,,,,,00,1.0,,
O,001505,001505,2024-07-11,2024-07-11,1899-12-30,003,C,,FM0200,HYPENOTIK DESIGNS,293 PEERBOOM STR,DOORNPOORT,PRETORIA,0017,,BIANCA P,1,1,,,BIANCA P,BIANCA P,07:48,O001505,,P.O. BOX 13896,SINOVILLE,PRETORIA/0129,,,,00,1.0,C,N
O,001506,001506,2024-07-11,2024-07-11,1899-12-30,001,I,,TP0200,TROPHIES AND PLAQUES (PTY) LTD,TRADING AS: TROPHYSTORE,"UNIT H1 ROETE 24, 50 HERMAN ST","MEADOWDALE, GERMISTON",1609,,ESTHER,1,1,,,ESTHER,ESTHER,09:46,O001506,,,,,ELOISE@TROPHYSTORE.CO.ZA,,,00,1.0,C,N
I,001537,001506,1899-12-30,1899-12-30,2024-07-11,001,,,TP0200,TROPHIES AND PLAQUES (PTY) LTD,TRADING AS: TROPHYSTORE,"UNIT H1 ROETE 24, 50 HERMAN ST","MEADOWDALE, GERMISTON",1609,,,0,1,,,,,,I001506,,,,,,,,00,1.0,,
I,001538,001473,1899-12-30,1899-12-30,2024-07-11,003,,,HD0100,HELIUM DESIGN CC,39 EDENDALE ROAD,"EDENGLEN, EDENVALE",,1609,,,0,1,,,,,,I001473,,,,,,,,00,1.0,,
O,001507,001507,2024-07-11,2024-07-11,1899-12-30,003,I,,TB0100,TROPHY BOUTIQUE,301 TREVOR GETHING; CNR OF,JACQUELINE & TREVOR GETHING,"GARSFONTEIN, PRETORIA",0042,,BIANCA P,3,1,,,BIANCA P,BIANCA P,15:33,O001507,,P.O. BOX 335,GARSFONTEIN WEST,0042,COENIE@TROPHYMB.CO.ZA,,,00,1.0,C,N
O,001508,001508,2024-07-11,2024-07-11,1899-12-30,003,I,,TT0700,TRUST TROPHIES,3 BUSHBUCK STR,"MCKENZIE PARK, BENONI",,1501,,BIANCA P,2,1,,,BIANCA P,BIANCA P,15:33,O001508,,JOHANN DE WAAL JNR,    CELL: 083 430 3385,    OFFICE: 0871 600 506,,,,00,1.0,C,N
O,001509,001509,2024-07-11,2024-07-11,1899-12-30,001,I,,TSS020,TROPHY SUPA SUPPLY T/A TROPHYCITY MEGA S,ALLANDALE INDUSTRIAL PARK,"UNIT G85,CNR LE ROUX& MORKELS",MIDRAND,,,ESTHER,3,1,,,ESTHER,ESTHER,16:00,O001509,,P.O. BOX 75724,GARDENVIEW,2047,CHRISTINE (ACCOUNTS),,,00,1.0,C,N
O,001510,001510,2024-07-11,2024-07-11,1899-12-30,001,I,,RB0200,RIGA BROS,53 QUEEN STREET,LADYSMITH,3370,,,ESTHER,3,1,,,ESTHER,ESTHER,16:05,O001510,,P O BOX 366,,GABRIELLA,,,,00,1.0,C,N
I,001539,001484,1899-12-30,1899-12-30,2024-07-12,003,,,CIG010,CAST IN GLASS,7 SERCAL CRESCENT,"GOEDEMOED, DURBANVILLE",,7550,REMAX,,0,1,,,,,,I001484,,,,,,,,00,1.0,,
I,001540,001509,1899-12-30,1899-12-30,2024-07-12,001,,,TSS020,TROPHY SUPA SUPPLY T/A TROPHYCITY MEGA S,ALLANDALE INDUSTRIAL PARK,"UNIT G85,CNR LE ROUX& MORKELS",MIDRAND,,,,0,1,,,,,,I001509,,,,,,,,00,1.0,,
O,001511,001511,2024-07-12,2024-07-12,1899-12-30,003,I,,IT0100,ITROPHIES (PTY) LTD,80 MAIN ROAD,FARRAMERE,BENONI,,,BIANCA P,2,1,,,BIANCA P,BIANCA P,08:39,O001511,,,,,,,,00,1.0,C,N
I,001541,001511,1899-12-30,1899-12-30,2024-07-12,003,,,IT0100,ITROPHIES (PTY) LTD,80 MAIN ROAD,FARRAMERE,BENONI,,,,0,1,,,,,,I001511,,,,,,,,00,1.0,,
O,001512,001512,2024-07-12,2024-07-12,1899-12-30,001,I,,SN0200,TROJAN GLASSWORKS CC,"NGWENYA GLASS VILLAGE,",C/O BEYERS NAUDE&R114 DIEPSLOT,MULDERSDRIFT;,1747,,ESTHER,1,1,,,ESTHER,ESTHER,09:26,O001512,(MONIQUE),P.O.BOX 321,MULDERSDRIFT 1747,BUZZ: 082-785-7397,,,,00,1.0,C,N
I,001542,001512,1899-12-30,1899-12-30,2024-07-12,001,,,SN0200,TROJAN GLASSWORKS CC,"NGWENYA GLASS VILLAGE,",C/O BEYERS NAUDE&R114 DIEPSLOT,MULDERSDRIFT;,1747,,,0,1,,,,,,I001512,,,,,,,,00,1.0,,
I,001543,001507,1899-12-30,1899-12-30,2024-07-12,003,,,TB0100,TROPHY BOUTIQUE,301 TREVOR GETHING; CNR OF,JACQUELINE & TREVOR GETHING,"GARSFONTEIN, PRETORIA",0042,,,0,1,,,,,,I001507,,,,,,,,00,1.0,,
I,001544,001500,1899-12-30,1899-12-30,2024-07-12,003,,,TA0100,ANTEL TRADING (PTY) LTD,T/A: TROPHY AFRICA,SHOP 3; HEATHWAY CENTRE,BLACKHEATH,,,,0,1,,,,,,I001500,,,,,,,,00,1.0,,
O,001513,001513,2024-07-12,2024-07-12,1899-12-30,003,I,,TOG010,TOUCH OF GLASS SEEKING SIGNS,UNIT 1; ASTRO PLACE,CNR FLEMING & VAN DER BIJL STR,MEADOWDALE,1477,,BIANCA P,1,1,,,BIANCA P,BIANCA P,12:43,O001513,SEEKING@IAFRICA.COM,P.O. BOX 7016,WESTWOOD,1477,,,,00,1.0,C,N
I,001545,001513,1899-12-30,1899-12-30,2024-07-12,003,,,TOG010,TOUCH OF GLASS SEEKING SIGNS,UNIT 1; ASTRO PLACE,CNR FLEMING & VAN DER BIJL STR,MEADOWDALE,1477,,,0,1,,,,,,I001513,,,,,,,,00,1.0,,
O,001514,001514,2024-07-12,2024-07-12,1899-12-30,001,I,,TP0200,TROPHIES AND PLAQUES (PTY) LTD,TRADING AS: TROPHYSTORE,"UNIT H1 ROETE 24, 50 HERMAN ST","MEADOWDALE, GERMISTON",1609,,ESTHER,1,1,,,ESTHER,ESTHER,12:46,O001514,,,,,ELOISE@TROPHYSTORE.CO.ZA,,,00,1.0,C,N
I,001546,001514,1899-12-30,1899-12-30,2024-07-12,001,,,TP0200,TROPHIES AND PLAQUES (PTY) LTD,TRADING AS: TROPHYSTORE,"UNIT H1 ROETE 24, 50 HERMAN ST","MEADOWDALE, GERMISTON",1609,,,0,1,,,,,,I001514,,,,,,,,00,1.0,,
O,001515,001515,2024-07-12,2024-07-12,1899-12-30,003,I,,TB0100,TROPHY BOUTIQUE,301 TREVOR GETHING; CNR OF,JACQUELINE & TREVOR GETHING,"GARSFONTEIN, PRETORIA",0042,,BIANCA P,5,1,,,BIANCA P,BIANCA P,15:18,O001515,,P.O. BOX 335,GARSFONTEIN WEST,0042,COENIE@TROPHYMB.CO.ZA,,,00,1.0,C,N
I,001548,001510,1899-12-30,1899-12-30,2024-07-15,001,,,RB0200,RIGA BROS,53 QUEEN STREET,LADYSMITH,3370,,,,0,1,,,,,,I001510,,,,,,,,00,1.0,,
O,001516,001516,2024-07-15,2024-07-15,1899-12-30,001,I,,MSB010,MDLAYI SPORTS BRAND,20685 ORINOCO CRESCENT,PROTEA GLEN EXT 20 SOWETO,GAUTENG,1818,,ESTHER,1,1,,,ESTHER,ESTHER,10:14,O001516,,,,,TROPHIES.BADGES@GMAIL.COM,,,00,1.0,C,N
I,001549,001516,1899-12-30,1899-12-30,2024-07-15,001,,,MSB010,MDLAYI SPORTS BRAND,20685 ORINOCO CRESCENT,PROTEA GLEN EXT 20 SOWETO,GAUTENG,1818,,,0,1,,,,,,I001516,,,,,,,,00,1.0,,
O,001517,001517,2024-07-15,2024-07-15,1899-12-30,001,C,,GSM010,GSM ENGRAVING,CNR ZASTRON & MARKGRAAF STREET,WESTDENE,BLOEMFONTEIN,9300,,,6,1,,,ESTHER,ESTHER,13:20,O001517,,,,,,,,00,1.0,C,N
O,001518,001518,2024-07-15,2024-07-15,1899-12-30,003,I,,CC0100,CRYSTAL CONCEPTS,10 ROSS STREET,BOKSBURG WEST,,1460,,BIANCA P,3,1,,,BIANCA P,BIANCA P,13:28,O001518,,,,,,,,00,1.0,C,N
O,001519,001519,2024-07-15,2024-07-15,1899-12-30,003,I,,PA0400,PRESTIGE AWARDS (PTY) LTD,419 CORK AVE,"FERNDALE, RANDBURG",,,,BIANCA P,2,1,,,BIANCA P,BIANCA P,14:01,O001519,,P.O. BOX 444,FERNDALE 2160,LESLEY/JENNY,JENNY / FIONA,,,00,1.0,C,N
O,001520,001520,2024-07-15,2024-07-15,1899-12-30,001,I,,TC0700,TROPHY CENTRE,SHOP 010B; PARK BOULEVARD,SHOPPING CENTRE; 11 BROWN,DRIFT ROAD; UMGENI PARK; DURBA,,,ESTHER,4,1,,,ESTHER,ESTHER,14:19,O001520,"KOORNHOF & ESSEX RD, MEADOWDALE",P.O. BOX 60,UMGENI PARK,4098,THE MEADOW (KEMTRADE) CNR,,,00,1.0,C,N
I,001550,001519,1899-12-30,1899-12-30,2024-07-15,003,,,PA0400,PRESTIGE AWARDS (PTY) LTD,419 CORK AVE,"FERNDALE, RANDBURG",,,,,0,1,,,,,,I001519,,,,,,,,00,1.0,,
I,001551,001453,1899-12-30,1899-12-30,2024-07-16,003,,,TDG020,TAO DESIGNER GLASS,"P.O. BOX 5032, MEADOWDALE","30 GREEN STREET, WITFIELD",,1615,,,0,1,,,,,,I001453,,,,,,,,00,1.0,,
O,001521,001521,2024-07-16,2024-07-16,1899-12-30,003,I,,HD0100,HELIUM DESIGN CC,39 EDENDALE ROAD,"EDENGLEN, EDENVALE",,1609,,BIANCA P,1,1,,,BIANCA P,BIANCA P,07:52,O001521,,076 423 4210 KEITH,082 080 9473 GRANT,082 411 2878 ANDREA,,,,00,1.0,C,N
O,001522,001522,2024-07-16,2024-07-16,1899-12-30,001,I,,SN0200,TROJAN GLASSWORKS CC,"NGWENYA GLASS VILLAGE,",C/O BEYERS NAUDE&R114 DIEPSLOT,MULDERSDRIFT;,1747,,ESTHER,1,1,,,ESTHER,ESTHER,08:24,O001522,(MONIQUE),P.O.BOX 321,MULDERSDRIFT 1747,BUZZ: 082-785-7397,,,,00,1.0,C,N
I,001553,001518,1899-12-30,1899-12-30,2024-07-16,003,,,CC0100,CRYSTAL CONCEPTS,10 ROSS STREET,BOKSBURG WEST,,1460,,,0,1,,,,,,I001518,,,,,,,,00,1.0,,
O,001523,001523,2024-07-16,2024-07-16,1899-12-30,001,C,,MSB010,MDLAYI SPORTS BRAND,20685 ORINOCO CRESCENT,PROTEA GLEN EXT 20 SOWETO,GAUTENG,1818,,,2,1,,,ESTHER,ESTHER,09:10,O001523,,,,,TROPHIES.BADGES@GMAIL.COM,,,00,1.0,C,N
I,001554,001522,1899-12-30,1899-12-30,2024-07-16,001,,,SN0200,TROJAN GLASSWORKS CC,"NGWENYA GLASS VILLAGE,",C/O BEYERS NAUDE&R114 DIEPSLOT,MULDERSDRIFT;,1747,,,0,1,,,,,,I001522,,,,,,,,00,1.0,,
I,001555,001515,1899-12-30,1899-12-30,2024-07-16,003,,,TB0100,TROPHY BOUTIQUE,301 TREVOR GETHING; CNR OF,JACQUELINE & TREVOR GETHING,"GARSFONTEIN, PRETORIA",0042,,,0,1,,,,,,I001515,,,,,,,,00,1.0,,
I,001556,001520,1899-12-30,1899-12-30,2024-07-16,001,,,TC0700,TROPHY CENTRE,SHOP 010B; PARK BOULEVARD,SHOPPING CENTRE; 11 BROWN,DRIFT ROAD; UMGENI PARK; DURBA,,,,0,1,,,,,,I001520,,,,,,,,00,1.0,,
O,001524,001524,2024-07-16,2024-07-16,1899-12-30,001,I,,TSS020,TROPHY SUPA SUPPLY T/A TROPHYCITY MEGA S,ALLANDALE INDUSTRIAL PARK,"UNIT G85,CNR LE ROUX& MORKELS",MIDRAND,,,ESTHER,3,1,,,ESTHER,ESTHER,10:51,O001524,,P.O. BOX 75724,GARDENVIEW,2047,CHRISTINE (ACCOUNTS),,,00,1.0,C,N
O,001525,001525,2024-07-16,2024-07-16,1899-12-30,001,I,,SN0200,TROJAN GLASSWORKS CC,"NGWENYA GLASS VILLAGE,",C/O BEYERS NAUDE&R114 DIEPSLOT,MULDERSDRIFT;,1747,,ESTHER,1,1,,,ESTHER,ESTHER,11:04,O001525,(MONIQUE),P.O.BOX 321,MULDERSDRIFT 1747,BUZZ: 082-785-7397,,,,00,1.0,C,N
I,001557,001525,1899-12-30,1899-12-30,2024-07-16,001,,,SN0200,TROJAN GLASSWORKS CC,"NGWENYA GLASS VILLAGE,",C/O BEYERS NAUDE&R114 DIEPSLOT,MULDERSDRIFT;,1747,,,0,1,,,,,,I001525,,,,,,,,00,1.0,,
I,001559,001524,1899-12-30,1899-12-30,2024-07-16,001,,,TSS020,TROPHY SUPA SUPPLY T/A TROPHYCITY MEGA S,ALLANDALE INDUSTRIAL PARK,"UNIT G85,CNR LE ROUX& MORKELS",MIDRAND,,,,0,1,,,,,,I001524,,,,,,,,00,1.0,,
O,001526,001526,2024-07-16,2024-07-16,1899-12-30,001,I,,TSS020,TROPHY SUPA SUPPLY T/A TROPHYCITY MEGA S,ALLANDALE INDUSTRIAL PARK,"UNIT G85,CNR LE ROUX& MORKELS",MIDRAND,,,ESTHER,4,1,,,ESTHER,ESTHER,15:30,O001526,,P.O. BOX 75724,GARDENVIEW,2047,CHRISTINE (ACCOUNTS),,,00,1.0,C,N
O,001527,001527,2024-07-16,2024-07-16,1899-12-30,003,I,,ICE010,ICE INC PTY LTD,390 MENDHI STREET,LAUDIUM,,,,BIANCA P,6,1,,,BIANCA P,BIANCA P,15:51,O001527,,,,,,,,00,1.0,C,N
O,001528,001528,2024-07-16,2024-07-16,1899-12-30,003,I,,CIG010,CAST IN GLASS,7 SERCAL CRESCENT,"GOEDEMOED, DURBANVILLE",,7550,,BIANCA P,2,1,,,BIANCA P,BIANCA P,16:00,O001528,,BOX 1743,DURBANVILLE,7551,,,,00,1.0,C,N
O,001529,001529,2024-07-17,2024-07-17,1899-12-30,001,I,,SN0200,TROJAN GLASSWORKS CC,"NGWENYA GLASS VILLAGE,",C/O BEYERS NAUDE&R114 DIEPSLOT,MULDERSDRIFT;,1747,,ESTHER,1,1,,,ESTHER,ESTHER,08:18,O001529,(MONIQUE),P.O.BOX 321,MULDERSDRIFT 1747,BUZZ: 082-785-7397,,,,00,1.0,C,N
I,001561,001529,1899-12-30,1899-12-30,2024-07-17,001,,,SN0200,TROJAN GLASSWORKS CC,"NGWENYA GLASS VILLAGE,",C/O BEYERS NAUDE&R114 DIEPSLOT,MULDERSDRIFT;,1747,,,0,1,,,,,,I001529,,,,,,,,00,1.0,,
I,001562,001528,1899-12-30,1899-12-30,2024-07-17,003,,,CIG010,CAST IN GLASS,7 SERCAL CRESCENT,"GOEDEMOED, DURBANVILLE",,7550,,,0,1,,,,,,I001528,,,,,,,,00,1.0,,
I,001563,001521,1899-12-30,1899-12-30,2024-07-17,003,,,HD0100,HELIUM DESIGN CC,39 EDENDALE ROAD,"EDENGLEN, EDENVALE",,1609,,,0,1,,,,,,I001521,,,,,,,,00,1.0,,
O,001530,001530,2024-07-17,2024-07-17,1899-12-30,001,I,,TP0200,TROPHIES AND PLAQUES (PTY) LTD,TRADING AS: TROPHYSTORE,"UNIT H1 ROETE 24, 50 HERMAN ST","MEADOWDALE, GERMISTON",1609,,ESTHER,1,1,,,ESTHER,ESTHER,12:11,O001530,,,,,ELOISE@TROPHYSTORE.CO.ZA,,,00,1.0,C,N
I,001564,001530,1899-12-30,1899-12-30,2024-07-17,001,,,TP0200,TROPHIES AND PLAQUES (PTY) LTD,TRADING AS: TROPHYSTORE,"UNIT H1 ROETE 24, 50 HERMAN ST","MEADOWDALE, GERMISTON",1609,,,0,1,,,,,,I001530,,,,,,,,00,1.0,,
O,001531,001531,2024-07-18,2024-07-18,1899-12-30,001,I,,MM0200,ON 68 PRETORIA ROAD,T/A MOMENTUS MOMENTS,68 PRETORIA ROAD,RYNFIELD; BENONI,1501,,ESTHER,1,1,,,ESTHER,ESTHER,10:01,O001531,OLD OWNER: JUDESM@TELKOMSA.NET,ACCOUNT CREATED 23/01/2017,OLD: 7 DOUGLAS AVE,"           FARRARMERE, BENONI",,,,00,1.0,C,N
O,001532,001532,2024-07-18,2024-07-18,1899-12-30,003,I,,HD0100,HELIUM DESIGN CC,39 EDENDALE ROAD,"EDENGLEN, EDENVALE",,1609,,BIANCA P,1,1,,,BIANCA P,BIANCA P,10:46,O001532,,076 423 4210 KEITH,082 080 9473 GRANT,082 411 2878 ANDREA,,,,00,1.0,C,N
O,001533,001533,2024-07-18,2024-07-18,1899-12-30,003,I,,TDG020,TAO DESIGNER GLASS,"P.O. BOX 5032, MEADOWDALE","30 GREEN STREET, WITFIELD",,1615,SIFISO,BIANCA P,1,1,,,BIANCA P,BIANCA P,10:46,O001533,,,,,,,,00,1.0,C,N
O,001534,001534,2024-07-18,2024-07-18,1899-12-30,003,I,,TB0100,TROPHY BOUTIQUE,301 TREVOR GETHING; CNR OF,JACQUELINE & TREVOR GETHING,"GARSFONTEIN, PRETORIA",0042,,BIANCA P,2,1,,,BIANCA P,BIANCA P,14:26,O001534,,P.O. BOX 335,GARSFONTEIN WEST,0042,COENIE@TROPHYMB.CO.ZA,,,00,1.0,C,N
O,001535,001535,2024-07-18,2024-07-18,1899-12-30,003,I,,TA0100,ANTEL TRADING (PTY) LTD,T/A: TROPHY AFRICA,SHOP 3; HEATHWAY CENTRE,BLACKHEATH,,,BIANCA P,3,1,,,BIANCA P,BIANCA P,14:26,O001535,BRUCE: 0823308029,,"PO BOX 2134, NORTHCLIFF, 2115",OLD OWNERS: ELSABE,MAIL@TROPHYAFRICA.CO.ZA,,,00,1.0,C,N
O,001536,001536,2024-07-18,2024-07-18,1899-12-30,003,I,,TDG020,TAO DESIGNER GLASS,"P.O. BOX 5032, MEADOWDALE","30 GREEN STREET, WITFIELD",,1615,EBA,BIANCA P,1,1,,,BIANCA P,BIANCA P,14:27,O001536,,,,,,,,00,1.0,C,N
O,001537,001537,2024-07-18,2024-07-18,1899-12-30,003,I,,TDG020,TAO DESIGNER GLASS,"P.O. BOX 5032, MEADOWDALE","30 GREEN STREET, WITFIELD",,1615,KANU,BIANCA P,1,1,,,BIANCA P,BIANCA P,14:28,O001537,,,,,,,,00,1.0,C,N
O,001538,001538,2024-07-18,2024-07-18,1899-12-30,003,I,,TDG020,TAO DESIGNER GLASS,"P.O. BOX 5032, MEADOWDALE","30 GREEN STREET, WITFIELD",,1615,IFE,BIANCA P,1,1,,,BIANCA P,BIANCA P,14:29,O001538,,,,,,,,00,1.0,C,N
I,001565,001496,1899-12-30,1899-12-30,2024-07-18,003,,,TDG020,TAO DESIGNER GLASS,"P.O. BOX 5032, MEADOWDALE","30 GREEN STREET, WITFIELD",,1615,ALM,,0,1,,,,,,I001496,,,,,,,,00,1.0,,
O,001539,001539,2024-07-18,2024-07-18,1899-12-30,003,I,,TDG020,TAO DESIGNER GLASS,"P.O. BOX 5032, MEADOWDALE","30 GREEN STREET, WITFIELD",,1615,SUN BET,BIANCA P,1,1,,,BIANCA P,BIANCA P,14:32,O001539,,,,,,,,00,1.0,C,N
O,001540,001540,2024-07-18,2024-07-18,1899-12-30,003,I,,PA0400,PRESTIGE AWARDS (PTY) LTD,419 CORK AVE,"FERNDALE, RANDBURG",,,,BIANCA P,1,1,,,BIANCA P,BIANCA P,15:40,O001540,,P.O. BOX 444,FERNDALE 2160,LESLEY/JENNY,JENNY / FIONA,,,00,1.0,C,N
I,001566,001537,1899-12-30,1899-12-30,2024-07-19,003,,,TDG020,TAO DESIGNER GLASS,"P.O. BOX 5032, MEADOWDALE","30 GREEN STREET, WITFIELD",,1615,KANU,,0,1,,,,,,I001537,,,,,,,,00,1.0,,
I,001567,001538,1899-12-30,1899-12-30,2024-07-19,003,,,TDG020,TAO DESIGNER GLASS,"P.O. BOX 5032, MEADOWDALE","30 GREEN STREET, WITFIELD",,1615,IFE,,0,1,,,,,,I001538,,,,,,,,00,1.0,,
I,001568,001539,1899-12-30,1899-12-30,2024-07-19,003,,,TDG020,TAO DESIGNER GLASS,"P.O. BOX 5032, MEADOWDALE","30 GREEN STREET, WITFIELD",,1615,SUN BET,,0,1,,,,,,I001539,,,,,,,,00,1.0,,
I,001569,001526,1899-12-30,1899-12-30,2024-07-19,001,,,TSS020,TROPHY SUPA SUPPLY T/A TROPHYCITY MEGA S,ALLANDALE INDUSTRIAL PARK,"UNIT G85,CNR LE ROUX& MORKELS",MIDRAND,,,,0,1,,,,,,I001526,,,,,,,,00,1.0,,
I,001570,001534,1899-12-30,1899-12-30,2024-07-19,003,,,TB0100,TROPHY BOUTIQUE,301 TREVOR GETHING; CNR OF,JACQUELINE & TREVOR GETHING,"GARSFONTEIN, PRETORIA",0042,,,0,1,,,,,,I001534,,,,,,,,00,1.0,,
I,001571,001531,1899-12-30,1899-12-30,2024-07-19,001,,,MM0200,ON 68 PRETORIA ROAD,T/A MOMENTUS MOMENTS,68 PRETORIA ROAD,RYNFIELD; BENONI,1501,,,0,1,,,,,,I001531,,,,,,,,00,1.0,,
I,001572,001540,1899-12-30,1899-12-30,2024-07-19,003,,,PA0400,PRESTIGE AWARDS (PTY) LTD,419 CORK AVE,"FERNDALE, RANDBURG",,,,,0,1,,,,,,I001540,,,,,,,,00,1.0,,
I,001573,001532,1899-12-30,1899-12-30,2024-07-19,003,,,HD0100,HELIUM DESIGN CC,39 EDENDALE ROAD,"EDENGLEN, EDENVALE",,1609,,,0,1,,,,,,I001532,,,,,,,,00,1.0,,
O,001541,001541,2024-07-19,2024-07-19,1899-12-30,003,I,,MS0200,MANLY SCREENPRINTERS,NABOOM STRAAT 9,GOLFPARK,MEYERTON,1960,,BIANCA P,1,1,000203,,BIANCA P,BIANCA P,10:54,O001541,"KRUGER ST, VANDERBIJLPARK",P.O. BOX 5338,VANDERBIJLPARK,1900,"OLD: ALPHA GEBOU, PRES",,,00,1.0,C,N
I,001574,001541,1899-12-30,1899-12-30,2024-07-19,003,,,MS0200,MANLY SCREENPRINTERS,NABOOM STRAAT 9,GOLFPARK,MEYERTON,1960,,,0,1,,,,,,I001541,,,,,,,,00,1.0,,
O,001542,001542,2024-07-19,2024-07-19,1899-12-30,001,I,,CP0100,CLASSIQUE PROMOTIONS,452 KERSTREL CRESCENT,RABIE RIDGE,MIDRAND,,,ESTHER,1,1,,,ESTHER,ESTHER,14:38,O001542,,,,,,,,00,1.0,C,N
I,001576,001542,1899-12-30,1899-12-30,2024-07-19,001,,,CP0100,CLASSIQUE PROMOTIONS,452 KERSTREL CRESCENT,RABIE RIDGE,MIDRAND,,,,0,1,,,,,,I001542,,,,,,,,00,1.0,,
O,001543,001543,2024-07-22,2024-07-22,1899-12-30,003,I,,HD0100,HELIUM DESIGN CC,39 EDENDALE ROAD,"EDENGLEN, EDENVALE",,1609,,BIANCA P,1,1,,,BIANCA P,BIANCA P,08:50,O001543,,076 423 4210 KEITH,082 080 9473 GRANT,082 411 2878 ANDREA,,,,00,1.0,C,N
O,001544,001544,2024-07-22,2024-07-22,1899-12-30,001,I,,3DCS01,3D CRYSTAL STUDIOS,11 ROOS BOLTON CRESCENT,KNYSNA HEIGHTS,"KNYSNA, WESTERN CAPE",6571,,ESTHER,1,1,,,ESTHER,ESTHER,10:10,O001544,,"55 VISTA RD, WATERFALL",3610,,NIELDRICHARD@GMAIL.COM,,,00,1.0,C,N
I,001577,001508,1899-12-30,1899-12-30,2024-07-22,003,,,TT0700,TRUST TROPHIES,3 BUSHBUCK STR,"MCKENZIE PARK, BENONI",,1501,,,0,1,,,,,,I001508,,,,,,,,00,1.0,,
I,001580,001543,1899-12-30,1899-12-30,2024-07-22,003,,,HD0100,HELIUM DESIGN CC,39 EDENDALE ROAD,"EDENGLEN, EDENVALE",,1609,,,0,1,,,,,,I001543,,,,,,,,00,1.0,,
O,001545,001545,2024-07-22,2024-07-22,1899-12-30,003,I,,TDG020,TAO DESIGNER GLASS,"P.O. BOX 5032, MEADOWDALE","30 GREEN STREET, WITFIELD",,1615,NOLANDS,BIANCA P,1,1,,,BIANCA P,BIANCA P,13:04,O001545,,,,,,,,00,1.0,C,N
O,001546,001546,2024-07-22,2024-07-22,1899-12-30,003,I,,TDG020,TAO DESIGNER GLASS,"P.O. BOX 5032, MEADOWDALE","30 GREEN STREET, WITFIELD",,1615,WWP,BIANCA P,1,1,,,BIANCA P,BIANCA P,13:13,O001546,,,,,,,,00,1.0,C,N
O,001547,001547,2024-07-22,2024-07-22,1899-12-30,003,I,,TDG020,TAO DESIGNER GLASS,"P.O. BOX 5032, MEADOWDALE","30 GREEN STREET, WITFIELD",,1615,MC CANNS,BIANCA P,1,1,,,BIANCA P,BIANCA P,13:14,O001547,,,,,,,,00,1.0,C,N
O,001548,001548,2024-07-22,2024-07-22,1899-12-30,001,I,,TSS020,TROPHY SUPA SUPPLY T/A TROPHYCITY MEGA S,ALLANDALE INDUSTRIAL PARK,"UNIT G85,CNR LE ROUX& MORKELS",MIDRAND,,,ESTHER,5,1,,,ESTHER,ESTHER,15:08,O001548,,P.O. BOX 75724,GARDENVIEW,2047,CHRISTINE (ACCOUNTS),,,00,1.0,C,N
O,001549,001549,2024-07-22,2024-07-22,1899-12-30,003,I,,TB0100,TROPHY BOUTIQUE,301 TREVOR GETHING; CNR OF,JACQUELINE & TREVOR GETHING,"GARSFONTEIN, PRETORIA",0042,,BIANCA P,4,1,,,BIANCA P,BIANCA P,15:48,O001549,,P.O. BOX 335,GARSFONTEIN WEST,0042,COENIE@TROPHYMB.CO.ZA,,,00,1.0,C,N
O,001550,001550,2024-07-22,2024-07-22,1899-12-30,003,I,,TE0300,TOCKNELL ENGRAVERS,SHOP 9 PRELLER WALK,GEN HERTZOG AVE; DAN PIENAAR,BLOEMFONTEIN,9324,,BIANCA P,3,1,,,BIANCA P,BIANCA P,15:48,O001550,,"OLD: SHOP 37, BRANDWAG CENTRE",BLOEMFONTEIN,POB 12828;BRANDHOF;9324,,,,00,1.0,C,N
O,001551,001551,2024-07-23,2024-07-23,1899-12-30,001,I,,MSB010,MDLAYI SPORTS BRAND,20685 ORINOCO CRESCENT,PROTEA GLEN EXT 20 SOWETO,GAUTENG,1818,,ESTHER,3,1,,,ESTHER,ESTHER,07:33,O001551,,,,,TROPHIES.BADGES@GMAIL.COM,,,00,1.0,C,N
I,001581,001545,1899-12-30,1899-12-30,2024-07-23,003,,,TDG020,TAO DESIGNER GLASS,"P.O. BOX 5032, MEADOWDALE","30 GREEN STREET, WITFIELD",,1615,NOLANDS,,0,1,,,,,,I001545,,,,,,,,00,1.0,,
I,001582,001546,1899-12-30,1899-12-30,2024-07-23,003,,,TDG020,TAO DESIGNER GLASS,"P.O. BOX 5032, MEADOWDALE","30 GREEN STREET, WITFIELD",,1615,WWP,,0,1,,,,,,I001546,,,,,,,,00,1.0,,
I,001583,001551,1899-12-30,1899-12-30,2024-07-23,001,,,MSB010,MDLAYI SPORTS BRAND,20685 ORINOCO CRESCENT,PROTEA GLEN EXT 20 SOWETO,GAUTENG,1818,,,0,1,,,,,,I001551,,,,,,,,00,1.0,,
O,001552,001552,2024-07-23,2024-07-23,1899-12-30,001,I,,FP0200,FIRST PRIZE TROPHIES,3785 JAN FREDERICK AVE,RANDPARK RIDGE,,,,ESTHER,3,1,,,ESTHER,ESTHER,08:41,O001552,INFO/SALES@FIRSTPRIZE.CO.ZA,P O BOX 2435,HONEYDEW,2040,NOELEN@FIRSTPRIZE.CO.ZA,,,00,1.0,C,N
O,001553,001553,2024-07-23,2024-07-23,1899-12-30,001,I,,T4U010,RUBBER STAMP COMPANY(PTY)LTD,"SHOP 1, CHAMBERLAINS",44 CHAMBERLAIN RD,"BEREA, EAST LONDON",5241,,ESTHER,2,1,,,ESTHER,ESTHER,09:01,O001553,,P O BOX 19363,TECOMA,5214,,,,00,1.0,C,N
I,001584,001544,1899-12-30,1899-12-30,2024-07-23,001,,,3DCS01,3D CRYSTAL STUDIOS,11 ROOS BOLTON CRESCENT,KNYSNA HEIGHTS,"KNYSNA, WESTERN CAPE",6571,,,0,1,,,,,,I001544,,,,,,,,00,1.0,,
O,001554,001554,2024-07-23,2024-07-23,1899-12-30,001,I,,CP0100,CLASSIQUE PROMOTIONS,452 KERSTREL CRESCENT,RABIE RIDGE,MIDRAND,,,ESTHER,1,1,,,ESTHER,ESTHER,09:27,O001554,,,,,,,,00,1.0,C,N
O,001555,001555,2024-07-23,2024-07-23,1899-12-30,003,I,,PA0400,PRESTIGE AWARDS (PTY) LTD,419 CORK AVE,"FERNDALE, RANDBURG",,,,BIANCA P,1,1,,,BIANCA P,BIANCA P,10:59,O001555,,P.O. BOX 444,FERNDALE 2160,LESLEY/JENNY,JENNY / FIONA,,,00,1.0,C,N
I,001585,001555,1899-12-30,1899-12-30,2024-07-23,003,,,PA0400,PRESTIGE AWARDS (PTY) LTD,419 CORK AVE,"FERNDALE, RANDBURG",,,,,0,1,,,,,,I001555,,,,,,,,00,1.0,,
I,001587,001553,1899-12-30,1899-12-30,2024-07-23,001,,,T4U010,RUBBER STAMP COMPANY(PTY)LTD,"SHOP 1, CHAMBERLAINS",44 CHAMBERLAIN RD,"BEREA, EAST LONDON",5241,,,0,1,,,,,,I001553,,,,,,,,00,1.0,,
O,001556,001556,2024-07-23,2024-07-23,1899-12-30,003,,,IT0100,ITROPHIES (PTY) LTD,80 MAIN ROAD,FARRAMERE,BENONI,,,,1,1,,,BIANCA P,BIANCA P,14:06,O001556,,,,,,,,00,1.0,C,N
O,001557,001557,2024-07-23,2024-07-23,1899-12-30,001,I,,TC0700,TROPHY CENTRE,SHOP 010B; PARK BOULEVARD,SHOPPING CENTRE; 11 BROWN,DRIFT ROAD; UMGENI PARK; DURBA,,,ESTHER,2,1,,,ESTHER,ESTHER,14:28,O001557,"KOORNHOF & ESSEX RD, MEADOWDALE",P.O. BOX 60,UMGENI PARK,4098,THE MEADOW (KEMTRADE) CNR,,,00,1.0,C,N
I,001588,001557,1899-12-30,1899-12-30,2024-07-23,001,,,TC0700,TROPHY CENTRE,SHOP 010B; PARK BOULEVARD,SHOPPING CENTRE; 11 BROWN,DRIFT ROAD; UMGENI PARK; DURBA,,,,0,1,,,,,,I001557,,,,,,,,00,1.0,,
O,001558,001558,2024-07-24,2024-07-24,1899-12-30,003,,,IT0100,ITROPHIES (PTY) LTD,80 MAIN ROAD,FARRAMERE,BENONI,,,,1,1,,,BIANCA P,BIANCA P,09:14,O001558,,,,,,,,00,1.0,C,N
O,001559,001559,2024-07-24,2024-07-24,1899-12-30,001,I,,SPW010,SPORTWIZE (PTY) LTD,1033 ROAD,3 ALLENS NEK,ROODEPOORT,,,ESTHER,1,1,,,ESTHER,ESTHER,09:38,O001559,,,,,,,,00,1.0,C,N
I,001589,001548,1899-12-30,1899-12-30,2024-07-24,001,,,TSS020,TROPHY SUPA SUPPLY T/A TROPHYCITY MEGA S,ALLANDALE INDUSTRIAL PARK,"UNIT G85,CNR LE ROUX& MORKELS",MIDRAND,,,,0,1,,,,,,I001548,,,,,,,,00,1.0,,
I,001590,001549,1899-12-30,1899-12-30,2024-07-24,003,,,TB0100,TROPHY BOUTIQUE,301 TREVOR GETHING; CNR OF,JACQUELINE & TREVOR GETHING,"GARSFONTEIN, PRETORIA",0042,,,0,1,,,,,,I001549,,,,,,,,00,1.0,,
I,001591,001552,1899-12-30,1899-12-30,2024-07-24,001,,,FP0200,FIRST PRIZE TROPHIES,3785 JAN FREDERICK AVE,RANDPARK RIDGE,,,,,0,1,,,,,,I001552,,,,,,,,00,1.0,,
O,001560,001560,2024-07-24,2024-07-24,1899-12-30,003,I,,T01000,DANAUS TRADING,TRADING AS:    TROMED,70 MOLLISON ROAD; BENONI NORTH,"AGRICULTURAL HOLDINGS, BENONI",1501,,BIANCA P,1,1,,,BIANCA P,BIANCA P,11:09,O001560,,"PO BOX 6179, RIVONIA, 2128",,RON CK: CK91/34369/23,"OLD: PBOX 9393, BRENTWOOD PARK",,,00,1.0,C,N
I,001592,001560,1899-12-30,1899-12-30,2024-07-24,003,,,T01000,DANAUS TRADING,TRADING AS:    TROMED,70 MOLLISON ROAD; BENONI NORTH,"AGRICULTURAL HOLDINGS, BENONI",1501,,,0,1,,,,,,I001560,,,,,,,,00,1.0,,
O,001561,001561,2024-07-24,2024-07-24,1899-12-30,003,I,,IT0100,ITROPHIES (PTY) LTD,80 MAIN ROAD,FARRAMERE,BENONI,,,BIANCA P,1,1,,,BIANCA P,BIANCA P,12:01,O001561,,,,,,,,00,1.0,C,N
O,001562,001562,2024-07-24,2024-07-24,1899-12-30,003,I,,PA0400,PRESTIGE AWARDS (PTY) LTD,419 CORK AVE,"FERNDALE, RANDBURG",,,,BIANCA P,1,1,,,BIANCA P,BIANCA P,12:07,O001562,,P.O. BOX 444,FERNDALE 2160,LESLEY/JENNY,JENNY / FIONA,,,00,1.0,C,N
I,001594,001562,1899-12-30,1899-12-30,2024-07-24,003,,,PA0400,PRESTIGE AWARDS (PTY) LTD,419 CORK AVE,"FERNDALE, RANDBURG",,,,,0,1,,,,,,I001562,,,,,,,,00,1.0,,
I,001595,001561,1899-12-30,1899-12-30,2024-07-24,003,,,IT0100,ITROPHIES (PTY) LTD,80 MAIN ROAD,FARRAMERE,BENONI,,,,0,1,,,,,,I001561,,,,,,,,00,1.0,,
O,001563,001563,2024-07-24,2024-07-24,1899-12-30,001,I,,SM0200,SOURCING MAGIC,P.O. BOX 353,MAGALIESIG,,2067,,ESTHER,2,1,,,ESTHER,ESTHER,12:35,O001563,,,,,WAS SOURCING MAGIC,,,00,1.0,C,N
I,001596,001559,1899-12-30,1899-12-30,2024-07-24,001,,,SPW010,SPORTWIZE (PTY) LTD,1033 ROAD,3 ALLENS NEK,ROODEPOORT,,,,0,1,,,,,,I001559,,,,,,,,00,1.0,,
I,001597,001535,1899-12-30,1899-12-30,2024-07-24,003,,,TA0100,ANTEL TRADING (PTY) LTD,T/A: TROPHY AFRICA,SHOP 3; HEATHWAY CENTRE,BLACKHEATH,,,,0,1,,,,,,I001535,,,,,,,,00,1.0,,
I,001598,001536,1899-12-30,1899-12-30,2024-07-24,003,,,TDG020,TAO DESIGNER GLASS,"P.O. BOX 5032, MEADOWDALE","30 GREEN STREET, WITFIELD",,1615,EBA,,0,1,,,,,,I001536,,,,,,,,00,1.0,,
I,001599,001563,1899-12-30,1899-12-30,2024-07-24,001,,,SM0200,SOURCING MAGIC,P.O. BOX 353,MAGALIESIG,,2067,,,0,1,,,,,,I001563,,,,,,,,00,1.0,,
O,001564,001564,2024-07-24,2024-07-24,1899-12-30,001,I,,TJ0100,TROPHY JUNCTION,175 KENT AVENUE,"FERNDALE RIDGE, RANDBURG",,,P/O 1923,ESTHER,1,1,,,ESTHER,ESTHER,14:28,O001564,,P.O. BOX 1382,PIINEGOWRIE,2123,STATION@TROPHYJUNCTION.CO.ZA,,,00,1.0,C,N
I,001600,001564,1899-12-30,1899-12-30,2024-07-24,001,,,TJ0100,TROPHY JUNCTION,175 KENT AVENUE,"FERNDALE RIDGE, RANDBURG",,,P/O 1923,,0,1,,,,,,I001564,,,,,,,,00,1.0,,
O,001565,001565,2024-07-24,2024-07-24,1899-12-30,001,I,,NT0300,NEL TROPHIES,SHOP 27; ORCHARD SHOPPING,CENTRE; VALENICA PARK,NELSPRUIT,1200,,ESTHER,2,1,,,ESTHER,ESTHER,15:00,O001565,OLD: SHOP 208 KA-MKHOLO BUILDING,P.O. BOX 742 NELSPRUIT,BADRESH: 084 496 2500,NUTAN: 083 654 0338,OLD: NELTROPHY@MWEB.CO.ZA,,,00,1.0,C,N
I,001601,001547,1899-12-30,1899-12-30,2024-07-25,003,,,TDG020,TAO DESIGNER GLASS,"P.O. BOX 5032, MEADOWDALE","30 GREEN STREET, WITFIELD",,1615,MC CANNS,,0,1,,,,,,I001547,,,,,,,,00,1.0,,
O,001566,001566,2024-07-25,2024-07-25,1899-12-30,003,I,,IT0100,ITROPHIES (PTY) LTD,80 MAIN ROAD,FARRAMERE,BENONI,,,BIANCA P,1,1,,,BIANCA P,BIANCA P,09:24,O001566,,,,,,,,00,1.0,C,N
I,001603,001566,1899-12-30,1899-12-30,2024-07-25,003,,,IT0100,ITROPHIES (PTY) LTD,80 MAIN ROAD,FARRAMERE,BENONI,,,,0,1,,,,,,I001566,,,,,,,,00,1.0,,
I,001604,001554,1899-12-30,1899-12-30,2024-07-25,001,,,CP0100,CLASSIQUE PROMOTIONS,452 KERSTREL CRESCENT,RABIE RIDGE,MIDRAND,,,,0,1,,,,,,I001554,,,,,,,,00,1.0,,
O,001567,001567,2024-07-25,2024-07-25,1899-12-30,003,I,,E04000,ENGRAVERS,SHOP 40 PROTEA CENTRE,HIGH STREET,BRIXTON,,,BIANCA P,3,1,,,BIANCA P,BIANCA P,11:50,O001567,,,,,,,,00,1.0,C,N
O,001568,001568,2024-07-25,2024-07-25,1899-12-30,003,I,,TB0100,TROPHY BOUTIQUE,301 TREVOR GETHING; CNR OF,JACQUELINE & TREVOR GETHING,"GARSFONTEIN, PRETORIA",0042,,BIANCA P,3,1,,,BIANCA P,BIANCA P,11:50,O001568,,P.O. BOX 335,GARSFONTEIN WEST,0042,COENIE@TROPHYMB.CO.ZA,,,00,1.0,C,N
O,001569,001569,2024-07-25,2024-07-25,1899-12-30,003,I,,TD0100,TROPHY DEN,64 NELSON MANDELA AVENUE,"ARCHIMEDIX CORNER, SUITE 001",BLOCK B; RANDHART,,,BIANCA P,1,1,,,BIANCA P,BIANCA P,12:22,O001569,,,,,,,,00,1.0,C,N
I,001605,001569,1899-12-30,1899-12-30,2024-07-25,003,,,TD0100,TROPHY DEN,64 NELSON MANDELA AVENUE,"ARCHIMEDIX CORNER, SUITE 001",BLOCK B; RANDHART,,,,0,1,,,,,,I001569,,,,,,,,00,1.0,,
I,001606,001567,1899-12-30,1899-12-30,2024-07-25,003,,,E04000,ENGRAVERS,SHOP 40 PROTEA CENTRE,HIGH STREET,BRIXTON,,,,0,1,,,,,,I001567,,,,,,,,00,1.0,,
O,001570,001570,2024-07-25,2024-07-25,1899-12-30,003,I,,TDG020,TAO DESIGNER GLASS,"P.O. BOX 5032, MEADOWDALE","30 GREEN STREET, WITFIELD",,1615,PRISM,BIANCA P,2,1,,,BIANCA P,BIANCA P,13:26,O001570,,,,,,,,00,1.0,C,N
I,001609,001565,1899-12-30,1899-12-30,2024-07-25,001,,,NT0300,NEL TROPHIES,SHOP 27; ORCHARD SHOPPING,CENTRE; VALENICA PARK,NELSPRUIT,1200,,,0,1,,,,,,I001565,,,,,,,,00,1.0,,
O,001571,001571,2024-07-26,2024-07-26,1899-12-30,003,I,,IT0100,ITROPHIES (PTY) LTD,80 MAIN ROAD,FARRAMERE,BENONI,,STELTEN,BIANCA P,1,1,,,BIANCA P,BIANCA P,08:37,O001571,,,,,,,,00,1.0,C,N
O,001572,001572,2024-07-26,2024-07-26,1899-12-30,001,I,,SM0200,SOURCING MAGIC,P.O. BOX 353,MAGALIESIG,,2067,,ESTHER,2,1,,,ESTHER,ESTHER,08:48,O001572,,,,,WAS SOURCING MAGIC,,,00,1.0,C,N
I,001610,001571,1899-12-30,1899-12-30,2024-07-26,003,,,IT0100,ITROPHIES (PTY) LTD,80 MAIN ROAD,FARRAMERE,BENONI,,STELTEN,,0,1,,,,,,I001571,,,,,,,,00,1.0,,
O,001573,001573,2024-07-26,2024-07-26,1899-12-30,001,I,,NT0300,NEL TROPHIES,SHOP 27; ORCHARD SHOPPING,CENTRE; VALENICA PARK,NELSPRUIT,1200,,ESTHER,1,1,,,ESTHER,ESTHER,09:28,O001573,OLD: SHOP 208 KA-MKHOLO BUILDING,P.O. BOX 742 NELSPRUIT,BADRESH: 084 496 2500,NUTAN: 083 654 0338,OLD: NELTROPHY@MWEB.CO.ZA,,,00,1.0,C,N
O,001574,001574,2024-07-26,2024-07-26,1899-12-30,001,I,,VE0100,VANADA ENGRAVERS CC,125 OXFORD STREET,EAST LONDON,,5201,,ESTHER,2,1,,,ESTHER,ESTHER,09:45,O001574,,P O BOX 7053,EAST LONDON,5200,,,,00,1.0,C,N
O,001575,001575,2024-07-26,2024-07-26,1899-12-30,001,C,,NT0300,NEL TROPHIES,SHOP 27; ORCHARD SHOPPING,CENTRE; VALENICA PARK,NELSPRUIT,1200,,,1,1,,,ESTHER,ESTHER,10:34,O001575,OLD: SHOP 208 KA-MKHOLO BUILDING,P.O. BOX 742 NELSPRUIT,BADRESH: 084 496 2500,NUTAN: 083 654 0338,OLD: NELTROPHY@MWEB.CO.ZA,,,00,1.0,C,N
I,001612,001573,1899-12-30,1899-12-30,2024-07-26,001,,,NT0300,NEL TROPHIES,SHOP 27; ORCHARD SHOPPING,CENTRE; VALENICA PARK,NELSPRUIT,1200,,,0,1,,,,,,I001573,,,,,,,,00,1.0,,
I,001613,001550,1899-12-30,1899-12-30,2024-07-26,003,,,TE0300,TOCKNELL ENGRAVERS,SHOP 9 PRELLER WALK,GEN HERTZOG AVE; DAN PIENAAR,BLOEMFONTEIN,9324,,,0,1,,,,,,I001550,,,,,,,,00,1.0,,
O,001576,001576,2024-07-26,2024-07-26,1899-12-30,003,,,TDG020,TAO DESIGNER GLASS,"P.O. BOX 5032, MEADOWDALE","30 GREEN STREET, WITFIELD",,1615,AUTO PEDIGREE,,2,1,,,BIANCA P,BIANCA P,11:26,O001576,,,,,,,,00,1.0,C,N
O,001577,001577,2024-07-26,2024-07-26,1899-12-30,003,I,,CIG010,CAST IN GLASS,7 SERCAL CRESCENT,"GOEDEMOED, DURBANVILLE",,7550,,BIANCA P,1,1,,,BIANCA P,BIANCA P,11:37,O001577,,BOX 1743,DURBANVILLE,7551,,,,00,1.0,C,N
I,001614,001577,1899-12-30,1899-12-30,2024-07-26,003,,,CIG010,CAST IN GLASS,7 SERCAL CRESCENT,"GOEDEMOED, DURBANVILLE",,7550,,,0,1,,,,,,I001577,,,,,,,,00,1.0,,
O,001578,001578,2024-07-26,2024-07-26,1899-12-30,001,I,,CP0100,CLASSIQUE PROMOTIONS,452 KERSTREL CRESCENT,RABIE RIDGE,MIDRAND,,,ESTHER,1,1,,,ESTHER,ESTHER,12:37,O001578,,,,,,,,00,1.0,C,N
I,001615,001578,1899-12-30,1899-12-30,2024-07-26,001,,,CP0100,CLASSIQUE PROMOTIONS,452 KERSTREL CRESCENT,RABIE RIDGE,MIDRAND,,,,0,1,,,,,,I001578,,,,,,,,00,1.0,,
I,001616,001574,1899-12-30,1899-12-30,2024-07-26,001,,,VE0100,VANADA ENGRAVERS CC,125 OXFORD STREET,EAST LONDON,,5201,,,0,1,,,,,,I001574,,,,,,,,00,1.0,,
I,001619,001572,1899-12-30,1899-12-30,2024-07-29,001,,,SM0200,SOURCING MAGIC,P.O. BOX 353,MAGALIESIG,,2067,,,0,1,,,,,,I001572,,,,,,,,00,1.0,,
O,001579,001579,2024-07-29,2024-07-29,1899-12-30,001,,,TSS020,TROPHY SUPA SUPPLY T/A TROPHYCITY MEGA S,ALLANDALE INDUSTRIAL PARK,"UNIT G85,CNR LE ROUX& MORKELS",MIDRAND,,,ESTHER,5,1,,,ESTHER,ESTHER,09:59,O001579,,P.O. BOX 75724,GARDENVIEW,2047,CHRISTINE (ACCOUNTS),,,00,1.0,C,N
O,001580,001580,2024-07-29,2024-07-29,1899-12-30,001,I,,TP0200,TROPHIES AND PLAQUES (PTY) LTD,TRADING AS: TROPHYSTORE,"UNIT H1 ROETE 24, 50 HERMAN ST","MEADOWDALE, GERMISTON",1609,,ESTHER,1,1,,,ESTHER,ESTHER,10:22,O001580,,,,,ELOISE@TROPHYSTORE.CO.ZA,,,00,1.0,C,N
I,001620,001580,1899-12-30,1899-12-30,2024-07-29,001,,,TP0200,TROPHIES AND PLAQUES (PTY) LTD,TRADING AS: TROPHYSTORE,"UNIT H1 ROETE 24, 50 HERMAN ST","MEADOWDALE, GERMISTON",1609,,,0,1,,,,,,I001580,,,,,,,,00,1.0,,
I,001621,001579,1899-12-30,1899-12-30,2024-07-29,001,,,TSS020,TROPHY SUPA SUPPLY T/A TROPHYCITY MEGA S,ALLANDALE INDUSTRIAL PARK,"UNIT G85,CNR LE ROUX& MORKELS",MIDRAND,,,,0,1,,,,,,I001579,,,,,,,,00,1.0,,
O,001581,001581,2024-07-29,2024-07-29,1899-12-30,003,,,TDG020,TAO DESIGNER GLASS,"P.O. BOX 5032, MEADOWDALE","30 GREEN STREET, WITFIELD",,1615,ATK,,1,1,,,BIANCA P,BIANCA P,11:33,O001581,,,,,,,,00,1.0,C,N
I,001622,001568,1899-12-30,1899-12-30,2024-07-29,003,,,TB0100,TROPHY BOUTIQUE,301 TREVOR GETHING; CNR OF,JACQUELINE & TREVOR GETHING,"GARSFONTEIN, PRETORIA",0042,,,0,1,,,,,,I001568,,,,,,,,00,1.0,,
O,001582,001582,2024-07-29,2024-07-29,1899-12-30,003,I,,CIG010,CAST IN GLASS,7 SERCAL CRESCENT,"GOEDEMOED, DURBANVILLE",,7550,,BIANCA P,1,1,,,BIANCA P,BIANCA P,11:56,O001582,,BOX 1743,DURBANVILLE,7551,,,,00,1.0,C,N
I,001623,001582,1899-12-30,1899-12-30,2024-07-29,003,,,CIG010,CAST IN GLASS,7 SERCAL CRESCENT,"GOEDEMOED, DURBANVILLE",,7550,,,0,1,,,,,,I001582,,,,,,,,00,1.0,,
O,001583,001583,2024-07-29,2024-07-29,1899-12-30,001,I,,CWMT01,COUNTRY WIDE MEDALS & TROPHIES,66 WEPENER STREET,BOOYSENS,,2091,,ESTHER,2,1,,,ESTHER,ESTHER,12:49,O001583,CWDAVID.FELDMAN@GMAIL.COM,P.O BOX 82433,SOUTHDALE,2135,CWRECEPTION@MWEB.CO.ZA,,,00,1.0,C,N
O,001584,001584,2024-07-29,2024-07-29,1899-12-30,001,I,,NT0300,NEL TROPHIES,SHOP 27; ORCHARD SHOPPING,CENTRE; VALENICA PARK,NELSPRUIT,1200,,ESTHER,2,1,,,ESTHER,ESTHER,12:58,O001584,OLD: SHOP 208 KA-MKHOLO BUILDING,P.O. BOX 742 NELSPRUIT,BADRESH: 084 496 2500,NUTAN: 083 654 0338,OLD: NELTROPHY@MWEB.CO.ZA,,,00,1.0,C,N
O,001585,001585,2024-07-29,2024-07-29,1899-12-30,003,I,,TD0100,TROPHY DEN,64 NELSON MANDELA AVENUE,"ARCHIMEDIX CORNER, SUITE 001",BLOCK B; RANDHART,,,BIANCA P,3,1,,,BIANCA P,BIANCA P,13:53,O001585,,,,,,,,00,1.0,C,N
O,001586,001586,2024-07-29,2024-07-29,1899-12-30,003,I,,TE0300,TOCKNELL ENGRAVERS,SHOP 9 PRELLER WALK,GEN HERTZOG AVE; DAN PIENAAR,BLOEMFONTEIN,9324,,BIANCA P,1,1,,,BIANCA P,BIANCA P,13:55,O001586,,"OLD: SHOP 37, BRANDWAG CENTRE",BLOEMFONTEIN,POB 12828;BRANDHOF;9324,,,,00,1.0,C,N
O,001587,001587,2024-07-29,2024-07-29,1899-12-30,001,I,,TP0200,TROPHIES AND PLAQUES (PTY) LTD,TRADING AS: TROPHYSTORE,"UNIT H1 ROETE 24, 50 HERMAN ST","MEADOWDALE, GERMISTON",1609,,ESTHER,1,1,,,ESTHER,ESTHER,15:51,O001587,,,,,ELOISE@TROPHYSTORE.CO.ZA,,,00,1.0,C,N
I,001624,001587,1899-12-30,1899-12-30,2024-07-29,001,,,TP0200,TROPHIES AND PLAQUES (PTY) LTD,TRADING AS: TROPHYSTORE,"UNIT H1 ROETE 24, 50 HERMAN ST","MEADOWDALE, GERMISTON",1609,,,0,1,,,,,,I001587,,,,,,,,00,1.0,,
O,001588,001588,2024-07-30,2024-07-30,1899-12-30,001,I,,FP0200,FIRST PRIZE TROPHIES,3785 JAN FREDERICK AVE,RANDPARK RIDGE,,,,ESTHER,2,1,,,ESTHER,ESTHER,08:28,O001588,INFO/SALES@FIRSTPRIZE.CO.ZA,P O BOX 2435,HONEYDEW,2040,NOELEN@FIRSTPRIZE.CO.ZA,,,00,1.0,C,N
I,001625,001584,1899-12-30,1899-12-30,2024-07-30,001,,,NT0300,NEL TROPHIES,SHOP 27; ORCHARD SHOPPING,CENTRE; VALENICA PARK,NELSPRUIT,1200,,,0,1,,,,,,I001584,,,,,,,,00,1.0,,
O,001589,001589,2024-07-30,2024-07-30,1899-12-30,003,I,,T01000,DANAUS TRADING,TRADING AS:    TROMED,70 MOLLISON ROAD; BENONI NORTH,"AGRICULTURAL HOLDINGS, BENONI",1501,,BIANCA P,1,1,,,BIANCA P,BIANCA P,10:19,O001589,,"PO BOX 6179, RIVONIA, 2128",,RON CK: CK91/34369/23,"OLD: PBOX 9393, BRENTWOOD PARK",,,00,1.0,C,N
O,001590,001590,2024-07-30,2024-07-30,1899-12-30,001,I,,LS0200,LANGENI SUPPLIES,T/A PHOTO CRYSTALS,50 MADEIRA STREET,MTHATHA,5099,,ESTHER,4,1,,,ESTHER,ESTHER,10:47,O001590,P O BOX 268; MTHATHA; 5140,*DIFFICULT CLIENT = QLTY,AQUARIUS STAMPS 011 4537012,NICOLET/JAMES,REFERED BY: PHIL,,,00,1.0,C,N
I,001626,001588,1899-12-30,1899-12-30,2024-07-30,001,,,FP0200,FIRST PRIZE TROPHIES,3785 JAN FREDERICK AVE,RANDPARK RIDGE,,,,,0,1,,,,,,I001588,,,,,,,,00,1.0,,
I,001627,001586,1899-12-30,1899-12-30,2024-07-30,003,,,TE0300,TOCKNELL ENGRAVERS,SHOP 9 PRELLER WALK,GEN HERTZOG AVE; DAN PIENAAR,BLOEMFONTEIN,9324,,,0,1,,,,,,I001586,,,,,,,,00,1.0,,
O,001591,001591,2024-07-30,2024-07-30,1899-12-30,003,I,,HD0100,HELIUM DESIGN CC,39 EDENDALE ROAD,"EDENGLEN, EDENVALE",,1609,,BIANCA P,1,1,,,BIANCA P,BIANCA P,12:30,O001591,,076 423 4210 KEITH,082 080 9473 GRANT,082 411 2878 ANDREA,,,,00,1.0,C,N
O,001592,001592,2024-07-30,2024-07-30,1899-12-30,001,I,,TC0700,TROPHY CENTRE,SHOP 010B; PARK BOULEVARD,SHOPPING CENTRE; 11 BROWN,DRIFT ROAD; UMGENI PARK; DURBA,,,ESTHER,4,1,,,ESTHER,ESTHER,13:58,O001592,"KOORNHOF & ESSEX RD, MEADOWDALE",P.O. BOX 60,UMGENI PARK,4098,THE MEADOW (KEMTRADE) CNR,,,00,1.0,C,N
I,001628,001591,1899-12-30,1899-12-30,2024-07-30,003,,,HD0100,HELIUM DESIGN CC,39 EDENDALE ROAD,"EDENGLEN, EDENVALE",,1609,,,0,1,,,,,,I001591,,,,,,,,00,1.0,,
I,001629,001590,1899-12-30,1899-12-30,2024-07-30,001,,,LS0200,LANGENI SUPPLIES,T/A PHOTO CRYSTALS,50 MADEIRA STREET,MTHATHA,5099,,,0,1,,,,,,I001590,,,,,,,,00,1.0,,
I,001630,001454,1899-12-30,1899-12-30,2024-07-31,003,,,TDG020,TAO DESIGNER GLASS,"P.O. BOX 5032, MEADOWDALE","30 GREEN STREET, WITFIELD",,1615,NOMADS,,0,1,,,,,,I001454,,,,,,,,00,1.0,,
I,001631,001533,1899-12-30,1899-12-30,2024-07-31,003,,,TDG020,TAO DESIGNER GLASS,"P.O. BOX 5032, MEADOWDALE","30 GREEN STREET, WITFIELD",,1615,SIFISO,,0,1,,,,,,I001533,,,,,,,,00,1.0,,
O,001593,001593,2024-07-31,2024-07-31,1899-12-30,003,I,,TDG020,TAO DESIGNER GLASS,"P.O. BOX 5032, MEADOWDALE","30 GREEN STREET, WITFIELD",,1615,STUFF MAGAZINE,BIANCA P,1,1,,,BIANCA P,BIANCA P,09:50,O001593,,,,,,,,00,1.0,C,N
O,001594,001594,2024-07-31,2024-07-31,1899-12-30,003,,,TDG020,TAO DESIGNER GLASS,"P.O. BOX 5032, MEADOWDALE","30 GREEN STREET, WITFIELD",,1615,STRICTLY BALLROOM,,1,1,,,BIANCA P,BIANCA P,09:54,O001594,,,,,,,,00,1.0,C,N
O,001595,001595,2024-07-31,2024-07-31,1899-12-30,003,,,TDG020,TAO DESIGNER GLASS,"P.O. BOX 5032, MEADOWDALE","30 GREEN STREET, WITFIELD",,1615,SADA,,2,1,,,BIANCA P,BIANCA P,09:55,O001595,,,,,,,,00,1.0,C,N
O,001596,001596,2024-07-31,2024-07-31,1899-12-30,003,I,,TDG020,TAO DESIGNER GLASS,"P.O. BOX 5032, MEADOWDALE","30 GREEN STREET, WITFIELD",,1615,EK & JY,BIANCA P,2,1,,,BIANCA P,BIANCA P,09:59,O001596,,,,,,,,00,1.0,C,N
I,001633,001593,1899-12-30,1899-12-30,2024-07-31,003,,,TDG020,TAO DESIGNER GLASS,"P.O. BOX 5032, MEADOWDALE","30 GREEN STREET, WITFIELD",,1615,STUFF MAGAZINE,,0,1,,,,,,I001593,,,,,,,,00,1.0,,
I,001634,001583,1899-12-30,1899-12-30,2024-07-31,001,,,CWMT01,COUNTRY WIDE MEDALS & TROPHIES,66 WEPENER STREET,BOOYSENS,,2091,,,0,1,,,,,,I001583,,,,,,,,00,1.0,,
I,001635,001585,1899-12-30,1899-12-30,2024-07-31,003,,,TD0100,TROPHY DEN,64 NELSON MANDELA AVENUE,"ARCHIMEDIX CORNER, SUITE 001",BLOCK B; RANDHART,,,,0,1,,,,,,I001585,,,,,,,,00,1.0,,
O,001597,001597,2024-07-31,2024-07-31,1899-12-30,003,I,,TA0100,ANTEL TRADING (PTY) LTD,T/A: TROPHY AFRICA,SHOP 3; HEATHWAY CENTRE,BLACKHEATH,,,BIANCA P,4,1,,,BIANCA P,BIANCA P,12:22,O001597,BRUCE: 0823308029,,"PO BOX 2134, NORTHCLIFF, 2115",OLD OWNERS: ELSABE,MAIL@TROPHYAFRICA.CO.ZA,,,00,1.0,C,N
O,001598,001598,2024-07-31,2024-07-31,1899-12-30,003,I,,TB0100,TROPHY BOUTIQUE,301 TREVOR GETHING; CNR OF,JACQUELINE & TREVOR GETHING,"GARSFONTEIN, PRETORIA",0042,,BIANCA P,3,1,,,BIANCA P,BIANCA P,12:22,O001598,,P.O. BOX 335,GARSFONTEIN WEST,0042,COENIE@TROPHYMB.CO.ZA,,,00,1.0,C,N
I,001636,001527,1899-12-30,1899-12-30,2024-07-31,003,,,ICE010,ICE INC PTY LTD,390 MENDHI STREET,LAUDIUM,,,,,0,1,,,,,,I001527,,,,,,,,00,1.0,,
O,001599,001599,2024-07-31,2024-07-31,1899-12-30,003,I,,PA0400,PRESTIGE AWARDS (PTY) LTD,419 CORK AVE,"FERNDALE, RANDBURG",,,,BIANCA P,3,1,,,BIANCA P,BIANCA P,13:50,O001599,,P.O. BOX 444,FERNDALE 2160,LESLEY/JENNY,JENNY / FIONA,,,00,1.0,C,N
O,001600,001600,2024-07-31,2024-07-31,1899-12-30,001,I,,TJ0100,TROPHY JUNCTION,175 KENT AVENUE,"FERNDALE RIDGE, RANDBURG",,,,ESTHER,1,1,,,ESTHER,ESTHER,15:04,O001600,,P.O. BOX 1382,PIINEGOWRIE,2123,STATION@TROPHYJUNCTION.CO.ZA,,,00,1.0,C,N
I,001638,001600,1899-12-30,1899-12-30,2024-07-31,001,,,TJ0100,TROPHY JUNCTION,175 KENT AVENUE,"FERNDALE RIDGE, RANDBURG",,,P/O/1927,,0,1,,,,,,I001600,,,,,,,,00,1.0,,
I,001639,001570,1899-12-30,1899-12-30,2024-08-01,003,,,TDG020,TAO DESIGNER GLASS,"P.O. BOX 5032, MEADOWDALE","30 GREEN STREET, WITFIELD",,1615,PRISM,,0,1,,,,,,I001570,,,,,,,,00,1.0,,
O,001601,001601,2024-08-01,2024-08-01,1899-12-30,003,I,,ME0100,MONTANA ENGRAVERS,A102 MONTANA FAMILY MARKET,CNR SEFAKO MAKGATHO &,ENKELDOORN STREET,,,BIANCA P,1,1,,,BIANCA P,BIANCA P,09:08,O001601,,,,,,,,00,1.0,C,N
I,001640,001601,1899-12-30,1899-12-30,2024-08-01,003,,,ME0100,MONTANA ENGRAVERS,A102 MONTANA FAMILY MARKET,CNR SEFAKO MAKGATHO &,ENKELDOORN STREET,,,,0,1,,,,,,I001601,,,,,,,,00,1.0,,
O,001602,001602,2024-08-01,2024-08-01,1899-12-30,001,I,,SN0200,TROJAN GLASSWORKS CC,"NGWENYA GLASS VILLAGE,",C/O BEYERS NAUDE&R114 DIEPSLOT,MULDERSDRIFT;,1747,,ESTHER,2,1,,,ESTHER,ESTHER,09:43,O001602,(MONIQUE),P.O.BOX 321,MULDERSDRIFT 1747,BUZZ: 082-785-7397,,,,00,1.0,C,N
O,001603,001603,2024-08-01,2024-08-01,1899-12-30,003,I,,HD0100,HELIUM DESIGN CC,39 EDENDALE ROAD,"EDENGLEN, EDENVALE",,1609,,BIANCA P,1,1,,,BIANCA P,BIANCA P,10:02,O001603,,076 423 4210 KEITH,082 080 9473 GRANT,082 411 2878 ANDREA,,,,00,1.0,C,N
O,001604,001604,2024-08-01,2024-08-01,1899-12-30,001,I,,MSB010,MDLAYI SPORTS BRAND,20685 ORINOCO CRESCENT,PROTEA GLEN EXT 20 SOWETO,GAUTENG,1818,,ESTHER,1,1,,,ESTHER,ESTHER,10:05,O001604,,,,,TROPHIES.BADGES@GMAIL.COM,,,00,1.0,C,N
I,001642,001604,1899-12-30,1899-12-30,2024-08-01,001,,,MSB010,MDLAYI SPORTS BRAND,20685 ORINOCO CRESCENT,PROTEA GLEN EXT 20 SOWETO,GAUTENG,1818,,,0,1,,,,,,I001604,,,,,,,,00,1.0,,
I,001643,001598,1899-12-30,1899-12-30,2024-08-01,003,,,TB0100,TROPHY BOUTIQUE,301 TREVOR GETHING; CNR OF,JACQUELINE & TREVOR GETHING,"GARSFONTEIN, PRETORIA",0042,,,0,1,,,,,,I001598,,,,,,,,00,1.0,,
O,001605,001605,2024-08-01,2024-08-01,1899-12-30,001,,,JAM010,JAMNADAS C&C,82 KERK STREET,POLOKWANE,,0759,,,5,1,,,ESTHER,ESTHER,11:06,O001605,,P.O. BOX 31155,SUPERBJA,0759,,,,00,1.0,C,N
O,001606,001606,2024-08-01,2024-08-01,1899-12-30,003,,,TB0100,TROPHY BOUTIQUE,301 TREVOR GETHING; CNR OF,JACQUELINE & TREVOR GETHING,"GARSFONTEIN, PRETORIA",0042,,,6,1,,,BIANCA P,BIANCA P,12:03,O001606,,P.O. BOX 335,GARSFONTEIN WEST,0042,COENIE@TROPHYMB.CO.ZA,,,00,1.0,C,N
O,001607,001607,2024-08-01,2024-08-01,1899-12-30,001,I,,FP0200,FIRST PRIZE TROPHIES,3785 JAN FREDERICK AVE,RANDPARK RIDGE,,,,ESTHER,1,1,,,ESTHER,ESTHER,15:03,O001607,INFO/SALES@FIRSTPRIZE.CO.ZA,P O BOX 2435,HONEYDEW,2040,NOELEN@FIRSTPRIZE.CO.ZA,,,00,1.0,C,N
I,001644,001603,1899-12-30,1899-12-30,2024-08-01,003,,,HD0100,HELIUM DESIGN CC,39 EDENDALE ROAD,"EDENGLEN, EDENVALE",,1609,,,0,1,,,,,,I001603,,,,,,,,00,1.0,,
I,001646,001596,1899-12-30,1899-12-30,2024-08-02,003,,,TDG020,TAO DESIGNER GLASS,"P.O. BOX 5032, MEADOWDALE","30 GREEN STREET, WITFIELD",,1615,EK & JY,,0,1,,,,,,I001596,,,,,,,,00,1.0,,
I,001647,001592,1899-12-30,1899-12-30,2024-08-02,001,,,TC0700,TROPHY CENTRE,SHOP 010B; PARK BOULEVARD,SHOPPING CENTRE; 11 BROWN,DRIFT ROAD; UMGENI PARK; DURBA,,,,0,1,,,,,,I001592,,,,,,,,00,1.0,,
I,001648,001602,1899-12-30,1899-12-30,2024-08-02,001,,,SN0200,TROJAN GLASSWORKS CC,"NGWENYA GLASS VILLAGE,",C/O BEYERS NAUDE&R114 DIEPSLOT,MULDERSDRIFT;,1747,,,0,1,,,,,,I001602,,,,,,,,00,1.0,,
I,001649,001589,1899-12-30,1899-12-30,2024-08-02,003,,,T01000,DANAUS TRADING,TRADING AS:    TROMED,70 MOLLISON ROAD; BENONI NORTH,"AGRICULTURAL HOLDINGS, BENONI",1501,,,0,1,,,,,,I001589,,,,,,,,00,1.0,,
O,001608,001608,2024-08-02,2024-08-02,1899-12-30,003,I,,IT0100,ITROPHIES (PTY) LTD,80 MAIN ROAD,FARRAMERE,BENONI,,,BIANCA P,1,1,,,BIANCA P,BIANCA P,14:16,O001608,,,,,,,,00,1.0,C,N
I,001651,001608,1899-12-30,1899-12-30,2024-08-02,003,,,IT0100,ITROPHIES (PTY) LTD,80 MAIN ROAD,FARRAMERE,BENONI,,,,0,1,,,,,,I001608,,,,,,,,00,1.0,,
O,001609,001609,2024-08-05,2024-08-05,1899-12-30,003,,,IT0100,ITROPHIES (PTY) LTD,80 MAIN ROAD,FARRAMERE,BENONI,,PEP,,1,1,,,BIANCA P,BIANCA P,08:14,O001609,,,,,,,,00,1.0,C,N
O,001610,001610,2024-08-05,2024-08-05,1899-12-30,003,,,HD0100,HELIUM DESIGN CC,39 EDENDALE ROAD,"EDENGLEN, EDENVALE",,1609,,,1,1,,,BIANCA P,BIANCA P,08:30,O001610,,076 423 4210 KEITH,082 080 9473 GRANT,082 411 2878 ANDREA,,,,00,1.0,C,N
O,001611,001611,2024-08-05,2024-08-05,1899-12-30,003,I,,TE0300,TOCKNELL ENGRAVERS,SHOP 9 PRELLER WALK,GEN HERTZOG AVE; DAN PIENAAR,BLOEMFONTEIN,9324,,BIANCA P,1,1,,,BIANCA P,BIANCA P,11:11,O001611,,"OLD: SHOP 37, BRANDWAG CENTRE",BLOEMFONTEIN,POB 12828;BRANDHOF;9324,,,,00,1.0,C,N
I,001652,001597,1899-12-30,1899-12-30,2024-08-05,003,,,TA0100,ANTEL TRADING (PTY) LTD,T/A: TROPHY AFRICA,SHOP 3; HEATHWAY CENTRE,BLACKHEATH,,,,0,1,,,,,,I001597,,,,,,,,00,1.0,,
I,001653,001599,1899-12-30,1899-12-30,2024-08-05,003,,,PA0400,PRESTIGE AWARDS (PTY) LTD,419 CORK AVE,"FERNDALE, RANDBURG",,,,,0,1,,,,,,I001599,,,,,,,,00,1.0,,
I,001654,001607,1899-12-30,1899-12-30,2024-08-05,001,,,FP0200,FIRST PRIZE TROPHIES,3785 JAN FREDERICK AVE,RANDPARK RIDGE,,,,,0,1,,,,,,I001607,,,,,,,,00,1.0,,
O,001612,001612,2024-08-05,2024-08-05,1899-12-30,001,,,TSS020,TROPHY SUPA SUPPLY T/A TROPHYCITY MEGA S,ALLANDALE INDUSTRIAL PARK,"UNIT G85,CNR LE ROUX& MORKELS",MIDRAND,,,,2,1,,,ESTHER,ESTHER,13:52,O001612,,P.O. BOX 75724,GARDENVIEW,2047,CHRISTINE (ACCOUNTS),,,00,1.0,C,N
O,001613,001613,2024-08-05,2024-08-05,1899-12-30,003,,,TDG020,TAO DESIGNER GLASS,"P.O. BOX 5032, MEADOWDALE","30 GREEN STREET, WITFIELD",,1615,BAR & BEVERAGE,,1,1,,,BIANCA P,BIANCA P,14:26,O001613,,,,,,,,00,1.0,C,N
O,001614,001614,2024-08-05,2024-08-05,1899-12-30,003,,,TDG020,TAO DESIGNER GLASS,"P.O. BOX 5032, MEADOWDALE","30 GREEN STREET, WITFIELD",,1615,ITEC,,1,1,,,BIANCA P,BIANCA P,14:28,O001614,,,,,,,,00,1.0,C,N
O,001615,001615,2024-08-05,2024-08-05,1899-12-30,003,I,,CTR010,CLASSIQUE TROPHIES & RESIN,39 GORST AVENUE,PRIMROSE HILL,GERMISTON,1401,,BIANCA P,1,1,000218,,BIANCA P,BIANCA P,14:44,O001615,,,,,SALES@CLASSIQUETROPHIES.CO.ZA,,,00,1.0,C,N
I,001655,001611,1899-12-30,1899-12-30,2024-08-05,003,,,TE0300,TOCKNELL ENGRAVERS,SHOP 9 PRELLER WALK,GEN HERTZOG AVE; DAN PIENAAR,BLOEMFONTEIN,9324,,,0,1,,,,,,I001611,,,,,,,,00,1.0,,
O,001616,001616,2024-08-05,2024-08-05,1899-12-30,003,,,PA0400,PRESTIGE AWARDS (PTY) LTD,419 CORK AVE,"FERNDALE, RANDBURG",,,,,1,1,,,BIANCA P,BIANCA P,15:02,O001616,,P.O. BOX 444,FERNDALE 2160,LESLEY/JENNY,JENNY / FIONA,,,00,1.0,C,N
I,001656,001615,1899-12-30,1899-12-30,2024-08-05,003,,,CTR010,CLASSIQUE TROPHIES & RESIN,39 GORST AVENUE,PRIMROSE HILL,GERMISTON,1401,,,0,1,,,,,,I001615,,,,,,,,00,1.0,,
O,001617,001617,2024-08-05,2024-08-05,1899-12-30,001,,,MM0200,ON 68 PRETORIA ROAD,T/A MOMENTUS MOMENTS,68 PRETORIA ROAD,RYNFIELD; BENONI,1501,,,3,1,,,ESTHER,ESTHER,15:26,O001617,OLD OWNER: JUDESM@TELKOMSA.NET,ACCOUNT CREATED 23/01/2017,OLD: 7 DOUGLAS AVE,"           FARRARMERE, BENONI",,,,00,1.0,C,N
