"ITEM NUMBER","DESCRIPTION","SUPPLIER","DOCNO","REFNO","DATE","QUANTITY","PRICE","TOTAL"
"CS-026Y-L","TR ROUND YELLOW SIDES 270M","KWC000 KWC","000001","000001","17/11/2023","64.00","262.00","16768.00"
"CS-026Y-L","TR ROUND YELLOW SIDES 270M","KWC000 KWC","000006","000006","20/06/2024","128.00","279.00","35712.00"
"CS-026Y-M","TR ROUND YELLOW SIDES 245M","KWC000 KWC","000006","000006","20/06/2024","128.00","247.00","31616.00"
"CS-026Y-S","TR ROUND YELLOW SIDES 225M","KWC000 KWC","000006","000006","20/06/2024","128.00","223.00","28544.00"
"CS-06B-L","BLUE STAR TO LEFT & BLUE/B","KWC000 KWC","000004","000004","28/02/2024","96.00","337.00","32352.00"
"CS-06B-M","BLUE STAR TO LEFT & BLUE/B","KWC000 KWC","000004","000004","28/02/2024","96.00","300.00","28800.00"
"CS-06B-M","BLUE STAR TO LEFT & BLUE/B","KWC000 KWC","000009","000009","08/10/2024","120.00","280.00","33600.00"
"CS-06B-S","BLUE STAR TO LEFT & BLUE/B","KWC000 KWC","000009","000009","08/10/2024","120.00","245.00","29400.00"
"CS-08B-L","LONG STAR BLUE BASE 285MM(","KWC000 KWC","000004","000004","28/02/2024","96.00","263.00","25248.00"
"CS-08B-M","LONG STAR BLUE BASE 250MM(","KWC000 KWC","000009","000009","08/10/2024","120.00","196.00","23520.00"
"CS-08B-S","LONG STAR BLUE BASE 230MM(","KWC000 KWC","000009","000009","08/10/2024","100.00","168.00","16800.00"
"CS-101040-B","BLK SQUARE BASE 100*100*40","KWC000 KWC","000006","000006","20/06/2024","200.00","231.00","46200.00"
"CS-101040-B","BLK SQUARE BASE 100*100*40","KWC000 KWC","000009","000009","08/10/2024","200.00","203.00","40600.00"
"CS-101040-C","CLR SQUARE BASE 100*100*40","KWC000 KWC","000006","000006","20/06/2024","100.00","167.00","16700.00"
"CS-101040-C","CLR SQUARE BASE 100*100*40","KWC000 KWC","000009","000009","08/10/2024","200.00","147.00","29400.00"
"CS-1255025","CLEAR BASE 125*50*25MM","KWC000 KWC","000003","000003","21/11/2023","1000.00","64.00","64000.00"
"CS-135025","CLEAR BASE 130*50*25 MM","KWC000 KWC","000009","000009","08/10/2024","300.00","63.00","18900.00"
"CS-137030-B","BLK RECTANGLE BASE 130*70*","KWC000 KWC","000009","000009","08/10/2024","200.00","130.00","26000.00"
"CS-137030-C","CLR RECTANGEL BASE 130*70*","KWC000 KWC","000006","000006","20/06/2024","200.00","111.00","22200.00"
"CS-137030-C","CLR RECTANGEL BASE 130*70*","KWC000 KWC","000009","000009","08/10/2024","160.00","98.00","15680.00"
"CS-158010-C","CLEAR BASE 150*80*12MM","KWC000 KWC","000006","000006","20/06/2024","200.00","28.00","5600.00"
"CS-168035-B","BLK RECTANGLE BASE 160*80*","KWC000 KWC","000009","000009","08/10/2024","100.00","193.00","19300.00"
"CS-184-L","CURVED TROPHY 270MM (H)","KWC000 KWC","000001","000001","17/11/2023","120.00","412.00","49440.00"
"CS-184-M","CURVED TROPHY 250MM (H)","KWC000 KWC","000001","000001","17/11/2023","60.00","345.00","20700.00"
"CS-184-S","CURVED TROPHY 225MM (H)","KWC000 KWC","000001","000001","17/11/2023","120.00","315.00","37800.00"
"CS-195A-L","BULKY PILLAR TR 190MM (H)","KWC000 KWC","000004","000004","28/02/2024","100.00","270.00","27000.00"
"CS-195A-M","BULKY PILLAR TR 160MM (H)","KWC000 KWC","000004","000004","28/02/2024","100.00","240.00","24000.00"
"CS-195A-S","BULKY PILLAR TR 130MM (H)","KWC000 KWC","000004","000004","28/02/2024","100.00","210.00","21000.00"
"CS-206030-C","CLEAR BASE 200*60*30MM","KWC000 KWC","000004","000004","28/02/2024","240.00","112.00","26880.00"
"CS-2HB-L","SCROLL TYPE BLUE 255MM(H)","KWC000 KWC","000001","000001","17/11/2023","80.00","203.00","16240.00"
"CS-2HB-L","SCROLL TYPE BLUE 255MM(H)","KWC000 KWC","000009","000009","08/10/2024","120.00","189.00","22680.00"
"CS-2HB-M","SCROLL TYPE BLUE 225MM(H)","KWC000 KWC","000001","000001","17/11/2023","84.00","173.00","14532.00"
"CS-2HB-M","SCROLL TYPE BLUE 225MM(H)","KWC000 KWC","000009","000009","08/10/2024","120.00","161.00","19320.00"
"CS-2HB-XL","SCROLL TYPE BLUE 275MM(H)","KWC000 KWC","000001","000001","17/11/2023","40.00","233.00","9320.00"
"CS-2HB-XL","SCROLL TYPE BLUE 275MM(H)","KWC000 KWC","000009","000009","08/10/2024","100.00","217.00","21700.00"
"CS-44-L","OVALISH SHIELD 220MM (H)","KWC000 KWC","000001","000001","17/11/2023","120.00","172.00","20640.00"
"CS-44-L","OVALISH SHIELD 220MM (H)","KWC000 KWC","000004","000004","28/02/2024","100.00","172.00","17200.00"
"CS-44-L","OVALISH SHIELD 220MM (H)","KWC000 KWC","000009","000009","08/10/2024","200.00","161.00","32200.00"
"CS-44-M","OVALISH SHIELD 200MM (H)","KWC000 KWC","000004","000004","28/02/2024","100.00","150.00","15000.00"
"CS-44-M","OVALISH SHIELD 200MM (H)","KWC000 KWC","000009","000009","08/10/2024","200.00","140.00","28000.00"
"CS-44-S","OVALISH SHIELD 160MM (H)","KWC000 KWC","000001","000001","17/11/2023","120.00","112.00","13440.00"
"CS-44-S","OVALISH SHIELD 160MM (H)","KWC000 KWC","000009","000009","08/10/2024","200.00","105.00","21000.00"
"CS-45-L","PRESTIGES LIKE 220MM (H)","KWC000 KWC","000001","000001","17/11/2023","96.00","172.00","16512.00"
"CS-45-L","PRESTIGES LIKE 220MM (H)","KWC000 KWC","000006","000006","20/06/2024","192.00","183.00","35136.00"
"CS-45-M","PRESTIGES LIKE 200MM (H)","KWC000 KWC","000001","000001","17/11/2023","96.00","150.00","14400.00"
"CS-45-M","PRESTIGES LIKE 200MM (H)","KWC000 KWC","000006","000006","20/06/2024","180.00","159.00","28620.00"
"CS-45-S","PRESTIGES LIKE 165MM (H)","KWC000 KWC","000004","000004","28/02/2024","100.00","113.00","11300.00"
"CS-45-S","PRESTIGES LIKE 165MM (H)","KWC000 KWC","000006","000006","20/06/2024","100.00","120.00","12000.00"
"CS-50-L","FLAME TROPHY 215MM (H)","KWC000 KWC","000001","000001","17/11/2023","120.00","191.00","22920.00"
"CS-50-L","FLAME TROPHY 215MM (H)","KWC000 KWC","000004","000004","28/02/2024","120.00","191.00","22920.00"
"CS-50-L","FLAME TROPHY 215MM (H)","KWC000 KWC","000009","000009","08/10/2024","300.00","179.00","53700.00"
"CS-50-M","FLAME TROPHY 200MM (H)","KWC000 KWC","000001","000001","17/11/2023","46.00","169.00","7774.00"
"CS-50-M","FLAME TROPHY 200MM (H)","KWC000 KWC","000004","000004","28/02/2024","120.00","169.00","20280.00"
"CS-50-M","FLAME TROPHY 200MM (H)","KWC000 KWC","000009","000009","08/10/2024","240.00","158.00","37920.00"
"CS-50-S","FLAME TROPHY 160MM (H)","KWC000 KWC","000001","000001","17/11/2023","60.00","131.00","7860.00"
"CS-50-S","FLAME TROPHY 160MM (H)","KWC000 KWC","000004","000004","28/02/2024","120.00","131.00","15720.00"
"CS-50-S","FLAME TROPHY 160MM (H)","KWC000 KWC","000009","000009","08/10/2024","240.00","123.00","29520.00"
"CS-55-L","FLAT SHIELD GREEN 225MM(H)","KWC000 KWC","000004","000004","28/02/2024","100.00","191.00","19100.00"
"CS-55-M","FLAT SHIELD GREEN 200MM(H)","KWC000 KWC","000004","000004","28/02/2024","120.00","169.00","20280.00"
"CS-55-M","FLAT SHIELD GREEN 200MM(H)","KWC000 KWC","000009","000009","08/10/2024","120.00","158.00","18960.00"
"CS-55-S","FLAT SHIELD GREEN 170MM(H)","KWC000 KWC","000004","000004","28/02/2024","100.00","131.00","13100.00"
"CS-55-S","FLAT SHIELD GREEN 170MM(H)","KWC000 KWC","000009","000009","08/10/2024","120.00","123.00","14760.00"
"CS-56-L","LEAF SHAPE W/ GREEN 230MM","KWC000 KWC","000006","000006","20/06/2024","100.00","202.00","20200.00"
"CS-56-M","LEAF SHAPE W/ GREEN 210MM","KWC000 KWC","000006","000006","20/06/2024","100.00","179.00","17900.00"
"CS-56-S","LEAF SHAPE W/ GREEN 170MM","KWC000 KWC","000006","000006","20/06/2024","100.00","139.00","13900.00"
"CS-59-1L","BADGE SHIELD & WREATH 250M","KWC000 KWC","000001","000001","17/11/2023","50.00","217.00","10850.00"
"CS-59-1L","BADGE SHIELD & WREATH 250M","KWC000 KWC","000006","000006","20/06/2024","120.00","231.00","27720.00"
"CS-59-1M","BADGE SHIELD & WREATH 230M","KWC000 KWC","000001","000001","17/11/2023","48.00","187.00","8976.00"
"CS-59-1M","BADGE SHIELD & WREATH 230M","KWC000 KWC","000006","000006","20/06/2024","120.00","199.00","23880.00"
"CS-59-1S","BADGE SHIELD & WREATH 210M","KWC000 KWC","000001","000001","17/11/2023","48.00","150.00","7200.00"
"CS-59-1S","BADGE SHIELD & WREATH 210M","KWC000 KWC","000006","000006","20/06/2024","120.00","159.00","19080.00"
"CS-65-L","SHARP DIAMOND W/WREATH; BL","KWC000 KWC","000006","000006","20/06/2024","100.00","215.00","21500.00"
"CS-65-M","SHARP DIAMOND W/WREATH; BL","KWC000 KWC","000006","000006","20/06/2024","100.00","191.00","19100.00"
"CS-65-S","SHARP DIAMOND W/WREATH; BL","KWC000 KWC","000006","000006","20/06/2024","100.00","152.00","15200.00"
"CS-66-L","SQUARE W/ WREATH; BLUE PIE","KWC000 KWC","000006","000006","20/06/2024","100.00","215.00","21500.00"
"CS-66-M","SQUARE W/ WREATH; BLUE PIE","KWC000 KWC","000006","000006","20/06/2024","100.00","191.00","19100.00"
"CS-66-S","SQUARE W/ WREATH; BLUE PIE","KWC000 KWC","000006","000006","20/06/2024","100.00","152.00","15200.00"
"CS-67-L","SHIELD ROUNDED BOTTOM W/ W","KWC000 KWC","000006","000006","20/06/2024","100.00","215.00","21500.00"
"CS-67-M","SHIELD ROUNDED BOTTOM W/ W","KWC000 KWC","000006","000006","20/06/2024","100.00","191.00","19100.00"
"CS-67-S","SHIELD ROUNDED BOTTOM W/ W","KWC000 KWC","000006","000006","20/06/2024","100.00","152.00","15200.00"
"CS-68-L","SHIELD W/ WREATH; BLACK PI","KWC000 KWC","000006","000006","20/06/2024","100.00","215.00","21500.00"
"CS-68-M","SHIELD W/ WREATH; BLACK PI","KWC000 KWC","000006","000006","20/06/2024","100.00","191.00","19100.00"
"CS-68-S","SHIELD W/ WREATH; BLACK PI","KWC000 KWC","000006","000006","20/06/2024","100.00","152.00","15200.00"
"CS-808028-L","CLEAR BASE LED LIGHT 80*80","KWC000 KWC","000009","000009","08/10/2024","190.00","88.00","16720.00"
"CS-810","SLANTED BLOCK W/ BLUE STAR","KWC000 KWC","000006","000006","20/06/2024","100.00","461.00","46100.00"
"CS-814","BIG PRESTIGE TROPHY 255MM","KWC000 KWC","000006","000006","20/06/2024","60.00","382.00","22920.00"
"CS-815","PILLAR W/ BLUE EARTH BALL","KWC000 KWC","000006","000006","20/06/2024","100.00","382.00","38200.00"
"CS-816","ROUND PILLAR W/ CROWN 275M","KWC000 KWC","000006","000006","20/06/2024","60.00","438.00","26280.00"
"CS-8830","CLEAR BASE 80*80*30 MM","KWC000 KWC","000004","000004","28/02/2024","250.00","68.00","17000.00"
"CS-8830","CLEAR BASE 80*80*30 MM","KWC000 KWC","000009","000009","08/10/2024","200.00","67.00","13400.00"
"CS-A70","SHIELD SHAPE 220MM(H)","KWC000 KWC","000001","000001","17/11/2023","90.00","345.00","31050.00"
"CS-A70B","SHIELD W/BLACK BASE 220MM(","KWC000 KWC","000001","000001","17/11/2023","120.00","345.00","41400.00"
"CS-A7-L","SLANTED HEXAGON 230MM(H)","KWC000 KWC","000001","000001","17/11/2023","120.00","270.00","32400.00"
"CS-A7-L","SLANTED HEXAGON 230MM(H)","KWC000 KWC","000006","000006","20/06/2024","100.00","286.00","28600.00"
"CS-A7-M","SLANTED HEXAGON 200MM(H)","KWC000 KWC","000006","000006","20/06/2024","100.00","263.00","26300.00"
"CS-A7-S","SLANTED HEXAGON 190MM(H)","KWC000 KWC","000006","000006","20/06/2024","100.00","223.00","22300.00"
"CS-BA100","100MM DIAMOND ON BASE 115M","KWC000 KWC","000004","000004","28/02/2024","120.00","151.00","18120.00"
"CS-BB12-L","TRIANGLE TYPE ON BASE 240M","KWC000 KWC","000001","000001","17/11/2023","120.00","315.00","37800.00"
"CS-BB12-L","TRIANGLE TYPE ON BASE 240M","KWC000 KWC","000006","000006","20/06/2024","100.00","334.00","33400.00"
"CS-BB12-L","TRIANGLE TYPE ON BASE 240M","KWC000 KWC","000009","000009","08/10/2024","120.00","294.00","35280.00"
"CS-BB12-M","TRIANGLE TYPE ON BASE 225M","KWC000 KWC","000006","000006","20/06/2024","144.00","286.00","41184.00"
"CS-BB12-M","TRIANGLE TYPE ON BASE 225M","KWC000 KWC","000009","000009","08/10/2024","120.00","252.00","30240.00"
"CS-BB12-S","TRIANGLE TYPE ON BASE 200M","KWC000 KWC","000004","000004","28/02/2024","144.00","232.00","33408.00"
"CS-BB12-S","TRIANGLE TYPE ON BASE 200M","KWC000 KWC","000009","000009","08/10/2024","132.00","217.00","28644.00"
"CS-C-4","SHIELD & BLUE SCROLL 160MM","KWC000 KWC","000006","000006","20/06/2024","200.00","111.00","22200.00"
"CS-C-65","OCTAGON & BLUE SCROLL 155M","KWC000 KWC","000004","000004","28/02/2024","240.00","108.00","25920.00"
"CS-C-65","OCTAGON & BLUE SCROLL 155M","KWC000 KWC","000009","000009","08/10/2024","300.00","98.00","29400.00"
"CS-C-8","FLAME & BLUE SCROLL 175MM","KWC000 KWC","000004","000004","28/02/2024","240.00","108.00","25920.00"
"CS-C-8","FLAME & BLUE SCROLL 175MM","KWC000 KWC","000009","000009","08/10/2024","300.00","98.00","29400.00"
"CS-CB80","CLEAR BALL 80MM","KWC000 KWC","000006","000006","20/06/2024","240.00","100.00","24000.00"
"CS-CG01","CLEAR: UV LIGHT GLUE BOTTE","KWC000 KWC","000006","000006","20/06/2024","40.00","620.00","24800.00"
"CS-CR4-S","TR W/DIAMOND 250MM(H)**","KWC000 KWC","000001","000001","17/11/2023","72.00","338.00","24336.00"
"CS-D100","CLEAR DIAMOND 100MM (DIAM)","KWC000 KWC","000001","000001","17/11/2023","108.00","76.00","8208.00"
"CS-D100","CLEAR DIAMOND 100MM (DIAM)","KWC000 KWC","000009","000009","08/10/2024","108.00","74.00","7992.00"
"CS-D58","80MM DIAMOND ON CUBE 165MM","KWC000 KWC","000006","000006","20/06/2024","200.00","167.00","33400.00"
"CS-D80","CLEAR DIAMOND 80MM (DIAM)","KWC000 KWC","000006","000006","20/06/2024","200.00","43.00","8600.00"
"CS-EW01-BZ","BZ EAGLE WING GLASS TR 280","KWC000 KWC","000004","000004","28/02/2024","80.00","252.00","20160.00"
"CS-EW01-GD","GD EAGLE WING GLASS TR 280","KWC000 KWC","000004","000004","28/02/2024","80.00","252.00","20160.00"
"CS-EW01-SV","SV EAGLE WING GLASS TR 280","KWC000 KWC","000004","000004","28/02/2024","80.00","252.00","20160.00"
"CS-FH-5L","SQUARISH BLUE PIECE 265MM(","KWC000 KWC","000006","000006","20/06/2024","100.00","254.00","25400.00"
"CS-FH-5M","SQUARISH BLUE PIECE 230MM(","KWC000 KWC","000006","000006","20/06/2024","100.00","191.00","19100.00"
"CS-FH-5S","SQUARISH BLUE PIECE 180MM(","KWC000 KWC","000006","000006","20/06/2024","100.00","120.00","12000.00"
"CS-GB80","GOLF BALL 80MM (DIAM)","KWC000 KWC","000006","000006","20/06/2024","200.00","100.00","20000.00"
"CS-GM70P","CLEAR GLASS MEDAL 70MM (DI","KWC000 KWC","000006","000006","20/06/2024","300.00","34.00","10200.00"
"CS-GM70P","CLEAR GLASS MEDAL 70MM (DI","KWC000 KWC","000009","000009","08/10/2024","1200.00","29.00","34800.00"
"CS-GR05-B","FLAME FROST BLUE RND/B 270","KWC000 KWC","000001","000001","17/11/2023","80.00","435.00","34800.00"
"CS-GR05-B","FLAME FROST BLUE RND/B 270","KWC000 KWC","000006","000006","20/06/2024","100.00","461.00","46100.00"
"CS-GU-1","MOSQUE SHAPE 240*230MM","KWC000 KWC","000003","000003","21/11/2023","60.00","255.00","15300.00"
"CS-H-1","8 SIDE DB/BASE 190MM 160MM","KWC000 KWC","000004","000004","28/02/2024","120.00","187.00","22440.00"
"CS-H-1","8 SIDE DB/BASE 190MM 160MM","KWC000 KWC","000009","000009","08/10/2024","100.00","175.00","17500.00"
"CS-H-15","LEAVE DB/BASE 220MM(H)","KWC000 KWC","000001","000001","17/11/2023","72.00","187.00","13464.00"
"CS-H-15","LEAVE DB/BASE 220MM(H)","KWC000 KWC","000006","000006","20/06/2024","120.00","199.00","23880.00"
"CS-H-15","LEAVE DB/BASE 220MM(H)","KWC000 KWC","000009","000009","08/10/2024","200.00","175.00","35000.00"
"CS-H-2","SHIELD FLAT TOP DB/BASE 21","KWC000 KWC","000004","000004","28/02/2024","120.00","187.00","22440.00"
"CS-H-2","SHIELD FLAT TOP DB/BASE 21","KWC000 KWC","000009","000009","08/10/2024","120.00","175.00","21000.00"
"CS-H-20","FLAME DB/BASE 210MM (H)","KWC000 KWC","000001","000001","17/11/2023","120.00","187.00","22440.00"
"CS-H-20","FLAME DB/BASE 210MM (H)","KWC000 KWC","000006","000006","20/06/2024","240.00","199.00","47760.00"
"CS-H280-L","SPEAR BLACK BASE 300MM(H)","KWC000 KWC","000001","000001","17/11/2023","60.00","450.00","27000.00"
"CS-H280-L","SPEAR BLACK BASE 300MM(H)","KWC000 KWC","000004","000004","28/02/2024","112.00","450.00","50400.00"
"CS-H280-M","SPEAR BLACK BASE 260MM(H)","KWC000 KWC","000001","000001","17/11/2023","180.00","360.00","64800.00"
"CS-H280-S","SPEAR BLACK BASE 225MM(H)","KWC000 KWC","000009","000009","08/10/2024","100.00","259.00","25900.00"
"CS-H-3","ROUND DB/BASE 190MM 160MM(","KWC000 KWC","000004","000004","28/02/2024","120.00","187.00","22440.00"
"CS-H-3","ROUND DB/BASE 190MM 160MM(","KWC000 KWC","000009","000009","08/10/2024","100.00","175.00","17500.00"
"CS-H-5","SHIELD DB/BASE 200MM(H)  #","KWC000 KWC","000009","000009","08/10/2024","120.00","175.00","21000.00"
"CS-HEX01-L","LONG HEXAGON WITH STARS 28","KWC000 KWC","000006","000006","20/06/2024","100.00","215.00","21500.00"
"CS-HEX01-M","LONG HEXAGON WITH STARS 25","KWC000 KWC","000006","000006","20/06/2024","100.00","175.00","17500.00"
"CS-HEX01-S","LONG HEXAGON WITH STARS 22","KWC000 KWC","000006","000006","20/06/2024","100.00","143.00","14300.00"
"CS-J-13B","FLAME CLEAR BLACK BASE 155","KWC000 KWC","000001","000001","17/11/2023","120.00","97.00","11640.00"
"CS-J-13B","FLAME CLEAR BLACK BASE 155","KWC000 KWC","000009","000009","08/10/2024","300.00","88.00","26400.00"
"CS-J-4B","DIAMOND SHAPE BLACK BASE 1","KWC000 KWC","000009","000009","08/10/2024","200.00","88.00","17600.00"
"CS-J-6","SHIELD ROUNDED TOP 155MM(H","KWC000 KWC","000004","000004","28/02/2024","120.00","97.00","11640.00"
"CS-J-6","SHIELD ROUNDED TOP 155MM(H","KWC000 KWC","000009","000009","08/10/2024","20.00","88.00","1760.00"
"CS-J-60","SHIELD ROUNDED BOTTOM 160M","KWC000 KWC","000004","000004","28/02/2024","120.00","97.00","11640.00"
"CS-J-60","SHIELD ROUNDED BOTTOM 160M","KWC000 KWC","000009","000009","08/10/2024","100.00","88.00","8800.00"
"CS-J-68","LEAVE SHAPE 160MM(H)  #","KWC000 KWC","000004","000004","28/02/2024","120.00","97.00","11640.00"
"CS-J-68","LEAVE SHAPE 160MM(H)  #","KWC000 KWC","000009","000009","08/10/2024","240.00","88.00","21120.00"
"CS-J-7B","TRIANGLE FLAT TOP B/BASE16","KWC000 KWC","000001","000001","17/11/2023","120.00","97.00","11640.00"
"CS-J-7B","TRIANGLE FLAT TOP B/BASE16","KWC000 KWC","000009","000009","08/10/2024","220.00","88.00","19360.00"
"CS-J-8","PRESTIGED SHAPE 155MM(H)","KWC000 KWC","000001","000001","17/11/2023","120.00","97.00","11640.00"
"CS-J-8","PRESTIGED SHAPE 155MM(H)","KWC000 KWC","000009","000009","08/10/2024","240.00","88.00","21120.00"
"CS-K05-L","HEPTAGON SHAPE TROPHY 270M","KWC000 KWC","000001","000001","17/11/2023","80.00","382.00","30560.00"
"CS-K05-L","HEPTAGON SHAPE TROPHY 270M","KWC000 KWC","000006","000006","20/06/2024","240.00","406.00","97440.00"
"CS-K05-M","HEPTAGON SHAPE TROPHY 230M","KWC000 KWC","000001","000001","17/11/2023","72.00","300.00","21600.00"
"CS-K05-M","HEPTAGON SHAPE TROPHY 230M","KWC000 KWC","000006","000006","20/06/2024","240.00","318.00","76320.00"
"CS-K05-S","HEPTAGON SHAPE TROPHY 185M","KWC000 KWC","000006","000006","20/06/2024","120.00","254.00","30480.00"
"CS-K05-S","HEPTAGON SHAPE TROPHY 185M","KWC000 KWC","000009","000009","08/10/2024","100.00","224.00","22400.00"
"CS-K08-L","LONG ROUND FLAT 300MM(H)","KWC000 KWC","000006","000006","20/06/2024","120.00","454.00","54480.00"
"CS-K08-M","LONG ROUND FLAT 270MM(H)","KWC000 KWC","000006","000006","20/06/2024","120.00","398.00","47760.00"
"CS-K08-S","LONG ROUND FLAT 240MM(H)","KWC000 KWC","000006","000006","20/06/2024","100.00","366.00","36600.00"
"CS-K08-S","LONG ROUND FLAT 240MM(H)","KWC000 KWC","000009","000009","08/10/2024","100.00","322.00","32200.00"
"CS-KH14-L","SPEAR TR BLACK BASE 310MM(","KWC000 KWC","000006","000006","20/06/2024","80.00","509.00","40720.00"
"CS-KH14-M","SPEAR TR BLACK BASE 275MM(","KWC000 KWC","000006","000006","20/06/2024","80.00","445.00","35600.00"
"CS-KH14-S","SPEAR TR BLACK BASE 235MM(","KWC000 KWC","000006","000006","20/06/2024","80.00","326.00","26080.00"
"CS-KH201","SMALL TRIANGLE 140MM(H)","KWC000 KWC","000009","000009","08/10/2024","600.00","87.50","52500.00"
"CS-KH202","SMALL OVAL 110MM(H)","KWC000 KWC","000001","000001","17/11/2023","240.00","94.00","22560.00"
"CS-KH202","SMALL OVAL 110MM(H)","KWC000 KWC","000006","000006","20/06/2024","400.00","100.00","40000.00"
"CS-KH202","SMALL OVAL 110MM(H)","KWC000 KWC","000009","000009","08/10/2024","300.00","87.50","26250.00"
"CS-KH203","SMALL SHIELD 140MM(H)","KWC000 KWC","000006","000006","20/06/2024","500.00","100.00","50000.00"
"CS-KH203","SMALL SHIELD 140MM(H)","KWC000 KWC","000009","000009","08/10/2024","300.00","87.50","26250.00"
"CS-KH204","SMALL SQUARE 130MM(H)","KWC000 KWC","000009","000009","08/10/2024","600.00","87.50","52500.00"
"CS-KH205","SMALL FLAME 140MM(H)","KWC000 KWC","000001","000001","17/11/2023","800.00","94.00","75200.00"
"CS-KH205","SMALL FLAME 140MM(H)","KWC000 KWC","000006","000006","20/06/2024","500.00","100.00","50000.00"
"CS-KH205","SMALL FLAME 140MM(H)","KWC000 KWC","000009","000009","08/10/2024","300.00","87.50","26250.00"
"CS-MAP-L","MAP OF AFRICA B/BASE 250MM","KWC000 KWC","000004","000004","28/02/2024","120.00","412.00","49440.00"
"CS-MAP-L","MAP OF AFRICA B/BASE 250MM","KWC000 KWC","000009","000009","08/10/2024","100.00","385.00","38500.00"
"CS-MAP-M","MAP OF AFRICA B/BASE 210MM","KWC000 KWC","000001","000001","17/11/2023","60.00","337.00","20220.00"
"CS-MAP-M","MAP OF AFRICA B/BASE 210MM","KWC000 KWC","000006","000006","20/06/2024","120.00","358.00","42960.00"
"CS-MAP-M","MAP OF AFRICA B/BASE 210MM","KWC000 KWC","000009","000009","08/10/2024","100.00","315.00","31500.00"
"CS-MAP-S","MAP OF AFRICA B/BASE 170MM","KWC000 KWC","000009","000009","08/10/2024","100.00","266.00","26600.00"
"CS-N54-140G","TROPHY GLASS 140MM(D) 160M","KWC000 KWC","000004","000004","28/02/2024","120.00","120.00","14400.00"
"CS-N54-160G","TROPHY GLASS 160MM(D) 185M","KWC000 KWC","000004","000004","28/02/2024","120.00","143.00","17160.00"
"CS-PP102-L","SLANTED BLUE PIECE 255MM(H","KWC000 KWC","000001","000001","17/11/2023","72.00","315.00","22680.00"
"CS-PP102-L","SLANTED BLUE PIECE 255MM(H","KWC000 KWC","000006","000006","20/06/2024","200.00","334.00","66800.00"
"CS-PP102-L","SLANTED BLUE PIECE 255MM(H","KWC000 KWC","000009","000009","08/10/2024","120.00","294.00","35280.00"
"CS-PP102-M","SLANTED BLUE PIECE 225MM(H","KWC000 KWC","000001","000001","17/11/2023","72.00","270.00","19440.00"
"CS-PP102-M","SLANTED BLUE PIECE 225MM(H","KWC000 KWC","000006","000006","20/06/2024","200.00","286.00","57200.00"
"CS-PP102-M","SLANTED BLUE PIECE 225MM(H","KWC000 KWC","000009","000009","08/10/2024","120.00","252.00","30240.00"
"CS-PP102R-L","SLANTED PAINTED RED 255MM(","KWC000 KWC","000006","000006","20/06/2024","120.00","334.00","40080.00"
"CS-PP102R-L","SLANTED PAINTED RED 255MM(","KWC000 KWC","000009","000009","08/10/2024","60.00","294.00","17640.00"
"CS-PP102R-M","SLANTED PAINTED RED 225MM(","KWC000 KWC","000001","000001","17/11/2023","60.00","270.00","16200.00"
"CS-PP102R-M","SLANTED PAINTED RED 225MM(","KWC000 KWC","000006","000006","20/06/2024","120.00","286.00","34320.00"
"CS-PP102R-M","SLANTED PAINTED RED 225MM(","KWC000 KWC","000009","000009","08/10/2024","60.00","252.00","15120.00"
"CS-PP102R-S","SLANTED PAINTED RED 185MM(","KWC000 KWC","000001","000001","17/11/2023","96.00","232.00","22272.00"
"CS-PP102R-S","SLANTED PAINTED RED 185MM(","KWC000 KWC","000006","000006","20/06/2024","120.00","247.00","29640.00"
"CS-PP102-S","SLANTED BLUE PIECE 185MM(H","KWC000 KWC","000001","000001","17/11/2023","72.00","232.00","16704.00"
"CS-PP102-S","SLANTED BLUE PIECE 185MM(H","KWC000 KWC","000006","000006","20/06/2024","120.00","247.00","29640.00"
"CS-PP102-S","SLANTED BLUE PIECE 185MM(H","KWC000 KWC","000009","000009","08/10/2024","120.00","217.00","26040.00"
"CS-PP44","SHIELD W/B BASE 190MM(H)","KWC000 KWC","000006","000006","20/06/2024","200.00","207.00","41400.00"
"CS-PP45","TROPHY W/B BASE 190MM(H)","KWC000 KWC","000009","000009","08/10/2024","120.00","182.00","21840.00"
"CS-PP46","FLAME W/B BASE 200MM(H)","KWC000 KWC","000006","000006","20/06/2024","200.00","207.00","41400.00"
"CS-PRI-01","BLUE PRINTED 270MM (H)","KWC000 KWC","000004","000004","28/02/2024","100.00","285.00","28500.00"
"CS-PRI-01","BLUE PRINTED 270MM (H)","KWC000 KWC","000009","000009","08/10/2024","100.00","266.00","26600.00"
"CS-PRI-03","YELLOW PRINTED 275MM (H)","KWC000 KWC","000001","000001","17/11/2023","60.00","285.00","17100.00"
"CS-PRI-04","GREEN PRINTED 270MM (H)","KWC000 KWC","000004","000004","28/02/2024","100.00","285.00","28500.00"
"CS-QQ-3R","RESIN GD HANDS ON CRYS BAS","KWC000 KWC","000001","000001","17/11/2023","48.00","210.00","10080.00"
"CS-RS-1","HAND W/MIC ON BASE 230*120","KWC000 KWC","000003","000003","21/11/2023","60.00","210.00","12600.00"
"GH-2396","COPPER FRAME TROPHY 240MM","KWC000 KWC","000006","000006","20/06/2024","20.00","676.00","13520.00"
"GH-3040","SLANTED BLOCK W/ MULTI-COL","KWC000 KWC","000006","000006","20/06/2024","50.00","398.00","19900.00"
"GH-3041","METAL WINGS 160MM","KWC000 KWC","000006","000006","20/06/2024","60.00","302.00","18120.00"
"GH-3043","SHIELD SHAPE W/ YELLOW SID","KWC000 KWC","000006","000006","20/06/2024","120.00","183.00","21960.00"
"GH-3044","KITE SHAPE W/ RED SIDES 21","KWC000 KWC","000006","000006","20/06/2024","120.00","183.00","21960.00"
"GH-3046","YELLOW FAN TROPHY 225MM","KWC000 KWC","000006","000006","20/06/2024","60.00","382.00","22920.00"
"GH-3047","TROPHY W/ MULTI-COLOUR WIN","KWC000 KWC","000006","000006","20/06/2024","60.00","477.00","28620.00"
"GH-3048","SLANTED TROPHY W/ BLUE SID","KWC000 KWC","000006","000006","20/06/2024","120.00","183.00","21960.00"
"GH-3068","PILLAR W/ GOLD EAGLE 280MM","KWC000 KWC","000006","000006","20/06/2024","20.00","517.00","10340.00"
"GH-3106","TROPHY W/ MULTI-COLOUR LEA","KWC000 KWC","000006","000006","20/06/2024","60.00","438.00","26280.00"
"HX-1261-B","GOLDEN TOKS (RUGBY/SOCCER)","KWC000 KWC","000007","000007","20/06/2024","144.00","165.00","23760.00"
"HX-1575","PROUD SV/GD GOLFER  220MM","KWC000 KWC","000007","000007","20/06/2024","96.00","187.00","17952.00"
"HX-1613B","SOCCER KICKER W/ROCKS  200","KWC000 KWC","000007","000007","20/06/2024","90.00","204.00","18360.00"
"HX-1695-A6","SOCCER SILVER PLAYER 190MM","KWC000 KWC","000007","000007","20/06/2024","144.00","195.00","28080.00"
"HX-1705","BRONZE SHOW JUMPING HORSE","KWC000 KWC","000007","000007","20/06/2024","48.00","475.00","22800.00"
"HX-1804B","RUGBY BALL & STAR 170MM(H)","KWC000 KWC","000007","000007","20/06/2024","120.00","153.00","18360.00"
"HX-1876-A","CRICKET FLASH BAT & BALL 1","KWC000 KWC","000007","000007","20/06/2024","120.00","144.00","17280.00"
"HX-1921A","GOLFER'S PLAY SET 190MM(H)","KWC000 KWC","000007","000007","20/06/2024","96.00","237.00","22752.00"
"HX-2001","BRONZE HORSE HEAD 185MM (H","KWC000 KWC","000007","000007","20/06/2024","48.00","187.00","8976.00"
"HX-2368","SLIDING SOCCER KICKER 185M","KWC000 KWC","000007","000007","20/06/2024","72.00","271.00","19512.00"
"HX-3207B","DIVING GOAL KEEPER 120MM (","KWC000 KWC","000007","000007","20/06/2024","96.00","204.00","19584.00"
"HX-3556-B10","SV/GD SOCCER KICKER 155MM(","KWC000 KWC","000007","000007","20/06/2024","120.00","204.00","24480.00"
"HX-3684-B11","SILVER GOLFER AIMING 195MM","KWC000 KWC","000007","000007","20/06/2024","96.00","199.00","19104.00"
"HX-4011C","LARGE GD LADY GOLFER 245MM","KWC000 KWC","000007","000007","20/06/2024","48.00","288.00","13824.00"
"HX-4279-A1","CRICKET VICTORY BATSMAN 22","KWC000 KWC","000007","000007","20/06/2024","96.00","267.00","25632.00"
"HX-4495-A","SWING GOLFER BIG BASE 285M","KWC000 KWC","000007","000007","20/06/2024","96.00","271.00","26016.00"
"HX-5539-C","RESIN CRICKET BALL; RED 12","KWC000 KWC","000007","000007","20/06/2024","120.00","131.00","15720.00"
"JL-137B-A","BLUE COLOUM MEDAL HLDR 320","KWC000 KWC","000001","000001","17/11/2023","120.00","96.00","11520.00"
"JL-137B-B","BLUE COLOUM MEDAL HLDR 310","KWC000 KWC","000001","000001","17/11/2023","120.00","92.00","11040.00"
"JL-137B-C","BLUE COLOUM MEDAL HLDR 290","KWC000 KWC","000001","000001","17/11/2023","144.00","80.00","11520.00"
"JL-137R-A","GOLD/RED TURNING MEDAL 285","KWC000 KWC","000005","000005","28/02/2024","72.00","96.00","6912.00"
"JL-137R-A","GOLD/RED TURNING MEDAL 285","KWC000 KWC","000007","000007","20/06/2024","48.00","102.00","4896.00"
"JL-137R-B","GOLD/RED TURNING MEDAL 275","KWC000 KWC","000005","000005","28/02/2024","96.00","92.00","8832.00"
"JL-137R-B","GOLD/RED TURNING MEDAL 275","KWC000 KWC","000007","000007","20/06/2024","48.00","98.00","4704.00"
"JL-137R-C","GOLD/RED TURNING MEDAL 255","KWC000 KWC","000005","000005","28/02/2024","48.00","80.00","3840.00"
"JL-137R-C","GOLD/RED TURNING MEDAL 255","KWC000 KWC","000007","000007","20/06/2024","96.00","85.00","8160.00"
"JL-1509B","GOLD FACETS CUP 475MM(H)","KWC000 KWC","000001","000001","17/11/2023","60.00","256.00","15360.00"
"JL-1509B","GOLD FACETS CUP 475MM(H)","KWC000 KWC","000007","000007","20/06/2024","80.00","271.00","21680.00"
"JL-1509C","GOLD FACETS CUP 420MM(H)","KWC000 KWC","000001","000001","17/11/2023","50.00","224.00","11200.00"
"JL-1509D","GOLD FACETS CUP 360MM(H)","KWC000 KWC","000001","000001","17/11/2023","60.00","200.00","12000.00"
"JL-1509D","GOLD FACETS CUP 360MM(H)","KWC000 KWC","000007","000007","20/06/2024","90.00","212.00","19080.00"
"JL-2068-A","SILVER CROWN 580MM (H)","KWC000 KWC","000001","000001","17/11/2023","72.00","352.00","25344.00"
"JL-2068-B","SILVER CROWN 510MM (H)","KWC000 KWC","000001","000001","17/11/2023","75.00","320.00","24000.00"
"JL-2068-B","SILVER CROWN 510MM (H)","KWC000 KWC","000010","000010","08/10/2024","75.00","320.00","24000.00"
"JL-2068-C","SILVER CROWN 445MM (H)","KWC000 KWC","000001","000001","17/11/2023","80.00","288.00","23040.00"
"JL-3064A","SILVER CUP 445MM (H)","KWC000 KWC","000007","000007","20/06/2024","96.00","280.00","26880.00"
"JL-3064B","SILVER CUP 400MM (H)","KWC000 KWC","000007","000007","20/06/2024","80.00","254.00","20320.00"
"JL-3064C","SILVER CUP 355MM (H)","KWC000 KWC","000007","000007","20/06/2024","100.00","229.00","22900.00"
"JL-3083A","SILVER CUP WITH LID  485MM","KWC000 KWC","000001","000001","17/11/2023","105.00","328.00","34440.00"
"JL-3083A","SILVER CUP WITH LID  485MM","KWC000 KWC","000010","000010","08/10/2024","120.00","328.00","39360.00"
"JL-3083B","SILVER CUP WITH LID  430MM","KWC000 KWC","000001","000001","17/11/2023","80.00","288.00","23040.00"
"JL-3083B","SILVER CUP WITH LID  430MM","KWC000 KWC","000010","000010","08/10/2024","100.00","288.00","28800.00"
"JL-3083C","SILVER CUP WITH LID  380MM","KWC000 KWC","000001","000001","17/11/2023","120.00","248.00","29760.00"
"JL-3083C","SILVER CUP WITH LID  380MM","KWC000 KWC","000010","000010","08/10/2024","120.00","248.00","29760.00"
"JL-4066B","PLAIN GOLD CUP 435MM(H)","KWC000 KWC","000001","000001","17/11/2023","60.00","256.00","15360.00"
"JL-4066B","PLAIN GOLD CUP 435MM(H)","KWC000 KWC","000007","000007","20/06/2024","80.00","271.00","21680.00"
"JL-4066B","PLAIN GOLD CUP 435MM(H)","KWC000 KWC","000010","000010","08/10/2024","80.00","271.00","21680.00"
"JL-4066C","PLAIN GOLD CUP 380MM(H)","KWC000 KWC","000001","000001","17/11/2023","50.00","224.00","11200.00"
"JL-4066C","PLAIN GOLD CUP 380MM(H)","KWC000 KWC","000007","000007","20/06/2024","75.00","237.00","17775.00"
"JL-4066C","PLAIN GOLD CUP 380MM(H)","KWC000 KWC","000010","000010","08/10/2024","60.00","237.00","14220.00"
"JL-4066D","PLAIN GOLD CUP 330MM(H)","KWC000 KWC","000001","000001","17/11/2023","30.00","200.00","6000.00"
"JL-4066D","PLAIN GOLD CUP 330MM(H)","KWC000 KWC","000007","000007","20/06/2024","90.00","212.00","19080.00"
"JL-4066D","PLAIN GOLD CUP 330MM(H)","KWC000 KWC","000010","000010","08/10/2024","60.00","212.00","12720.00"
"JL-677B-A","GD WITH BLUE FUNNEL 465MM(","KWC000 KWC","000001","000001","17/11/2023","72.00","144.00","10368.00"
"JL-677B-A","GD WITH BLUE FUNNEL 465MM(","KWC000 KWC","000010","000010","08/10/2024","72.00","144.00","10368.00"
"JL-677B-B","GD WITH BLUE FUNNEL 420MM(","KWC000 KWC","000001","000001","17/11/2023","72.00","128.00","9216.00"
"JL-677B-B","GD WITH BLUE FUNNEL 420MM(","KWC000 KWC","000010","000010","08/10/2024","72.00","128.00","9216.00"
"JL-677B-C","GD WITH BLUE FUNNEL 405MM(","KWC000 KWC","000001","000001","17/11/2023","72.00","117.00","8424.00"
"JL-677B-C","GD WITH BLUE FUNNEL 405MM(","KWC000 KWC","000010","000010","08/10/2024","57.00","117.00","6669.00"
"JL-781-3A","GD WINGED DECOR CUP 490MM(","KWC000 KWC","000003","000003","21/11/2023","48.00","184.00","8832.00"
"JL-781-3B","GD WINGED DECOR CUP 430MM(","KWC000 KWC","000003","000003","21/11/2023","48.00","160.00","7680.00"
"JL-781-3C","GD WINGED DECOR CUP 390MM(","KWC000 KWC","000003","000003","21/11/2023","48.00","136.00","6528.00"
"JL-7872G-A","GD STAR GREEN PIECE CUP 52","KWC000 KWC","000010","000010","08/10/2024","72.00","184.00","13248.00"
"JL-7872G-B","GD STAR GREEN PIECE CUP 47","KWC000 KWC","000010","000010","08/10/2024","48.00","152.00","7296.00"
"JL-7872G-C","GD STAR GREEN PIECE CUP 43","KWC000 KWC","000010","000010","08/10/2024","96.00","120.00","11520.00"
"JL-788D","GD FUNNEL DECOR HOLDER 410","KWC000 KWC","000001","000001","17/11/2023","120.00","168.00","20160.00"
"JL-788D","GD FUNNEL DECOR HOLDER 410","KWC000 KWC","000010","000010","08/10/2024","120.00","168.00","20160.00"
"JL-788E","GD FUNNEL DECOR HOLDER 370","KWC000 KWC","000003","000003","21/11/2023","144.00","136.00","19584.00"
"JL-788E","GD FUNNEL DECOR HOLDER 370","KWC000 KWC","000010","000010","08/10/2024","96.00","136.00","13056.00"
"JL-788F","GD FUNNEL DECOR HOLDER 340","KWC000 KWC","000003","000003","21/11/2023","144.00","120.00","17280.00"
"JL-788F","GD FUNNEL DECOR HOLDER 340","KWC000 KWC","000010","000010","08/10/2024","96.00","120.00","11520.00"
"JL-799-1A","GD TROPHY RED RIBBON 560MM","KWC000 KWC","000003","000003","21/11/2023","48.00","216.00","10368.00"
"JL-799-1A","GD TROPHY RED RIBBON 560MM","KWC000 KWC","000010","000010","08/10/2024","60.00","216.00","12960.00"
"JL-799-1B","GD TROPHY RED RIBBON 470MM","KWC000 KWC","000003","000003","21/11/2023","48.00","184.00","8832.00"
"JL-799-1B","GD TROPHY RED RIBBON 470MM","KWC000 KWC","000010","000010","08/10/2024","72.00","184.00","13248.00"
"JL-799-1C","GD TROPHY RED RIBBON 410MM","KWC000 KWC","000003","000003","21/11/2023","48.00","160.00","7680.00"
"JL-799-1C","GD TROPHY RED RIBBON 410MM","KWC000 KWC","000010","000010","08/10/2024","72.00","160.00","11520.00"
"JL-898C","GOLD CUP LEAFY BODY 305MM(","KWC000 KWC","000005","000005","28/02/2024","144.00","104.00","14976.00"
"JL-898C","GOLD CUP LEAFY BODY 305MM(","KWC000 KWC","000007","000007","20/06/2024","48.00","110.00","5280.00"
"JL-899A","GOLD CUP WEAT HANDLE 470MM","KWC000 KWC","000005","000005","28/02/2024","72.00","184.00","13248.00"
"JL-899A","GOLD CUP WEAT HANDLE 470MM","KWC000 KWC","000007","000007","20/06/2024","48.00","195.00","9360.00"
"JL-899A","GOLD CUP WEAT HANDLE 470MM","KWC000 KWC","000010","000010","08/10/2024","72.00","195.00","14040.00"
"JL-899B","GOLD CUP WEAT HANDLE 380MM","KWC000 KWC","000005","000005","28/02/2024","45.00","152.00","6840.00"
"JL-899B","GOLD CUP WEAT HANDLE 380MM","KWC000 KWC","000007","000007","20/06/2024","72.00","161.00","11592.00"
"JL-899B","GOLD CUP WEAT HANDLE 380MM","KWC000 KWC","000010","000010","08/10/2024","72.00","161.00","11592.00"
"JL-899C","GOLD CUP WEAT HANDLE 305MM","KWC000 KWC","000005","000005","28/02/2024","72.00","112.00","8064.00"
"JL-899C","GOLD CUP WEAT HANDLE 305MM","KWC000 KWC","000007","000007","20/06/2024","48.00","119.00","5712.00"
"JL-899C","GOLD CUP WEAT HANDLE 305MM","KWC000 KWC","000010","000010","08/10/2024","72.00","119.00","8568.00"
"JL-911A","GD CHALISE GLITTER BASE 39","KWC000 KWC","000010","000010","08/10/2024","96.00","136.00","13056.00"
"JL-911B","GD CHALISE GLITTER BASE 35","KWC000 KWC","000010","000010","08/10/2024","96.00","120.00","11520.00"
"JL-911C","GD CHALISE GLITTER BASE 30","KWC000 KWC","000010","000010","08/10/2024","96.00","104.00","9984.00"
"JL-D01-BZ","DIAMOND MEDAL BZ 70MM","KWC000 KWC","000007","000007","20/06/2024","600.00","16.00","9600.00"
"JL-D01-GD","DIAMOND MEDAL GD 70MM","KWC000 KWC","000007","000007","20/06/2024","600.00","16.00","9600.00"
"JL-D01-SV","DIAMOND MEDAL SV 70MM","KWC000 KWC","000007","000007","20/06/2024","600.00","16.00","9600.00"
"JL-DP22","SML BLUE CROWN HOLD W/BASE","KWC000 KWC","000001","000001","17/11/2023","216.00","46.00","9936.00"
"JL-DP23","SML RED CROWN WHEAT HOLD W","KWC000 KWC","000001","000001","17/11/2023","216.00","46.00","9936.00"
"JL-DS6750-A","GD/BLK SOCCER BALL CUP 400","KWC000 KWC","000001","000001","17/11/2023","72.00","200.00","14400.00"
"JL-DS6750-B","GD/BLK SOCCER BALL CUP 370","KWC000 KWC","000001","000001","17/11/2023","72.00","176.00","12672.00"
"JL-DS6750-C","GD/BLK SOCCER BALL CUP 335","KWC000 KWC","000001","000001","17/11/2023","72.00","152.00","10944.00"
"JL-GD015A","STARS RED CROWN 335MM (H)","KWC000 KWC","000010","000010","08/10/2024","96.00","100.00","9600.00"
"JL-GD015B","STARS RED CROWN 305MM (H)","KWC000 KWC","000010","000010","08/10/2024","96.00","92.00","8832.00"
"JL-GD015C","STARS NO RED CROWN 245MM (","KWC000 KWC","000010","000010","08/10/2024","96.00","68.00","6528.00"
"JL-L01-GD","GOLD LEAVE MEDAL 50MM (DIA","KWC000 KWC","000001","000001","17/11/2023","2000.00","10.50","21000.00"
"JL-L01-SV","SILVER LEAVE MEDAL  50MM(D","KWC000 KWC","000001","000001","17/11/2023","1000.00","10.50","10500.00"
"JL-QS061-BA","BLUE CROWN 3 STAR HOLDER 3","KWC000 KWC","000003","000003","21/11/2023","144.00","116.00","16704.00"
"JL-QS061-BB","BLUE CROWN 3 STAR HOLDER 3","KWC000 KWC","000001","000001","17/11/2023","144.00","100.00","14400.00"
"JL-QS061-BC","BLUE CROWN 3 STAR HOLDER 3","KWC000 KWC","000001","000001","17/11/2023","144.00","88.00","12672.00"
"JL-SF01-BZ","SUNFLOWER BRONZE  50MM","KWC000 KWC","000001","000001","17/11/2023","500.00","10.00","5000.00"
"JL-SF01-BZ","SUNFLOWER BRONZE  50MM","KWC000 KWC","000007","000007","20/06/2024","1000.00","11.00","11000.00"
"JL-SF01-GD","SUNFLOWER GOLD  50MM","KWC000 KWC","000001","000001","17/11/2023","2000.00","10.00","20000.00"
"JL-SF01-GD","SUNFLOWER GOLD  50MM","KWC000 KWC","000007","000007","20/06/2024","2250.00","11.00","24750.00"
"JL-SF01-SV","SUNFLOWER SILVER 50MM","KWC000 KWC","000001","000001","17/11/2023","500.00","10.00","5000.00"
"JL-SF01-SV","SUNFLOWER SILVER 50MM","KWC000 KWC","000007","000007","20/06/2024","1500.00","11.00","16500.00"
"JL-T163A","GD METAL CUP RD PIECE 370M","KWC000 KWC","000005","000005","28/02/2024","80.00","152.00","12160.00"
"JL-T163A","GD METAL CUP RD PIECE 370M","KWC000 KWC","000010","000010","08/10/2024","80.00","152.00","12160.00"
"JL-T163B","GD METAL CUP RD PIECE 340M","KWC000 KWC","000005","000005","28/02/2024","100.00","136.00","13600.00"
"JL-T163B","GD METAL CUP RD PIECE 340M","KWC000 KWC","000010","000010","08/10/2024","100.00","136.00","13600.00"
"JL-T163C","GD METAL CUP RD PIECE 325M","KWC000 KWC","000005","000005","28/02/2024","120.00","116.00","13920.00"
"JL-T163C","GD METAL CUP RD PIECE 325M","KWC000 KWC","000010","000010","08/10/2024","120.00","116.00","13920.00"
"JL-T164A","WAVEY GD METAL CUP 350MM (","KWC000 KWC","000007","000007","20/06/2024","120.00","161.00","19320.00"
"JL-T164B","WAVEY GD METAL CUP 315MM (","KWC000 KWC","000007","000007","20/06/2024","150.00","144.00","21600.00"
"JL-T164C","WAVEY GD METAL CUP 295MM (","KWC000 KWC","000007","000007","20/06/2024","120.00","123.00","14760.00"
"JL-T166A","SILVER CUP BLUE STEM 355MM","KWC000 KWC","000007","000007","20/06/2024","120.00","175.00","21000.00"
"JL-T166B","SILVER CUP BLUE STEM 325MM","KWC000 KWC","000007","000007","20/06/2024","150.00","153.00","22950.00"
"JL-T166C","SILVER CUP BLUE STEM 285MM","KWC000 KWC","000007","000007","20/06/2024","120.00","136.00","16320.00"
"JL-T168A","GD CUP SML RED DECOR 300MM","KWC000 KWC","000010","000010","08/10/2024","80.00","152.00","12160.00"
"JL-T168B","GD CUP SML RED DECOR 275MM","KWC000 KWC","000010","000010","08/10/2024","100.00","136.00","13600.00"
"JL-T168C","GD CUP SML RED DECOR 255MM","KWC000 KWC","000010","000010","08/10/2024","120.00","116.00","13920.00"
"JL-T169A","GD METAL CUP 360MM (H)","KWC000 KWC","000007","000007","20/06/2024","180.00","157.00","28260.00"
"JL-T169B","GD METAL CUP 325MM (H)","KWC000 KWC","000007","000007","20/06/2024","150.00","140.00","21000.00"
"JL-T169C","GD METAL CUP 300MM (H)","KWC000 KWC","000007","000007","20/06/2024","120.00","119.00","14280.00"
"JL-TF017-A","STAR HOLDER ON BASE 250MM","KWC000 KWC","000010","000010","08/10/2024","96.00","60.00","5760.00"
"JL-TF017-B","STAR HOLDER ON BASE 210MM","KWC000 KWC","000010","000010","08/10/2024","96.00","48.00","4608.00"
"JL-TF017-C","STAR HOLDER ON BASE 180MM","KWC000 KWC","000010","000010","08/10/2024","96.00","40.00","3840.00"
"JL-TF025A-HLR","GD HOLDER W/GD RIBBON 160M","KWC000 KWC","000003","000003","21/11/2023","300.00","18.00","5400.00"
"JL-TF025BA-HLR","GD HOLDER W/BL RIBBON 160M","KWC000 KWC","000003","000003","21/11/2023","300.00","22.00","6600.00"
"JL-TF025BA-HLR","GD HOLDER W/BL RIBBON 160M","KWC000 KWC","000010","000010","08/10/2024","300.00","22.00","6600.00"
"JL-TF025BB-HLR","GD HOLDER W/BL RIBBON 140M","KWC000 KWC","000003","000003","21/11/2023","400.00","18.00","7200.00"
"JL-TF025BB-HLR","GD HOLDER W/BL RIBBON 140M","KWC000 KWC","000010","000010","08/10/2024","400.00","18.00","7200.00"
"JL-TF025BC-HLR","GD HOLDER W/BL RIBBON 110M","KWC000 KWC","000003","000003","21/11/2023","500.00","14.00","7000.00"
"JL-TF025BC-HLR","GD HOLDER W/BL RIBBON 110M","KWC000 KWC","000010","000010","08/10/2024","500.00","14.00","7000.00"
"JL-TF025B-HLR","GD HOLDER W/GD RIBBON 140M","KWC000 KWC","000003","000003","21/11/2023","400.00","14.00","5600.00"
"JL-U-1","FLAG HOLDER 180MM (H)","KWC000 KWC","000001","000001","17/11/2023","900.00","17.00","15300.00"
"JL-U-2","FIREWORKS HOLDER 150MM (H)","KWC000 KWC","000001","000001","17/11/2023","1200.00","17.00","20400.00"
"JL-W02-BZ","BRONZE DOUBLE WHEAT  50MM(","KWC000 KWC","000010","000010","08/10/2024","2000.00","10.00","20000.00"
"JL-W02-GD","GOLD DOUBLE WHEAT  50MM(H)","KWC000 KWC","000005","000005","28/02/2024","2000.00","10.00","20000.00"
"JL-W02-GD","GOLD DOUBLE WHEAT  50MM(H)","KWC000 KWC","000010","000010","08/10/2024","3000.00","10.00","30000.00"
"JL-W02-SV","SILVER DOUBLE WHEAT 50MM","KWC000 KWC","000005","000005","28/02/2024","1000.00","10.00","10000.00"
"JL-W02-SV","SILVER DOUBLE WHEAT 50MM","KWC000 KWC","000010","000010","08/10/2024","2000.00","10.00","20000.00"
"JL-WF01-BZ","WREATH FLAME MEDAL BZ 65MM","KWC000 KWC","000007","000007","20/06/2024","600.00","16.00","9600.00"
"JL-WF01-GD","WREATH FLAME MEDAL GD 65MM","KWC000 KWC","000007","000007","20/06/2024","600.00","16.00","9600.00"
"JL-WF01-SV","WREATH FLAME MEDAL SV 65MM","KWC000 KWC","000007","000007","20/06/2024","600.00","16.00","9600.00"
"JL-XD005-GD","GD OPEN CUP 205MM (H)","KWC000 KWC","000010","000010","08/10/2024","120.00","80.00","9600.00"
"JL-YK605A","SPIRAL METAL CHALISE 410MM","KWC000 KWC","000001","000001","17/11/2023","60.00","312.00","18720.00"
"JL-YK605B","SPIRAL METAL CHALISE 360MM","KWC000 KWC","000001","000001","17/11/2023","72.00","256.00","18432.00"
"JL-YK605C","SPIRAL METAL CHALISE 315MM","KWC000 KWC","000001","000001","17/11/2023","72.00","216.00","15552.00"
"JL-YK611","STAR HOLDER ON BASE 245MM(","KWC000 KWC","000010","000010","08/10/2024","80.00","54.00","4320.00"
"JL-YK612A","HOLDER/STARS GD 285MM(H)","KWC000 KWC","000010","000010","08/10/2024","48.00","80.00","3840.00"
"JL-YK612B","HOLDER/STARS GD 255MM(H)","KWC000 KWC","000010","000010","08/10/2024","48.00","68.00","3264.00"
"JL-YK612C","HOLDER/STARS GD 225MM(H)","KWC000 KWC","000010","000010","08/10/2024","48.00","56.00","2688.00"
"JL-YK624A","SOCCER GD TROPHY 235MM(H)","KWC000 KWC","000010","000010","08/10/2024","48.00","120.00","5760.00"
"JL-YK624B","SOCCER SV TROPHY 220MM(H)","KWC000 KWC","000010","000010","08/10/2024","48.00","104.00","4992.00"
"JL-YK624C","SOCCER GD TROPHY 210MM(H)","KWC000 KWC","000010","000010","08/10/2024","48.00","96.00","4608.00"
"KK-558CL-A",""A-GRADE" LASER CUBE 50*50","KWC000 KWC","000004","000004","28/02/2024","240.00","78.00","18720.00"
"KK-GF01-25","PRESTIGES GOLFER TR 245MM","KWC000 KWC","000004","000004","28/02/2024","84.00","324.00","27216.00"
"KK-GF01-27","PRESTIGES GOLFER TR 270MM","KWC000 KWC","000004","000004","28/02/2024","84.00","346.00","29064.00"
"KK-GF01-30","PRESTIGES GOLFER TR 300MM","KWC000 KWC","000004","000004","28/02/2024","84.00","396.00","33264.00"
"LD-014","FLAME ON BLACK BASE 180MM(","KWC000 KWC","000004","000004","28/02/2024","100.00","300.00","30000.00"
"LD-067-L","SQUARE W/BLUE SIDES 255MM(","KWC000 KWC","000001","000001","17/11/2023","100.00","450.00","45000.00"
"LD-067-L","SQUARE W/BLUE SIDES 255MM(","KWC000 KWC","000008","000008","26/07/2024","120.00","477.00","57240.00"
"LD-067-M","SQUARE W/BLUE SIDES 230MM(","KWC000 KWC","000001","000001","17/11/2023","100.00","412.00","41200.00"
"LD-067-M","SQUARE W/BLUE SIDES 230MM(","KWC000 KWC","000008","000008","26/07/2024","120.00","437.00","52440.00"
"LD-067-S","SQUARE W/BLUE SIDES 215MM(","KWC000 KWC","000008","000008","26/07/2024","120.00","398.00","47760.00"
"LD-07","BASE 60*80*50MM","KWC000 KWC","000006","000006","20/06/2024","250.00","127.00","31750.00"
"LD-07B","BASE BLACK 60*80*50MM","KWC000 KWC","000006","000006","20/06/2024","220.00","143.00","31460.00"
"LD-110S","SHINY ROUND BASE 110MM(BAS","KWC000 KWC","000004","000004","28/02/2024","180.00","184.00","33120.00"
"LD-54-120","TROPHY 120MM(D) 140MM(H) *","KWC000 KWC","000001","000001","17/11/2023","120.00","230.00","27600.00"
"LD-54-140","TROPHY 140MM(D) 160MM(H) *","KWC000 KWC","000001","000001","17/11/2023","72.00","255.00","18360.00"
"LD-54-140","TROPHY 140MM(D) 160MM(H) *","KWC000 KWC","000006","000006","20/06/2024","250.00","263.00","65750.00"
"LD-54-160","TROPHY 160MM(D) 185MM(H) *","KWC000 KWC","000001","000001","17/11/2023","60.00","292.00","17520.00"
"LD-54-160","TROPHY 160MM(D) 185MM(H) *","KWC000 KWC","000008","000008","26/07/2024","250.00","310.00","77500.00"
"LD-54-160","TROPHY 160MM(D) 185MM(H) *","KWC000 KWC","000009","000009","08/10/2024","100.00","273.00","27300.00"
"LD-54-180","TROPHY 180MM(D) 205MM(H) (","KWC000 KWC","000009","000009","08/10/2024","100.00","385.00","38500.00"
"LD-611-140","**ROUND B/BASE BLUE MOON 1","KWC000 KWC","000009","000009","08/10/2024","120.00","385.00","46200.00"
"LD-611-150","**ROUND B/BASE BLUE MOON 1","KWC000 KWC","000009","000009","08/10/2024","120.00","420.00","50400.00"
"LD-611-170","**ROUND B/BASE BLUE MOON 2","KWC000 KWC","000009","000009","08/10/2024","120.00","476.00","57120.00"
"LD-90-L","SQUARE TR 230MM(H)","KWC000 KWC","000004","000004","28/02/2024","100.00","511.00","51100.00"
"LD-90-M","SQUARE TR 210MM(H)","KWC000 KWC","000001","000001","17/11/2023","120.00","435.00","52200.00"
"LD-90-S","SQUARE TR 190MM(H)","KWC000 KWC","000004","000004","28/02/2024","100.00","360.00","36000.00"
"LD-GT00-L","PLAIN ROUND ON BASE 220(H)","KWC000 KWC","000004","000004","28/02/2024","200.00","202.00","40400.00"
"LD-GT00-L","PLAIN ROUND ON BASE 220(H)","KWC000 KWC","000009","000009","08/10/2024","200.00","202.00","40400.00"
"LD-GT00-M","PLAIN ROUND ON BASE 190(H)","KWC000 KWC","000001","000001","17/11/2023","100.00","173.00","17300.00"
"LD-GT00-M","PLAIN ROUND ON BASE 190(H)","KWC000 KWC","000009","000009","08/10/2024","200.00","173.00","34600.00"
"LD-GT00-S","PLAIN ROUND ON BASE 160(H)","KWC000 KWC","000001","000001","17/11/2023","100.00","144.00","14400.00"
"LD-GT00-S","PLAIN ROUND ON BASE 160(H)","KWC000 KWC","000009","000009","08/10/2024","200.00","144.00","28800.00"
"LD-GT01-L","SQUARE GLASS 220MM (H)","KWC000 KWC","000004","000004","28/02/2024","200.00","158.00","31600.00"
"LD-GT01-L","SQUARE GLASS 220MM (H)","KWC000 KWC","000009","000009","08/10/2024","100.00","158.00","15800.00"
"LD-GT01-M","SQUARE GLASS 185MM (H)","KWC000 KWC","000001","000001","17/11/2023","100.00","144.00","14400.00"
"LD-GT01-M","SQUARE GLASS 185MM (H)","KWC000 KWC","000009","000009","08/10/2024","200.00","144.00","28800.00"
"LD-GT01-S","SQUARE GLASS 155MM (H)","KWC000 KWC","000001","000001","17/11/2023","100.00","130.00","13000.00"
"LD-GT01-S","SQUARE GLASS 155MM (H)","KWC000 KWC","000009","000009","08/10/2024","200.00","130.00","26000.00"
"LD-GT03-L","TRIANGLE GLASS 215MM (H)","KWC000 KWC","000001","000001","17/11/2023","100.00","225.00","22500.00"
"LD-GT03-M","TRIANGLE GLASS 185MM (H)","KWC000 KWC","000001","000001","17/11/2023","100.00","188.00","18800.00"
"LD-GT03-S","TRIANGLE GLASS 155MM (H)","KWC000 KWC","000001","000001","17/11/2023","100.00","150.00","15000.00"
"LD-GT08-L","EIGHT SIDE GLASS 220MM (H)","KWC000 KWC","000001","000001","17/11/2023","100.00","194.00","19400.00"
"LD-GT08-L","EIGHT SIDE GLASS 220MM (H)","KWC000 KWC","000009","000009","08/10/2024","100.00","194.00","19400.00"
"LD-GT08-M","EIGHT SIDE GLASS 190MM (H)","KWC000 KWC","000004","000004","28/02/2024","200.00","166.00","33200.00"
"LD-GT08-S","EIGHT SIDE GLASS 155MM (H)","KWC000 KWC","000001","000001","17/11/2023","100.00","137.00","13700.00"
"LD-GT08-S","EIGHT SIDE GLASS 155MM (H)","KWC000 KWC","000004","000004","28/02/2024","200.00","137.00","27400.00"
"LD-L40","40MM BALL STAND 15MM(H)","KWC000 KWC","000008","000008","26/07/2024","226.00","26.00","5876.00"
"LD-T029-L","PILLAR TR 255MM","KWC000 KWC","000006","000006","20/06/2024","120.00","477.00","57240.00"
"LD-T029-L","PILLAR TR 255MM","KWC000 KWC","000009","000009","08/10/2024","100.00","420.00","42000.00"
"LD-T029-M","PILLAR TR 225MM","KWC000 KWC","000006","000006","20/06/2024","120.00","428.00","51360.00"
"LD-T029-M","PILLAR TR 225MM","KWC000 KWC","000009","000009","08/10/2024","100.00","385.00","38500.00"
"LD-T029-S","PILLAR TR 200MM","KWC000 KWC","000006","000006","20/06/2024","120.00","398.00","47760.00"
"LD-T029-S","PILLAR TR 200MM","KWC000 KWC","000009","000009","08/10/2024","100.00","350.00","35000.00"
"LD-T082-100","ROUND ON BASE 100MM(D) 115","KWC000 KWC","000006","000006","20/06/2024","300.00","136.00","40800.00"
"LD-T082-100","ROUND ON BASE 100MM(D) 115","KWC000 KWC","000009","000009","08/10/2024","500.00","119.00","59500.00"
"LD-T082-120","ROUND ON BASE 120MM(D) 135","KWC000 KWC","000001","000001","17/11/2023","200.00","157.00","31400.00"
"LD-T082-120","ROUND ON BASE 120MM(D) 135","KWC000 KWC","000006","000006","20/06/2024","200.00","167.00","33400.00"
"LD-T082-120","ROUND ON BASE 120MM(D) 135","KWC000 KWC","000009","000009","08/10/2024","500.00","147.00","73500.00"
"LD-T082-150","ROUND ON BASE 150MM(D) 165","KWC000 KWC","000001","000001","17/11/2023","200.00","202.00","40400.00"
"LD-T082-150","ROUND ON BASE 150MM(D) 165","KWC000 KWC","000006","000006","20/06/2024","200.00","215.00","43000.00"
"LD-T082-150","ROUND ON BASE 150MM(D) 165","KWC000 KWC","000009","000009","08/10/2024","500.00","189.00","94500.00"
"LD-T082-80","ROUND ON BASE 80MM(D) 95MM","KWC000 KWC","000009","000009","08/10/2024","300.00","91.00","27300.00"
"LD-T083","TRIANGLE ON BASE 220MM(H)","KWC000 KWC","000001","000001","17/11/2023","100.00","262.00","26200.00"
"LD-T083","TRIANGLE ON BASE 220MM(H)","KWC000 KWC","000006","000006","20/06/2024","119.00","279.00","33201.00"
"RH-01","WHITE SILKY RIBBON 400MM","KWC000 KWC","000002","000002","17/11/2023","2000.00","4.00","8000.00"
"RH-01-B","BLUE SILKY RIBBON 400MM (L","KWC000 KWC","000010","000010","08/10/2024","2000.00","4.00","8000.00"
"RH-01-BLK","BLACK SILKY RIBBON 400MM (","KWC000 KWC","000002","000002","17/11/2023","2000.00","4.00","8000.00"
"RH-01-R","RED SILKY RIBBON 400MM (LO","KWC000 KWC","000002","000002","17/11/2023","2000.00","4.00","8000.00"
"RH-01-R","RED SILKY RIBBON 400MM (LO","KWC000 KWC","000010","000010","08/10/2024","2000.00","4.00","8000.00"
"ZJ-1582A","MASSIVE GD CUP 670MM (H)","KWC000 KWC","000010","000010","08/10/2024","60.00","730.00","43800.00"
"ZJ-16109-BZ","MULTI HOLDER BRONZE 225MM","KWC000 KWC","000005","000005","28/02/2024","100.00","60.00","6000.00"
"ZJ-16109-BZ","MULTI HOLDER BRONZE 225MM","KWC000 KWC","000007","000007","20/06/2024","150.00","64.00","9600.00"
"ZJ-16109-GD","MULTI HOLDER GOLD 225MM (H","KWC000 KWC","000005","000005","28/02/2024","100.00","60.00","6000.00"
"ZJ-16109-GD","MULTI HOLDER GOLD 225MM (H","KWC000 KWC","000007","000007","20/06/2024","150.00","64.00","9600.00"
"ZJ-16109-SV","MULTI HOLDER SILVER 225MM","KWC000 KWC","000007","000007","20/06/2024","250.00","64.00","16000.00"
"ZJ-205A",""V" RED & GD CUP 500MM(H)","KWC000 KWC","000002","000002","17/11/2023","96.00","192.00","18432.00"
"ZJ-205B",""V" RED & GD CUP 430MM(H)","KWC000 KWC","000002","000002","17/11/2023","96.00","152.00","14592.00"
"ZJ-205C",""V" RED & GD CUP 360MM(H)","KWC000 KWC","000002","000002","17/11/2023","96.00","120.00","11520.00"
"ZJ-2066-A","GOLD KINGS CUP 575MM (H)","KWC000 KWC","000005","000005","28/02/2024","84.00","351.00","29484.00"
"ZJ-2066-B","GOLD KINGS CUP 510MM (H)","KWC000 KWC","000010","000010","08/10/2024","60.00","320.00","19200.00"
"ZJ-2066-C","GOLD KINGS CUP 445MM (H)","KWC000 KWC","000010","000010","08/10/2024","80.00","281.00","22480.00"
"ZJ-209","GD SOCCER BOOT & BALL 190M","KWC000 KWC","000002","000002","17/11/2023","120.00","100.00","12000.00"
"ZJ-209","GD SOCCER BOOT & BALL 190M","KWC000 KWC","000007","000007","20/06/2024","240.00","106.00","25440.00"
"ZJ-27-A","GOLD CUP PINE CONE 225MM(H","KWC000 KWC","000005","000005","28/02/2024","200.00","62.00","12400.00"
"ZJ-27-A","GOLD CUP PINE CONE 225MM(H","KWC000 KWC","000010","000010","08/10/2024","200.00","62.00","12400.00"
"ZJ-27-B","GOLD CUP PINE CONE 205MM(H","KWC000 KWC","000005","000005","28/02/2024","200.00","54.00","10800.00"
"ZJ-27-B","GOLD CUP PINE CONE 205MM(H","KWC000 KWC","000010","000010","08/10/2024","300.00","54.00","16200.00"
"ZJ-27-C","GOLD CUP PINE CONE 185MM(H","KWC000 KWC","000005","000005","28/02/2024","200.00","46.00","9200.00"
"ZJ-27-C","GOLD CUP PINE CONE 185MM(H","KWC000 KWC","000010","000010","08/10/2024","300.00","46.00","13800.00"
"ZJ-28-B","SILVER CUP PINE CONE 200MM","KWC000 KWC","000002","000002","17/11/2023","250.00","54.00","13500.00"
"ZJ-28-C","SILVER CUP PINE CONE 180MM","KWC000 KWC","000002","000002","17/11/2023","250.00","46.00","11500.00"
"ZJ-303-4C","HANDLED GOLD CUP 330MM(H)","KWC000 KWC","000002","000002","17/11/2023","120.00","100.00","12000.00"
"ZJ-303-4C","HANDLED GOLD CUP 330MM(H)","KWC000 KWC","000010","000010","08/10/2024","144.00","100.00","14400.00"
"ZJ-303-4D","HANDLED GOLD CUP 290MM(H)","KWC000 KWC","000002","000002","17/11/2023","144.00","76.00","10944.00"
"ZJ-303-4D","HANDLED GOLD CUP 290MM(H)","KWC000 KWC","000010","000010","08/10/2024","144.00","76.00","10944.00"
"ZJ-A2-BZ","BZ CUP METAL MEDAL 50MM(D)","KWC000 KWC","000010","000010","08/10/2024","1000.00","8.60","8600.00"
"ZJ-A2-SV","SV CUP METAL MEDAL 50MM(D)","KWC000 KWC","000010","000010","08/10/2024","1000.00","8.60","8600.00"
"ZJ-GX2-C","GOLD CUP; ROYAL 300MM","KWC000 KWC","000007","000007","20/06/2024","150.00","140.00","21000.00"
"ZJ-HL-B","BIG SV CUP WOODEN BASE 605","KWC000 KWC","000010","000010","08/10/2024","32.00","943.00","30176.00"
"ZJ-M01-BZ","BRONZE LEAVE MEDAL 65MM (D","KWC000 KWC","000005","000005","28/02/2024","600.00","13.00","7800.00"
"ZJ-M01-GD","GOLD LEAVE MEDAL 65MM (DIA","KWC000 KWC","000005","000005","28/02/2024","1800.00","13.00","23400.00"
"ZJ-M01-SV","SILVER LEAVE MEDAL 65MM (D","KWC000 KWC","000005","000005","28/02/2024","1200.00","13.00","15600.00"
"ZJ-MR01-BK","BLACK MATTE MEDAL HOLDER 4","KWC000 KWC","000010","000010","08/10/2024","3000.00","3.00","9000.00"
"ZJ-MR01-BL","BLUE MATTE MEDAL HOLDER 43","KWC000 KWC","000007","000007","20/06/2024","3000.00","3.00","9000.00"
"ZJ-MR01-GR","GREEN MATTE MEDAL HOLDER 4","KWC000 KWC","000007","000007","20/06/2024","3000.00","3.00","9000.00"
"ZJ-MR01-RD","RED MATTE MEDAL HOLDER 430","KWC000 KWC","000007","000007","20/06/2024","3000.00","3.00","9000.00"
"ZJ-MR01-YE","YELLOW MATTE MEDAL HOLDER","KWC000 KWC","000010","000010","08/10/2024","3000.00","3.00","9000.00"
"ZJ-T140C-BZ","WAVE CUP; BRONZE 290MM","KWC000 KWC","000007","000007","20/06/2024","60.00","123.00","7380.00"
"ZJ-T140C-GD","WAVE CUP; GOLD 290MM","KWC000 KWC","000007","000007","20/06/2024","120.00","123.00","14760.00"
"ZJ-T140C-SV","WAVE CUP; SILVER 290MM","KWC000 KWC","000007","000007","20/06/2024","60.00","123.00","7380.00"
"ZJ-YG058A","GD TROPHY FRUITY DESING 52","KWC000 KWC","000003","000003","21/11/2023","156.00","264.00","41184.00"
"ZJ-YG058B","GD TROPHY FRUITY DESING 48","KWC000 KWC","000003","000003","21/11/2023","156.00","224.00","34944.00"
"ZJ-YG058C","GD TROPHY FRUITY DESING 43","KWC000 KWC","000003","000003","21/11/2023","156.00","200.00","31200.00"
"ZJ-YG-091A","GD TROPHY 440MM(H)","KWC000 KWC","000003","000003","21/11/2023","156.00","224.00","34944.00"
"ZJ-YG-091B","GD TROPHY 390MM(H)","KWC000 KWC","000003","000003","21/11/2023","156.00","192.00","29952.00"
"ZJ-YG-091C","GD TROPHY 340MM(H)","KWC000 KWC","000003","000003","21/11/2023","156.00","160.00","24960.00"
"ZJ-YG157-BZ","FUNNEL CUP BRONZE 255MM(H)","KWC000 KWC","000005","000005","28/02/2024","100.00","52.00","5200.00"
"ZJ-YG157-BZ","FUNNEL CUP BRONZE 255MM(H)","KWC000 KWC","000007","000007","20/06/2024","100.00","55.00","5500.00"
"ZJ-YG157-GD","FUNNEL CUP GOLD 255MM(H)","KWC000 KWC","000005","000005","28/02/2024","150.00","52.00","7800.00"
"ZJ-YG157-GD","FUNNEL CUP GOLD 255MM(H)","KWC000 KWC","000007","000007","20/06/2024","100.00","55.00","5500.00"
"ZJ-YG157-SV","FUNNEL CUP SILVER` 255MM(H","KWC000 KWC","000005","000005","28/02/2024","100.00","52.00","5200.00"
"ZJ-YG157-SV","FUNNEL CUP SILVER` 255MM(H","KWC000 KWC","000007","000007","20/06/2024","100.00","55.00","5500.00"
"ZJ-YG159-BZ","STAR CHALISE BRONZE 160MM(","KWC000 KWC","000007","000007","20/06/2024","100.00","42.00","4200.00"
"ZJ-YG159-GD","STAR CHALISE GOLD 160MM(H)","KWC000 KWC","000007","000007","20/06/2024","100.00","42.00","4200.00"
"ZJ-YG159-SV","STAR CHALISE SILVER 160MM(","KWC000 KWC","000005","000005","28/02/2024","100.00","40.00","4000.00"
"ZJ-YG159-SV","STAR CHALISE SILVER 160MM(","KWC000 KWC","000007","000007","20/06/2024","100.00","42.00","4200.00"
"ZJ-YG-216C","GOLD PLASTIC CUP; BLACK BA","KWC000 KWC","000007","000007","20/06/2024","250.00","55.00","13750.00"
"ZJ-YG218-GD","GD 3D MUSIC NOTE 200MM (H)","KWC000 KWC","000010","000010","08/10/2024","100.00","46.40","4640.00"
"ZJ-YG218-SV","SV 3D MUSIC NOTE 200MM (H)","KWC000 KWC","000010","000010","08/10/2024","100.00","46.40","4640.00"
"ZJ-YG226-B","GD CUP BUTTON DECOR 250MM","KWC000 KWC","000010","000010","08/10/2024","100.00","64.00","6400.00"
"ZJ-YG226-C","GD CUP BUTTON DECOR 225MM","KWC000 KWC","000002","000002","17/11/2023","200.00","52.00","10400.00"
"ZJ-YG229A-R","RED STAR PILLAR 285MM","KWC000 KWC","000007","000007","20/06/2024","120.00","72.00","8640.00"
"ZJ-YG-229C","PLAIN STAR PILLAR 220MM","KWC000 KWC","000007","000007","20/06/2024","250.00","49.00","12250.00"
"ZJ-YG235-A","GD CUP LEAF DECOR 265MM (H","KWC000 KWC","000002","000002","17/11/2023","200.00","84.00","16800.00"
"ZJ-YG235-B","GD CUP LEAF DECOR 240MM (H","KWC000 KWC","000002","000002","17/11/2023","200.00","64.00","12800.00"
"ZJ-YG235-C","GD CUP LEAF DECOR 210MM (H","KWC000 KWC","000002","000002","17/11/2023","200.00","52.00","10400.00"
"ZJ-YG-248","GOLD SOCCER BALL W/ SHOOTI","KWC000 KWC","000007","000007","20/06/2024","100.00","61.00","6100.00"
"","","","","","","","","11417017.00"
