accno,glgroup,name,title,init,addr1,addr2,addr3,code,dname,daddr1,daddr2,daddr3,dcode,dinstr,disc,tel,fax,contact,delimit,openbal,period01,period02,period03,period04,area,termcode,email,category,show
110000,10.0,Sales Account,,,,,,,,,,,,,0.0,,,,0.0,0.0,-11630685.71,-2202397.76,-2938977.8,-800387.57,,COD,,,N
111000,110.0,Buy-Out Sales Account,,,,,,,,,,,,,0.0,,,,0.0,0.0,0.0,0.0,0.0,0.0,,COD,,,N
150000,110.0,Cost Of Sales Account,,,,,,,,,,,,,0.0,,,,0.0,0.0,12887119.12,2466952.64,3259520.58,925318.57,,COD,,,N
240000,260.0,Discount Allowed,,,,,,,,,,,,,0.0,,,,0.0,0.0,1961.24,9.6,6.98,2.43,,COD,,,N
241000,260.0,Discount Received,,,,,,,,,,,,,0.0,,,,0.0,0.0,0.0,0.0,0.0,0.0,,COD,,,N
250000,110.0,Stock Adjustment Account,,,,,,,,,,,,,0.0,,,,0.0,0.0,-2716140.58,-4208960.89,-60559.91,-27541.09,,COD,,,N
3DCC01,,3D Crystal Creations,,,27 SAXENBURG CRESENT,OAKGLENN,BELLVILLE,7530.0,,*DIFFICULT CLIENT = QLTY,,,,,8.0,021-919-4346,086-514-6268,JEFF,0.0,0.0,0.0,0.0,0.0,0.0,,COD,jeff101@telkomsa.net,21.0,Y
3DCS01,,3D Crystal Studios,,,11 ROOS BOLTON CRESCENT,KNYSNA HEIGHTS,"KNYSNA, WESTERN CAPE",6571.0,,"55 VISTA RD, WATERFALL",3610,,,NIELDRICHARD@GMAIL.COM,0.0,044 382 1511,031 765 7639,RICHARD/ELIZABETH,0.0,0.0,0.0,0.0,0.0,0.0,,COD,3dcrystalstudio@telkomsa.net; nieldricha,31.0,Y
450000,510.0,Accumulated Profit/Loss,,,,,,,,,,,,,0.0,,,,0.0,0.0,-1457745.93,-3944396.41,259989.85,97392.34,,COD,,,N
560000,910.0,Debtors Control Account,,,,,,,,,,,,,0.0,,,,0.0,0.0,133326.42,35626.42,5962.31,30573.82,,COD,,,N
575000,910.0,Stock Account,,,,,,,,,,,,,0.0,,,,0.0,0.0,1246038.46,5531374.25,546144.08,-889121.98,,COD,,,N
580000,910.0,Bank Account,,,,,,,,,,,,,0.0,,,,0.0,0.0,0.0,0.0,0.0,0.0,,COD,,,N
585000,910.0,Cash On Hand Account,,,,,,,,,,,,,0.0,,,,0.0,0.0,12907789.81,2497121.58,3372937.36,889869.48,,COD,,,N
587000,960.0,Cheque Period Holding Account,,,,,,,,,,,,,0.0,,,,0.0,0.0,0.0,0.0,0.0,0.0,,COD,,,N
590000,960.0,Creditors Control Account,,,,,,,,,,,,,0.0,,,,0.0,0.0,-12745254.25,-4357770.9,-4306870.46,-9953.83,,COD,,,N
600000,960.0,Vat Output Account,,,,,,,,,,,,,0.0,,,,0.0,0.0,-1412391.76,-330359.84,-439928.85,-120058.16,,COD,,,N
610000,910.0,Vat Input Account,,,,,,,,,,,,,0.0,,,,0.0,0.0,1328237.25,568404.9,561765.71,1298.33,,COD,,,N
AA0100,,African Appareal,,,FESTIVAL MALL,KEMPTON PARK,,,,,,,,,0.0,073 506 7006,,ANNE JOSEPH,100000.0,0.0,0.0,0.0,0.0,0.0,,COD,africanob1@gmail.com,,Y
AG0100,,Absolute Gap Gifts & Promotions,,,63 12TH AVENUE,NORTHMEAD,BENONI,,,P.O. BOX 16173,ATLASVILLE,1465,,,0.0,010 500 1096,,SAMANTHA,0.0,0.0,0.0,0.0,0.0,0.0,,COD,samantha@gappromo.co.za,,Y
AGU010,,Jabulani Nhlamba,,,PLOT 37521; BLOCK 8. GABORONE,,KWC CUSTOMS CODE: CU25439585,,"PLOT104, UNIT5, COMMERCE PARK,GABORONE",BOTSWANA...OMEGA COURIERS,WRIGHT@OMEGACOURIERS.CO.ZA,011 781 1920 - WRIGHT,,AWARDS @ GIFTS UNLIMITED,10.0,00267 75 511 117,00267 395 6493,JABULANI,0.0,0.0,-0.14,0.0,0.0,0.0,,COD,j_nhlamba@yahoo.co.uk,267.0,Y
BB0100,,Bianca Bothma,,,T/A BJVR CREATIONS,,   (MOSTLY DAMAGE PIECES),,,,,,,,20.0,083 952 4235,,BIANCA BOTHMA,0.0,0.0,0.0,0.0,-16.33,-21.98,,COD,biancaj21@gmail.com,,Y
BIE010,,Bema Imports & Exports,,,12 NORTH ROAD,"EVELEIGH, BOKSBURG",,,"P.O BOX 25416, EASTRAND, 1462",INFO@CRYSTALCONCEPTS.CO.ZA,,JACO 073 842 6004,,INGRID@CRYSTALCONCEPTS.CO.ZA,0.0,011 026 1155,086 537 8933,INGRID OWENS/JACO,20000.0,0.0,0.0,0.0,0.0,0.0,,30,jaco@crystalconcepts.co.za,11.0,Y
BM0100,,Boss Mark (Pty) Ltd,,,PLOT 5607,SELOKWANE WARD,GABORONE,,,,,,,,0.0,+267 77442020,,JAMES,0.0,0.0,0.0,0.0,0.0,0.0,,COD,bossmarkcafe@gmail.com,267.0,Y
CASH01,,Cash Sale,,,,,,,,,,,,,0.0,,,,0.0,0.0,21.85,-21.85,0.0,0.0,,COD,,,Y
CBT010,,Clear Brands Trading,,,UNIT 66 MONTERREY,TROUPANT AVE MAGALIESSIG EXT33,SANDTON,2191.0,,P O BOX 55021,NORTHLANDS,2116,,,0.0,084 812 2568,086 627 2017,ARMSTEAD,0.0,0.0,0.0,0.0,0.0,0.0,,COD,armstead@clearbrands.co.za,,Y
CC0100,,Crystal Concepts,,,10 ROSS STREET,BOKSBURG WEST,,1460.0,,,,,,,5.0,(011)0261155 (011)0131133,,JACO; CYNTHIA,0.0,0.0,0.0,0.0,0.0,0.0,,COD,info@crystalconcepts.co.za; accounts@,,Y
CCG020,,Clean Cut Glass,,,"2 HARRIS RD, INDUSTRIES WEST",GERMISTON,,,,,,,,AMANDA@CLEANCUTGLASS.CO.ZA,0.0,011 872 0974,011 873 1462,AMANDA/MIKE/RUSTY,0.0,0.0,0.0,0.0,0.0,0.0,,COD,mike@cleancutglass.co.za,11.0,Y
CCP010,,Crystal Clear Printing,,,OFFICE NUMBER A4,219 BEYERS NAUDE,RUSTENBURG,299.0,,,,,,,0.0,063 026 7008,,MASIMBA,0.0,0.0,0.0,0.0,0.0,0.0,,COD,dimeloninvestments@gmail.com,,Y
CEP010,,Chancor Engraving And Printing,,,161 RICHARDS AVENUE,PIERRE VAN RYNEFELD,CENTURION,157.0,,,,,,,0.0,0768987600,,JAN BOTES,0.0,0.0,0.0,0.0,0.0,0.0,,COD,info@chancor.co.za,12.0,Y
CGA000,,Comercio Geral Achiees/ Gift & Corporate,,,"MAPUTO SHOPPNG CNT, SHOP G11",MAPUTO,MOZAMBIQUE,,,TIME FREIGHT ADRESS,"SHOP 4, BACELIA CENTRE","RISSIK RD, KOMATIPOORT",,,10.0,00258-842983905,,MAYANK SURENDRA,0.0,0.0,-52.94,0.0,0.0,0.0,,COD,max.makss@gmail.com,,Y
CHA010,,Champions Hardware Arms & Ammunition,,,T/A CHAMPION LOCKSMITHS,1 DE VILLIERS AVE,VEREENIGING,1930.0,,P O BOX 562,VEREENIGING,,,,0.0,016 421 3744,016 421 2558,EMIL SWANEPOEL (OWNER),0.0,0.0,0.0,0.0,0.0,0.0,,COD,emil@chapionlg.co.za,16.0,Y
CI0100,,Cathrick International,,,P.O BOX 27406,"RHINE RD, SA",,,BELL AT RIGHT HAND SIDE PILLAR,146 HIGH LEVEL ROAD,THREE ANCHOR BAY,CAPE TOWN,,,5.0,021 465 0122,021 439 0119,PATRICK FILMMALTER,0.0,0.0,0.0,0.0,0.0,0.0,,COD,cathrick@icon.co.za,21.0,Y
CIG010,,Cast In Glass,,,7 SERCAL CRESCENT,"GOEDEMOED, DURBANVILLE",,7550.0,,BOX 1743,DURBANVILLE,7551,,,5.0,021 976 6710,086 671 5572,INGRID: 082 929 3230,0.0,0.0,6414.09,-6414.09,0.0,1426.8,,COD,castinglass@mweb.co.za,21.0,Y
COS010,,Cosaltrading C.C,,,T/A JUMP STREET,"SHOP 66, VAAL MALL, CNR",BARRAGE  & ROSIN; BOULEVARD,,,,,084 661 9044,,SALEYSAMEERA@GMAIL.COM,10.0,016 981 5184,,MR HANIF,0.01,0.0,0.0,0.0,-0.3,0.0,,COD,jumpstreetvaal@gmail.com,,Y
CP0100,,Classique Promotions,,,452 KERSTREL CRESCENT,RABIE RIDGE,MIDRAND,,,,,,,,5.0,011 310 1336,011 310,MOKETE,0.0,0.0,0.0,0.0,0.0,0.0,,COD,mokete@classiquepromotions,,Y
CRS010,,Centurion Rubber Stamp,,,SHOP 6; SIMARLO RAINBOW PARK,JAKARAND & EDWARD STREET;,HENNOPSPARK; CENTURION,157.0,,SYSTEM ADDED: 08/12/2021,,,,,0.0,082 596 0808,,VINOD PILLAY,0.0,0.0,0.0,0.0,0.0,0.0,,COD,vinodpillay77@gmail.com,12.0,Y
CS0000,0.0,Cash Sales Account,,,,,,,,,,,,,0.0,,,,0.0,0.0,0.0,0.0,0.0,0.0,,COD,,,Y
CS0100,,Creative Solutions,,,32 PIETERSE STREET,SOUTH CREST,ALBERTON,,,,,,,,0.0,061 039 0637,,CHRISTO,100000.0,0.0,0.0,0.0,0.0,0.0,,COD,creative247solutions@gmail.com,,Y
CSA020,,Cambanos & Sons Agencies,,,34 RICHARDS DRIVE,OPP.GALLAGHER  ESTATE,MIDRAND,,CAMBANOS@IAFRICA.COM (OLD),P O BOX 6824,MIDRAND,1685,,,22.0,011 315 9411,011 315 2162,VINCENT VAN STRAATEN,0.0,0.0,0.0,0.0,0.0,0.0,,COD,info@cambanos.com,11.0,Y
CSS010,,Caress Jewellers,,,"38 BAINES STREET, RYNFIELD",(ENTRANCE MATHERS STR),,1501.0,,,,,,,5.0,011 425-1102,011 425-1102,MR PIETER GROBLER,0.0,0.0,0.0,0.0,0.0,0.0,,COD,solettevdberg@gmail.com,11.0,Y
CTA010,,Classique Trophies And Awards,,,6 JUNIPER STR,PRIMROSE,GERMISTON,1401.0,,,,,,,5.0,071 125 6705,,MARCIA KLEIN,0.0,0.0,0.0,551.75,-551.75,-56.3,,COD,SALES@CLASSIQUETROPHIES.CO.ZA,,Y
CTR010,,Classique Trophies & Resin,,,39 GORST AVENUE,PRIMROSE HILL,GERMISTON,1401.0,,,,,,SALES@CLASSIQUETROPHIES.CO.ZA,5.0,082 508 4824,,RAFICK HOOSAIN,0.0,0.0,0.0,0.0,0.0,0.0,,COD,rafick.hoosain@yahoo.com,11.0,Y
CW0100,,Creative Wizards,,,12 OLGA ROAD,VALHALLA,,185.0,,,,,,,0.0,012 654 1260,086 5295414,GARY MAREE,100000.0,0.0,0.0,0.0,0.0,0.0,,COD,tshirts@worldonline.co.za,,Y
CWMT01,,Country Wide Medals & Trophies,,,66 WEPENER STREET,BOOYSENS,,2091.0,CWDAVID.FELDMAN@GMAIL.COM,P.O BOX 82433,SOUTHDALE,2135,,CWRECEPTION@MWEB.CO.ZA,10.0,011 493 8399,011 493 7704,ERMYN/VICKY/NATASHA/SAKKI,0.01,0.0,0.0,0.0,0.0,0.0,,COD,cwvicky69@gmail;natasha69@gmail.com,11.0,Y
DA0200,,Dynamic Achievers,,,13 AVALLANCHE & AYR STR,MELVILLE,JOHANNESBURG,2092.0,,,,,,PHUMALANGA@GMAIL.COM,0.0,0820847569/0606669405,,,0.0,0.0,0.0,0.0,0.0,0.0,,COD,sales@taliwell.co.za,,Y
DG0100,,Digital Jelly,,,27 ORION STREET,KENSINGTON; JHB,,2101.0,,,,,,INFO@DIGITALJELLY.CO.ZA,0.0,011 974 0990,,JONATHAN / ELAINE,0.0,0.0,0.0,0.0,0.0,0.0,,COD,elaine@digitaljelly.co.za,,Y
DGD010,,Dianke Glass Designs Cc,,,14 NIPPER ROAD,UNIT 4 NIPPER PARK,NEW GERMANY,3620.0,,PO BOX 411,NEW GERMANY,3620,,,0.0,031 705 5938,,ANNEKE STRYDOM,0.0,0.0,0.0,0.0,0.0,0.0,,COD,sales@dianke.co.za; anneke@dianke.co.za,31.0,Y
DST010,,D&S Trophies,,,13 TAGORE STREET,AZAADVILLE,KRUGERSDORP,,,,,,,,8.0,011 413 2732,011 413 2732,SHIRLEY,0.0,0.0,0.0,0.0,-60.44,60.44,,COD,shirley.trophies@gmail.com,,Y
E04000,,Engravers,,,SHOP 40 PROTEA CENTRE,HIGH STREET,BRIXTON,,,,,,,,10.0,011 839 0866,011 839 0867,JACKIE,0.0,0.0,0.0,0.0,0.0,0.0,,COD,selwyn@theengravers.co.za,11.0,Y
E08000,,Engraving By Hand,,,"SHOP 7, CNR PRAIRE & ROSE STR",ROSETTENVILLE,,,,,,,,,0.0,011 435 3344,011 435 3344,JOSE' LOPES,0.0,0.0,0.0,0.0,0.0,0.0,,COD,,,Y
EC0100,,Event Corportation Cc,,,10 THEODORE ROAD,BENROSE; JHB,,2094.0,,,,,,,0.0,010 238 0129,,CHARLENE,0.0,0.0,0.0,0.0,0.0,0.0,,COD,info@eventcorporation.co.za,,Y
EDP000,,Elna Du Plessis,,,23 WILLOW ESTATES,BUSH ROAD,380 WILLOW PARK MANOR/ PTA,,,,,,,,8.0,072 01 31342,,ELNA,0.0,0.0,0.0,0.0,0.0,0.0,,COD,,,Y
ELS010,,Elsa'S Laser Engraving & Badges,,,THERESABURG COMPLEX,BONTEBOK SINGLE 3,"THERESAPARK, AKASIA",,,3 BONTEBOK AVE,3 BONTEBOK AVE,"11 RIETBOK AVE, THERESAPARK",,,0.0,082 940 3211,,ELSA,0.0,0.0,0.0,0.0,0.0,0.0,,COD,elsamitchell62@gmail.com,,Y
EM0100,,Elite Marketing,,,30 HAWK STREET,KHARWASTAN,CHARTSWORTH,4092.0,,,,,,,0.0,031 401 9598,,ELAINE,0.0,0.0,0.0,0.0,0.0,0.0,,COD,snoopysangel@mweb.co.za,31.0,Y
ESE101,,Es Engravers & Embroiders,,,11 MAIN RD,FARRAMERE,BENONI,,,,,,,,0.0,011 849 2765,011 849 1725,ELVIO,0.0,0.0,0.0,0.0,0.0,0.0,,COD,elvio@esengrave.co.za,11.0,Y
ESP010,,Elephant Sanctuary The Crags,,,"PORTION 10,THE FARM KIRBYWOOD","ANIMAL ALLEY JUST OFF N2, NEAR","PLETTENBERG BAY, THE CRAGS",6602.0,CRAGS@ELEPHANTSANCTUARY.CO.ZA,P.O BOX 16,THE CRAGS,6602,,VINTAGEANDROSE@GMAIL.COM,0.0,044 534 8145,044 534 8235/086 515 2163,ANN/ RENSCHE 076 907 4684,0.0,0.0,0.0,0.0,0.0,0.0,,COD,hr@elephantsanctuary.co.za,44.0,Y
EW0100,,Engraving Workshop,,,56 KANTOOR STREET,LYDENBURG,,1120.0,,P.O. BOX 8042,LYDENBURG,1120,,,0.0,013 235 4602,013 235 4602,MAGDA NEL,0.0,0.0,0.0,0.0,0.0,0.0,,COD,magdanel23@yahoo.com,13.0,Y
FDS010,,Fio D' Silva Cc,,,SHOP N0. 1,87 RIETFONTEIN RD,BOKSBURG WEST,,,,,,,FIODSILVA@GMAIL.COM,8.0,011 823 1758,,CALISTO,0.0,0.0,3086.35,-2799.63,3367.62,-1561.32,,COD,calisto@trophiesengraving.co.za,11.0,Y
FIN010,,Finpromo (Pty) Ltd,,,49 HEATHER AVE,"LILLIANTON, BOKSBURG",,1459.0,,,,,,,0.0,011 823 3233,,,0.0,0.0,0.0,0.0,0.0,0.0,,COD,sales@finpromo.co.za,,Y
FM0200,,Hypenotik Designs,,,293 PEERBOOM STR,DOORNPOORT,PRETORIA,17.0,,P.O. BOX 13896,SINOVILLE,PRETORIA/0129,,,5.0,012 547 0899,,ANTON,0.0,0.0,0.0,6127.84,-6127.84,0.0,,COD,sales@hypenotikdesign.co.za,,Y
FP0200,,First Prize Trophies,,,3785 JAN FREDERICK AVE,RANDPARK RIDGE,,,INFO/SALES@FIRSTPRIZE.CO.ZA,P O BOX 2435,HONEYDEW,2040,,NOELEN@FIRSTPRIZE.CO.ZA,12.0,011 794 1149,086 684 6130,KIM/VIVIAN/FIONA,0.0,0.0,0.0,4500.36,-222.63,10654.8,,COD,viv@firstprize.co.za,11.0,Y
FPM010,,Fidelity Print Mark (Pty)Ltd,,,PLOT 1151/56 NKOYAPHIRI INDUST,MOGADITSHANE,,,,P.O. BOX 1251,MOGADITSHANA,BOTSWANA,,,10.0,09267 393 1499/97/7161296,09267 3916162/3500840,FIDELIS  NCUBE,100000.0,0.0,0.0,0.0,5278.5,-5278.5,,COD,fidelityengravers@yahoo.com,,Y
FW0100,,Framing Warehouse Cc,,,40 MEYER STREET,GERMISTION,,1401.0,PAUL@FRAMINGWAREHOUSE.CO.ZA,BARBARA@FRAMINGWAREHOUSE.CO.ZA,,,,,0.0,011 873 0386,011 873 0385,JAYSON / PAUL,0.0,0.0,0.0,0.0,0.0,0.0,,COD,jayson@framingwarehouse.co.za,11.0,Y
GCP010,,Garona Communication & Projects Cc,,,PLOT 587; KOALA ROAD,"RIETFONTEIN, MOGALE CITY",,1739.0,,,,,,TYCOON@GARONACOM.CO.ZA,0.0,011 794 6162,086 503 7876,PRESLEY / TYCOON,0.0,0.0,0.0,0.0,0.0,0.0,,COD,presely@garonacom.co.za,11.0,Y
GDL010,,Grand Design Laser & Cnc,,,37 MAC DOUGALL,ROYLDENE,KIMBERLEY,8301.0,,,,,,,0.0,084 503 3604,,JACOBUS ANDRE SCHREUDER,0.0,0.0,5740.8,-5740.8,0.0,6752.3,,COD,granddesignkby@gmail.com,,Y
GJ0200,,Gift Junction,,,"SHOP 1, CHECKERS WESTGATE CNT",,,,,P.O. BOX 9284,AZAADVILLE,1750,,,6.0,011 768 8003,,YUSUF/ FAROUK,0.0,0.0,0.0,0.0,0.0,0.0,,COD,giftjunxion@gmail.com,11.0,Y
GP0200,,Galyn Promotions,,,50 PRINCE ALFRED DRIVE,COUNTRY VIEW,BENONI,1501.0,,,,,,,0.0,083 504 0327,,ISABEL,0.0,0.0,0.0,0.0,0.0,0.0,,COD,,,Y
GSM010,,Gsm Engraving,,,CNR ZASTRON & MARKGRAAF STREET,WESTDENE,BLOEMFONTEIN,9300.0,,,,,,,5.0,051 448 0101,084 573 0844,ZELDA/PRISILA,0.0,0.0,0.0,0.0,-4844.16,1380.92,,COD,gsmcellc@telkomsa.net,51.0,Y
GW0100,,Gift Wrap Trading Ltd Pty,,,"UNIT 25, GARSFONTEIN OFFICE","PARK, 654 JAQUELINE DRIVE",GARSFONTEIN,,,,,,,DIANE@GIFTWRAP.CO.ZA,0.0,086 111 1457,086 628 4010/012 349 9506,SALOME/MEGA,0.0,0.0,0.0,0.0,0.0,0.0,,COD,sheryl-ann@giftwrap.co.za/ diane@,12.0,Y
GY0100,,Accent Trophies& Engraving,,,76 STAMFORD HILL RD,GREYVILLE,DURBAN,,,,,,,,0.0,031 309 1589/031 402 0166,,ALVIM MAHABEEER,0.0,0.0,0.0,0.0,0.0,0.0,,COD,alvin@accenttrophies.co.za,,Y
HB0100,,Calipso Gifts & Decor,,,"SHOP 5A, CIRCLE CENTRE",C/O MAIN& BELVEDERE RD,SOMERSET WEST,7130.0,,POSTNET SUITE 241 PRIVATE BAG,X29,SUMMERSET WEST,,,0.0,044 382 7931,044 382 7931,ANNETTE,0.0,0.0,0.0,0.0,0.0,0.0,,COD,,,Y
HB0200,,Health Bells,,,SHOP 51,KNYSNA QUAYS WATERFRONT,KNYSNA,6570.0,,,,,,,0.0,044 382 7931,044-382 7931,ANNETTE,0.0,0.0,0.0,0.0,0.0,0.0,,COD,,,Y
HD0100,,Helium Design Cc,,,39 EDENDALE ROAD,"EDENGLEN, EDENVALE",,1609.0,,076 423 4210 KEITH,082 080 9473 GRANT,082 411 2878 ANDREA,,,12.0,011 022 2094,082 920 7755,KEITH/GRANT,20000.0,0.0,18143.0,1011.56,-3911.82,11219.85,,30,info@heliumdesign.co.za,11.0,Y
HG0100,,Helenic Glass,,,24 BEDFORD AVENUE,BENONI,,,,,,,,,0.0,011 845 3182,011 845 4335,MIKE,0.0,0.0,0.0,0.0,0.0,0.0,,COD,hellenic@telkomsa.net,11.0,Y
HG0200,,Hellas Glass (Pty) Ltd,,,24 BEDFORD AVENUE,BENONI,GAUTENG,1501.0,,,,,,MTRADING@ABSAMAIL.CO.ZA,0.0,011 845 3182/3,011 845 2870/1,MIKE /  ESTE,0.0,0.0,0.0,0.0,-4.4,0.0,,COD,hellasglass.sales@gmail.com,11.0,Y
I03000,,Interjewel,,,64 MARAIS STR,HEIDELBERG,,,,P.O BOX 138,HEIDELBURG,1438,,,0.0,016 341 5701,016 341 5701,MISERA,0.0,0.0,0.0,0.0,0.0,0.0,,COD,interjewel@hotmail.com,16.0,Y
IC0100,,Interactive Consulting Sa Pty Ltd,,,UNIT 4; MADRIHOF,32 OOSTHUIZEN AVENUE,SONGLOED,2571.0,,,,,,STEFAN@INTERACTIVECONSULT.CO.Z,0.0,,,STEFAN: 067 565 0693,0.0,0.0,0.0,2757.7,-2757.7,0.0,,COD,sales@interactiveconsult.co.za,,Y
ICE010,,Ice Inc Pty Ltd,,,390 MENDHI STREET,LAUDIUM,,,,,,,,,0.0,0684866033,,LAVEN / NISHANI,0.0,0.0,0.0,120.75,-120.75,0.0,,COD,laven@iceinc.co.za,,Y
ICG020,,Incomplete Corporate Group,,,67 INGUELALA COMPLEX,VREDENHOF ROAD,MULBARTON,,,,,,,MABASOJ@ABSAMAIL.CO.ZA,0.0,0718810054,,THEMBA KHUMAB,0.0,0.0,0.0,0.0,0.0,-1.0,,COD,incompletebrands@gmail.com,11.0,Y
IGD010,,Innovative Glass Design,,,OFFICE JUNCTION,16 ACTAVIA ROAD,GERMISTON,1601.0,** HEATHER/ CHARMAINE,P.O. BOX 3147,EDENVALE,1601        MARCIA: 0711256705,,INNOVATIVEGLASS@TELKOMSA.NET,20.0,011 450 3711,011 450 3738,SHIONA (SHUAN 0718788070),10000.0,0.0,0.0,0.0,0.0,0.0,,COD,shiona@netactive.co.za,11.0,Y
IT0100,,Infinite Trophies,,,59 VEIL ROAD,RYNFIELD,BENONI,,,,,,,,10.0,061 507 1553,,LEE-AAN & NICCI,0.0,0.0,593.16,-593.16,0.0,0.0,,COD,sales@itrophies.co.za,,Y
JAM010,,Jamnadas C&C,,,82 KERK STREET,POLOKWANE,,759.0,,P.O. BOX 31155,SUPERBJA,0759,,,15.0,079 399 5226,,SUNIL,0.0,0.0,0.0,28593.43,-23358.92,34159.58,,COD,jamnadas37@gmail.com,15.0,Y
JG0100,,Amazing Gifts,,,SHOP 09 FIRST PLACE,FNB BANK CITY,CNR SAUER & KERK STR/ JHB,,,HOME: 121 VLEISROOS STREET,WINCHESTER HILLS; 2091,,,DRAMA@WEBMAIL.CO.ZA,5.0,011 836-1746,,D.M RAMA,0.0,0.0,0.0,0.0,0.0,0.0,,COD,amazinggifts@mweb.co.za,,Y
JM0200,,Jewel Matic Cc,,,PICK 'N PAY CENTRE,LICHTENBURG,,2740.0,,P.O.BOX 1685,LICHTENBURG,2740,,MOSTLY 5% DISCOUNT,5.0,018-632-3186,018-632-3186,YOUSUF,0.0,0.0,0.0,0.0,0.0,0.0,,COD,khodahafez@telkomsa.net,18.0,Y
JNBG01,,Jnb Glass,,,UNIT 1,18 EDENDALE ROAD,WEST EASTLEIGH,,,,,,,,0.0,011 524 0883,,MIKE,0.0,0.0,0.0,0.0,0.0,0.0,,COD,info@jnbglass.co.za; mmglass@hotmail.gr,,Y
KG0200,,Khoja Group,,,UNIT 1 A FABRICO BUILIDING,C/O MITCHELL & VON WIELLIGH,PRETORIA WEST,,,60 AAMBISI CRESENT,WATERKLOOF VALLEY,"SQUIRREL RD, MONUMENT PARK",,,8.0,012 327 5885,086 698 2737,NOOR-E-DIN KHOJA,0.0,0.0,0.0,0.0,0.0,0.0,,COD,nkhoja@khojagroup.net,,Y
KLP010,,Khumo Laser Projects,,,PLOT 12824,XANAGAN STREET,"GABORONE, BOTSWANA",,,,,,,,0.0,00267 3917509,00267 3917509,RONNIE,0.0,0.0,0.0,0.0,0.0,0.0,,COD,khumolaserprojects@gmail.com,,Y
KTP020,,Ktp Enterprise Holdings Pty Ltd,,,UNIT 5; ALVES CENT,9 JUBILI STREET; RACEVIEW,ALBERTON,1450.0,,,,,,,0.0,011 907 0572,,TIYISELANI KANYANI,0.0,0.0,0.0,0.0,0.0,0.0,,COD,sales@ktpbrand.co.za,11.0,Y
KWC000,,Kwc,,,,,,,,,,,,,0.0,,,,0.0,0.0,-12745254.25,-4357770.9,-4306870.46,-9953.83,,COD,,,Y
LAC010,,La Creations,,,35 GLASOGIE STREET,SEDGEFIELD,,6506.0,,,,,,,0.0,060 817 7717,,ANNELIEN WEBBER,0.0,0.0,0.0,0.0,0.0,0.0,,COD,annelienk1@gmail.com,,Y
LE0200,,Liebner Engravers Cc,,,123 VILJOEN STREET,"RIVIERA, PRETORIA",,,,,,,,,0.0,012 329 3410,012 329 4495,ELZAAN,0.0,0.0,0.0,0.0,0.0,0.0,,COD,liebner@iafrica.com,,Y
LI0200,,Lavish Interiors,,,COMMERCE PARK,GABORONE,,,,P.O. BOX 602130,GABORONE,,,LAVISHINTERIOS10@GMAIL.COM,7.0,00267 395 9136,00267 395 9137,SEGAMETSI,0.0,0.0,0.0,0.0,0.0,0.0,,COD,lavishinteriors09@gmail.com,,Y
LJ0100,,Leiras Jewellers,,,"SHOP 15, HIGHVELD CENTRE",WATERMEYER STREET,"KLIPFONTEIN, WITBANK",1038.0,,P.O.BOX 14202,LERAATSFONTEIN,WITBANK.1038,,TIME FREIGHT,0.0,013-697-0722,013-697-0722,CHRISTO MULLER,0.0,0.0,0.0,0.0,0.0,0.0,,COD,leirastrophies@gmail.com,,Y
LOG010,,(Old) Jamnadas C&C,82 K,,82 KERK STREET,POLOKWANE,,759.0,,P.O. BOX 31155,SUPERBJA,0759,,,10.0,015 297 7731,015 297 7731,SUNIL,0.0,0.0,0.0,0.0,0.0,0.0,,COD,jamnadas37@gmail.com,,Y
LS0200,,Langeni Supplies,,,T/A PHOTO CRYSTALS,50 MADEIRA STREET,MTHATHA,5099.0,P O BOX 268; MTHATHA; 5140,*DIFFICULT CLIENT = QLTY,AQUARIUS STAMPS 011 4537012,NICOLET/JAMES,,REFERED BY: PHIL,5.0,065 883 2213,047 531 0960,PAT NADASAN,0.0,0.0,0.0,0.0,0.0,0.0,,COD,patgovender67@yahoo.com,,Y
LWG010,,Lilly White Glass,,,"PLOT 22029, TAKATOKWANE ROAD","GABARONE WEST IND, BOTSWANA",KWC CUSTOMS:1462245,,ORDERS ABOVE R3000 NET MUST BE PAID,FIRST BEFORE COLLECTION,,,,EMMA@AGPUMP.CO.BW,7.0,00267 318 6663,00267 318 6663,SHARMAINE/LEZANDA/EMMA,3000.0,0.0,0.0,0.0,0.0,0.0,,COD,sharmaine@agpump.co.bw;Lezanda@...;emma,267.0,Y
LYE010,,Lyttelton Engravers,,,170 CRADOCK AVENUE,LYTTELTON MANOR,CENTURION,,,,,,,MONKNA.ENGRAVERS@GMAIL.COM,8.0,072 776 6553,,ROOI PAROPENG MAKUA,100000.0,0.0,0.0,0.0,-0.42,3267.08,,COD,lyttelton.engravers@gmail.com,,Y
MB0300,,Metal Badge,,,100 PEPLER STREET,ROSSLYN,PRETORIA,,EPX COURIERS,P.O. BOX 3518,PRETORIA,0001,,,0.0,012 541 3443,012 541 1438,WIM MENTZ/ COLIN,0.0,0.0,0.0,0.0,0.0,0.0,,COD,info@metalbadgeandbutton.com/accounts,,Y
MBSA01,,Mrs Bold South Africa Pageant Pty Ltd,,,67 ACASIA ROAD,CARLSWALD MEADOWS,CARLSWALD,1685.0,,,,,,AWARDS@EMERGEAFRICAAWARDS.INFO,0.0,072 435 9377,,PETUNIA,0.0,0.0,-3.75,0.0,0.0,0.0,,COD,petunia.makome@yahoo.com,,Y
MC0900,,Multico,,,"SHOP 4, EDENGATE CORNER","HORWOOD STREET,","CNR VAN RIEBEECK, EDENVALE",,,,,,,MULTICO@TELKOMSA.NET,8.0,011 453 8550,011 453 7918,CAROL/BRANDON/JODAN,0.0,0.0,0.0,0.0,0.0,0.0,,COD,design@multico.co.za,11.0,Y
MD0200,,Mann Designs,,,"UNITE 7, FIVE STAR, BUSS PARK","JUICE STREET, HONEYDEW",,,,,,,,,0.0,082-929-6806,011-794-9336,DARREL,0.0,0.0,0.0,0.0,0.0,0.0,,COD, trophy@manndesigns.co.za,,Y
ME0100,,Montana Engravers,,,277B BRAAM PRETORIUS STREET,SINOVILLE,,,,,,,,,5.0,076 754 9935,,PETUEL,0.0,0.0,0.0,0.0,-0.02,0.0,,COD,montana.engravers@gmail.com,,Y
MEP020,,Midrand Electro Plating,,,T/A TROPHIES & SILVERWARE,288 MAIN REEF ROAD,KNIGHTS; GERMISTON,1020.0,,P.O.BOX 2617,BRONKHORSTSPRUIT,1020,,TROSPORTSALES@GMAIL.COM,0.0,011 822 5506,011 822 5506,EMARIO/MARIUS/MIKE,0.0,0.0,0.0,0.0,0.0,0.0,,COD,mike/sales@trophies-silverware.co.za,11.0,Y
MGW010,,Mc Gregor Shop,,,ATLAS STR,KIMBERLY,"P O BOX 2203,KIMBERLEY",8300.0,,,,,,,0.0,053-832-2457,053-832-4622,ELBIE VENTER/ ALTA,0.0,0.0,0.0,0.0,0.0,0.0,,COD,mcgregorgiftshop@gmail.com,,Y
MH0100,,Merch Hub,,,13 MOZART,KYALAMI HILLS,MIDRAND,,,,,,,,0.0,,,AUXILIA,0.0,0.0,0.0,0.0,0.0,0.0,,COD,auxilia@merchhubzone.co.za,11.0,Y
MM0200,,On 68 Pretoria Road,,,T/A MOMENTUS MOMENTS,68 PRETORIA ROAD,RYNFIELD; BENONI,1501.0,OLD OWNER: JUDESM@TELKOMSA.NET,ACCOUNT CREATED 23/01/2017,OLD: 7 DOUGLAS AVE,"           FARRARMERE, BENONI",,,8.0,011 425 2717,,RODNEY/SHARRON/ NATASHA,0.0,0.0,0.0,-815.13,-1002.51,1075.97,,COD,Info@momentusmoments.co.za,11.0,Y
MMT010,,Mm Trofee Gravering En Horlosie Dienste,,,88 NELSON MANDELA,MODIMOLLE,LIMPOPO,510.0,,,,,,,0.0,014 717 3635,,,0.0,0.0,0.0,0.0,0.0,0.0,,COD,manie.hall@hotmail.com,14.0,Y
MP0500,,Mligu Promotions Cc,,,513 KENMAR STREET,CONSTANTIA PARK,,,,P.O.BOX 99992,GARSFONTEIN OOS,PRETORIA,,,0.0,012-993-1911,012-998-2164,MIEMIE COETZEE,0.0,0.0,0.0,0.0,0.0,0.0,,COD,miemiec930@gmail.com; liezl@mligu.co.za,,Y
MPD010,,Mudau Picture Dreamers,,,T/A FRAMEFUN,UNIT 5 NORTHLANDS,DECO PARK,,,,,,,,0.0,011 462 0358,,ARON,0.0,0.0,0.0,0.0,0.0,0.0,,COD,reception@framefun.co.za,,Y
MS0200,,Manly Screenprinters,,,NABOOM STRAAT 9,GOLFPARK,MEYERTON,1960.0,"KRUGER ST, VANDERBIJLPARK",P.O. BOX 5338,VANDERBIJLPARK,1900,,"OLD: ALPHA GEBOU, PRES",3.0,016-362 4528,,EILEEN/KOBUS,0.0,0.0,0.0,0.0,0.0,0.0,,COD,manly@absamail.co.za,,Y
MSB010,,Mdlayi Sports Brand,,,20685 ORINOCO CRESCENT,PROTEA GLEN EXT 20 SOWETO,GAUTENG,1818.0,,,,EMMANUEL,,TROPHIES.BADGES@GMAIL.COM,10.0,0743143536 JULIUS,,065 590 8027 ANDREA,0.0,0.0,-5.48,-0.16,4.33,-1.28,,COD,msportsbrand@gmail.com,11.0,Y
MT0100,,Magnettica Trading,,,14-20TH STREET,PARKHURST,,2193.0,,,,,,,0.0,072 206 0111,,MICHELLE BANDS,0.0,0.0,0.0,0.0,0.0,0.0,,COD,magnettica@ananzi.co.za,,Y
MTP010,,Mokgasela Trading & Projects,,,NO. 11 PIERRE STREET,IT PARK OFFICE,"NO. 4, BEDHOR; POLOKWANE",,,,,,,,0.0,0791625294,,MOSIBUDI JANE MOMJELA,0.0,0.0,0.0,0.0,0.0,0.0,,COD,MOKGASELA.TRADING@GMAIL.COM,15.0,Y
NT0300,,Nel Trophies,,,SHOP 27; ORCHARD SHOPPING,CENTRE; VALENICA PARK,NELSPRUIT,1200.0,OLD: SHOP 208 KA-MKHOLO BUILDING,P.O. BOX 742 NELSPRUIT,BADRESH: 084 496 2500,NUTAN: 083 654 0338,,OLD: NELTROPHY@MWEB.CO.ZA,15.0,013-755-1411/013-752-3109,0137551411/0867626451,"KAMESH, NUTAN, BERNET",15000.0,0.0,8776.05,426.23,5647.63,-5120.43,,30,neltrophy@gmail.com,,Y
NXA010,,Nxamalalatemtsa,,,1407 DLAKAUN CRS,MAILULA PARK,,1475.0,,,,,,,0.0,079 124 0029,086 005898,THABANG J ZUMA,100000.0,0.0,0.0,0.0,0.0,0.0,,COD,thabangjacob@gmail.com; vuyimbono@icloud,17.0,Y
OG0100,,Ontyme Graphix,,,166 BRAAMFISCHER DRIVE,RANDBURG,,,,,,,,,5.0,083 472 9731,,ETHIOL,0.0,0.0,0.0,0.0,0.0,0.0,,COD,msportsbrand@gmail.com,11.0,Y
OJ0100,,Oriental Jewellers,,,"SHOP H2, HYPERAMA",FOURWAYS MALL,FOURWAYS,2055.0,,,,,,,5.0,011-465-5132,011-705-3133,HASSEN/ NAZREEN,0.0,0.0,0.0,0.0,0.0,0.0,,COD,,,Y
OT0300,,Olympia Trophies,,,341 PAUL KRUGER STREET,"CAPITAL PARK, PRETORIA",,,"OWNER PASSED AWAY, WIFE CLOSED",THE BUSINESS,,,,,5.0,012-321-1601,012-321-1601,DANNY/ ELSA,20000.0,0.0,0.0,0.0,0.0,0.0,,COD,mwdannym@mweb.co.za,,Y
P07000,,Promonology Cc,,,WIERDAPARK,,,149.0,,P.O. BOX 54510,,,,,0.0,012-660-4441,012-660-2502,MANDY,0.0,0.0,0.0,0.0,0.0,0.0,,COD,mandy@promonology.co.za,,Y
PA0400,,Prestige Awards (Pty) Ltd,,,419 CORK AVE,"FERNDALE, RANDBURG",,,,P.O. BOX 444,FERNDALE 2160,LESLEY/JENNY,,JENNY / FIONA,15.0,011-781-0833,011-781-0838,LESLEY / KENITH = OWNERS,20000.0,0.0,11425.28,5694.56,10586.95,-8833.88,,30,gugulethu@prestigeawards.co.za,,Y
PB0200,,Glass Creations (Pty) Ltd,,,SHOP FC 12 WESGATE SHOPPING,HARARE,ZIMBABWE,,88 SIMMONDS STR,BRAAMFONTEIN,JOHANNESBURG,,,MUNHENZVA BUS OFFICE,7.0,+263 772999407,,PRIDE BHUNU,0.0,0.0,-404.28,0.0,-0.23,0.0,,COD,pbhunu@gmail.com,,Y
PG0200,,Premier Import & Export Cc,,,416 KINGSWAY HIGHWAY,LYNNWOOD,PRETORIA,81.0,,P.O.BOX 36877,MENLO PARK,S.A 0102,,,7.0,012 348 7434/361 6445,012 361 3508,BRENDA,0.0,0.0,0.0,0.0,0.0,0.0,,COD,premier@mweb.co.za,,Y
PGJ010,,Gift Centre,,,17 A JORISSEN STREET,POLOKWANE,,70.0,,P.O.BOX 1063,POLOKWANE,0700,,YSFDESIGN@GMAIL.COM,10.0,015-295-8758,015-295-8759,HUSSAIN / YUSUF,0.0,0.0,0.0,0.0,0.0,0.0,,COD,info.limpopotrophies@gmail.com,,Y
PGS010,,Pronto Graphics& Signs,,,25 KINDON ROAD,ROBERTSHAM,,2091.0,,,,,,,0.0,011 433 4000,011 433 0093,JORGE,100000.0,0.0,0.0,0.0,0.0,0.0,,COD,receiption1@prontographics.co.za,,Y
PHG010,,Phatsima Glass,,,3264 LETHETSA STREET,PHOMOLONG SHOPPING COMPLEX,KROONSTAD,9499.0,,,,,,,0.0,073 273 1744,,MOSES,0.0,0.0,0.0,0.0,0.0,0.0,,COD,moloi.bubbles@gmail.com,,Y
PRJ010,,Piet Retief Jewellers,,,31C KERK STREET,PIET RETIEF,,,,,,,,,0.0,017 826 3751,017 826 3751,FAREED,0.0,0.0,0.0,0.0,0.0,0.0,,COD,prj@exclusivemail.co.za,,Y
PRS010,,Promotion Support,,,20 SHARROW ROAD,BOSKRUIN; RANDBURG,,,,,,,,"RAINBOW@JNEP.CO.ZA"" JNB EMBRO""",0.0,082 447 8943,,CYNTHIA,0.0,0.0,0.0,0.0,0.0,0.0,,COD,cindy@promsup.co.za,,Y
RB0200,,Riga Bros,,,53 QUEEN STREET,LADYSMITH,3370,,,P O BOX 366,,GABRIELLA,,,0.0,036 637 6792,036 637 6793,ANAND T. RIGA/NASEEMA,0.0,0.0,-3.9,0.0,0.0,0.0,,COD,andrigkzn@telkomsa.net,36.0,Y
RFHGG0,,Trophy Creations,,,32 SIGNAL AVENUE,DAWNVIEW,,1416.0,,,,,,FERNANDO@TROPHYCREATIONS.CO.ZA,5.0,011-822-5448,086-621-4147,FERNANDO VALE,0.0,0.0,0.0,0.0,0.0,0.0,,COD,fernandov@telkomsa.net,,Y
SD0200,,Swift Dynamics,,,20 DICKENS PLACE,TULISA PARK,JOHANNESBURG,2197.0,,,,,,,0.0,083 608 3930,,DIANNE,0.0,0.0,0.0,0.0,0.0,0.0,,COD,ehulley@w-isp.co.za,,Y
SEN010,,Sensational Trophies,,,PELICAN ISLAND; 1 DOLCE STREET,"WILGEHEUWEL, ROODEPOORT",JHB,1724.0,,671 VAN DALEN ROAD,ROODEPORT,1724,,,0.0,011 854 7038,,KISHANI / TONY,0.0,0.0,0.0,0.0,0.0,0.0,,COD,lalaram.kishani@gmail.com,,Y
SHA010,,Shaphar Productions Pty Ltd,,,138 HORNBILL STREET,ROOIHUISKRAAL,CENTURION,,,,,,,ACCOUNTS@SHAPHAR.CO.ZA,0.0,078 552 0013 JENNY,,JENNY,0.0,0.0,0.0,0.0,0.0,0.0,,COD,info@shaphar.co.za,,Y
SIR010,,Sirprize,,,4 DORINGBOOM SREET,SONNEGLANS,RANDBURG,,,,,,,,0.0,073 069 6152,,JAMES MEIKLE,0.0,0.0,0.0,0.0,0.0,0.0,,COD,sirprize@sirprize.co.za,,Y
SM0200,,Sourcing Magic,,,P.O. BOX 353,MAGALIESIG,,2067.0,,,,,,WAS SOURCING MAGIC,0.0,011 467 4276,011 467 4267,JANICE GERMISHYS,0.0,0.0,0.0,0.0,0.0,0.0,,COD,janice@magicgadgets.co.za,,Y
SN0200,,Trojan Glassworks Cc,,,"NGWENYA GLASS VILLAGE,",C/O BEYERS NAUDE&R114 DIEPSLOT,MULDERSDRIFT;,1747.0,(MONIQUE),P.O.BOX 321,MULDERSDRIFT 1747,BUZZ: 082-785-7397,,,15.0,011 796 3006,086 618 2961,BUZZ / VIV /  NICOLA,50000.0,0.0,0.0,16573.57,-6603.07,-9970.5,,COD,buzz@shadesofngwenya.co.za,11.0,Y
SPW010,,Sportwize (Pty) Ltd,,,1033 ROAD,3 ALLENS NEK,ROODEPOORT,,,,,,,,0.0,011 679 1698,086 612 7618,RONALD P MCMURDO,0.0,0.0,676.2,-676.2,0.0,0.0,,COD,sportwize@telkomsa.net,,Y
SS0100,,Scratch Solutions,,,6 6TH AVENUE,EDENVALE,,,,,,,,,0.0,011 453 4999,,,0.0,0.0,0.0,0.0,0.0,0.0,,COD,info@ss1.co.za,,Y
SSGC01,,Standard Sports & Gift Centre,,,122 FATIMA BHYAT STREET,RUSTENBURG,,300.0,,,,,,,0.0,014 592 4524,014 592 4524,ZAHIR OMARJEE,0.0,0.0,0.0,0.0,0.0,0.0,,COD,zahiro1@webmail.co.za,,Y
SSL010,,Silver Star Laser Engraving (Pty) Ltd,,,"796 RIANA STREET, DORANDIA",PTA NORTH,REG NO.:  2022/213338/07,188.0,,OLD:,550 WONDERBOOM STREET,PRETORIA NORTH; 0182,,9516261220 OLD VAT,0.0,083 275 5230,,ELIZABETH (ELSIE),0.0,0.0,0.0,0.0,0.0,0.0,,COD,silverstarlaser24@gmail.com,21.0,Y
SSS010,,Solly Sport Shop,,,SHOP NO 2; 124 GEMSBOK STR,LENASIA,,,,,,,,,5.0,011 854 5468,011 854 1108,SOLLY / ROOKSHANA,0.0,0.0,0.0,0.0,0.0,0.0,,COD,accounts@sollysport.co.za,11.0,Y
SUN010,,Sunnyside Engravers,,,466 WILLIAM STREET,BROOKLYN, PTA,,,P.O. BOX 28366,SUNNYSIDE 0132,C/O HILDA & PRETORIUS STR,,,8.0,012-342-9866,012-342-9866,JACQUELINE,0.0,0.0,8579.33,-8582.33,3.0,0.0,,COD,mullerplk@yahoo.com,,Y
T01000,,Danaus Trading,,,TRADING AS:    TROMED,70 MOLLISON ROAD; BENONI NORTH,"AGRICULTURAL HOLDINGS, BENONI",1501.0,,"PO BOX 6179, RIVONIA, 2128",,RON CK: CK91/34369/23,,"OLD: PBOX 9393, BRENTWOOD PARK",0.0,011 395 2532 LINDA,,RON/ LINDA,5000.0,0.0,0.0,0.0,0.0,0.0,,COD,danaus.trading@telkomsa.net,11.0,Y
T06000,,Trophyrama,,,61 WATERMEYER STREET,PARKRAND,BOKSBURG,,,,,,,,10.0,083-218-1216/011 815 3085,,HAMLETTA,0.0,0.0,0.0,0.0,0.0,4753.18,,COD,hamlettarama@yahoo.com,,Y
T4U010,,Rubber Stamp Company(Pty)Ltd,,,"SHOP 1, CHAMBERLAINS",44 CHAMBERLAIN RD,"BEREA, EAST LONDON",5241.0,,P O BOX 19363,TECOMA,5214,,,7.0,043 721 1220,086 514 1107,BRUCE/ROBERT,0.0,0.0,0.0,0.0,0.0,0.0,,COD,rob@trophies4u.co.za,43.0,Y
TA0100,,Antel Trading (Pty) Ltd,,,T/A: TROPHY AFRICA,SHOP 3; HEATHWAY CENTRE,BLACKHEATH,,BRUCE: 0823308029,,"PO BOX 2134, NORTHCLIFF, 2115",OLD OWNERS: ELSABE,,MAIL@TROPHYAFRICA.CO.ZA,10.0,,011 678 1019,NEW OWNER: BRUCE BARKER,0.0,0.0,5490.7,-5490.7,5133.6,-5133.6,,COD,bruce.barker@solidbridge.co.za,11.0,Y
TB0100,,Trophy Boutique,,,301 TREVOR GETHING; CNR OF,JACQUELINE & TREVOR GETHING,"GARSFONTEIN, PRETORIA",42.0,,P.O. BOX 335,GARSFONTEIN WEST,0042,,COENIE@TROPHYMB.CO.ZA,15.0,012 361 4865/012 940 4362,012-348-6605,COENIE/MARTZ/PIKKIE,30000.0,0.0,0.0,844.56,14662.41,-10527.83,,COD,sales1@trophymb.co.za,,Y
TC0200,,Trophy Connection,,,276 PAUL KRUGER STREET; BETWEE,"SCHOEMAN & PRETORIUS, PTA CENT",,,    WHOLESALE,MOSTLY COURIER GUY,HOPE ENGRAVERS,,,STATSOL@GLOBAL.CO.ZA,8.0,012 323 0404/14,012 323 0419/0866568201,GAYLE,0.0,0.0,0.0,0.0,0.0,0.0,,COD,statsol@global.co.za; gayle@trophyconect,12.0,Y
TC0300,,Trophy Corporation,,,"UNIT 3A, IRIDIUM STREET",EKANDUSTRIA,BRONKHORSTSPRUIT,,,,,,,,0.0,081497 0888,,MIKE DU PREEZ,0.0,0.0,0.0,0.0,0.0,0.0,,COD,epnsawards@gmail.com,12.0,Y
TC0700,,Trophy Centre,,,SHOP 010B; PARK BOULEVARD,SHOPPING CENTRE; 11 BROWN,DRIFT ROAD; UMGENI PARK; DURBA,,"KOORNHOF & ESSEX RD, MEADOWDALE",P.O. BOX 60,UMGENI PARK,4098,,THE MEADOW (KEMTRADE) CNR,15.0,031 263 0366/031 263 0559,031 263 0559/060992 0733,MILES/ HEATHER,0.0,0.0,4340.28,990.09,-1016.3,2049.15,,COD,sales@trophycentre.co.za,31.0,Y
TD0100,,Trophy Den,,,64 NELSON MANDELA AVENUE,"ARCHIMEDIX CORNER, SUITE 001",BLOCK B; RANDHART,,,,,,,,5.0,011 869 0388,086 675 7777,BRENDON,0.0,0.0,1767.72,-1507.7,4924.33,-2468.78,,COD,brendon@trophyden.co.za,,Y
TDG020,,Tao Designer Glass,,,"P.O. BOX 5032, MEADOWDALE","30 GREEN STREET, WITFIELD",,1615.0,,,,,,,15.0,011-826-2349,0865138349,LYNDA MEIKLE,50000.0,0.0,27947.6,1380.05,-1728.43,3118.33,,30,lmeikle@polka.co.za,11.0,Y
TE0200,,Trophies & Engravers,,,"UNIT 23,OUTLET PARK",59 MERIDIAN DRIVE,UMHLANGA,4001.0,,P.O. BOX 18258,DALBRIDGE,4014,,,0.0,031-201-0871,031-201-1169,MOODLEY/SWASTICA/TRISHA,0.0,0.0,0.0,0.0,0.0,0.0,,COD,trisha@trophies.co.za,31.0,Y
TE0300,,Tocknell Engravers,,,SHOP 9 PRELLER WALK,GEN HERTZOG AVE; DAN PIENAAR,BLOEMFONTEIN,9324.0,,"OLD: SHOP 37, BRANDWAG CENTRE",BLOEMFONTEIN,POB 12828;BRANDHOF;9324,,,15.0,051-444 4244,051-444 4245,ANNE/ JOHAN/ ILZE/PAULA,20000.0,0.0,23413.26,-13320.4,12519.78,-6311.02,,14D,tocknell@mweb.co.za,51.0,Y
TG0100,,Trophy Gallery,,,50 KEKEWICH DRIVE,MONUMENT HEIGHTS,KIMBERLEY,8301.0,C,OLD: 12 DURBAN STREET,HILLCREST; KIMBERLEY,,,TROPHYGALLERY@MWEB.CO.ZA,5.0,084 418 9834,,CORNEL,0.0,0.0,-68.78,1834.25,-1835.4,0.0,,COD,cornelbotes65@gmail.com,,Y
THE020,,Trophy Hive & Engravers,,,"NO.1375, THE VILLAGE MALL",ELUKWATINI CROSSING,ELUKWATINI,1192.0,P.O BOX 1866,ELUKWATINI,1192,,,TIME FREIGHT ACC: ZT00518,7.0,017 883 2288,017 883 2288,BEKI,0.0,0.0,15477.09,0.0,0.0,0.0,,COD,beki.nkuna@gmail.com,17.0,Y
THT010,,Thiflos Trophies,,,"3807 SECTION M, MOKONE STREET",MAMELODI WEST,PRETORIA,122.0,BRANDBASE IT & PRINTING SOLUTION,SHOP NO. 5 NDINAYE HOUSE,178 FRANCIS BAARD STREET,PRETORIA; TEL: 012 767 8147,,,0.0,083 298 9053,,THEO,0.0,0.0,0.0,0.0,0.0,0.0,,COD,theo.morudutm@gmail.com,,Y
TI0200,,Trophy International,,,81 BOSHOFF STREET,PIETERMARITZBURG,,,TIME FREIGHT COD,PO BOX 1000,LUXMI,3207,,TROPHYSA@GMAIL.COM,10.0,033-342-9007,033-345-9007,NISH,0.0,0.0,0.0,0.0,362.25,-362.25,,COD,trophyzn@yahoo.com; trophysa@gmail.com,33.0,Y
TJ0100,,Trophy Junction,,,175 KENT AVENUE,"FERNDALE RIDGE, RANDBURG",,,,P.O. BOX 1382,PIINEGOWRIE,2123,,STATION@TROPHYJUNCTION.CO.ZA,8.0,011 787 7700,086-225-4444,DIA,0.0,0.0,0.0,0.0,0.0,0.0,,COD,123@tjn.co.za,11.0,Y
TLT010,,Tuluze Trophies,,,NO 2 AUTUMN STREET,RIVONIA,,,,,,,,,0.0,072 421 9541 YUSUF (OWNER,,,0.0,0.0,0.0,0.0,0.0,0.0,,COD,accounts@tuluze.co.za; zwanehq@gmail.com,,Y
TOG010,,Touch Of Glass Seeking Signs,,,UNIT 1; ASTRO PLACE,CNR FLEMING & VAN DER BIJL STR,MEADOWDALE,1477.0,SEEKING@IAFRICA.COM,P.O. BOX 7016,WESTWOOD,1477,,,5.0,011 453-4064,086 695 9268,COLLEEN 083 273 4999,0.0,0.0,0.0,0.0,0.0,0.0,,COD,accounts@windsmm.co.za,11.0,Y
TP0100,,World Of Trophies,,,50 HERMAN ROAD,"UNIT H1, ROUTE 24, MEADOWDALE",GERMISTON,4451.0,,P.O. BOX 3117,EDENVALE,1610,,,5.0,011 974 8905/83,011 974 4775,NICKY MR:GOVENDER/LALITHA,0.0,0.0,0.0,0.0,0.0,0.0,,COD,sales@worldoftrophies.co.za,11.0,Y
TP0200,,Trophies And Plaques (Pty) Ltd,,,TRADING AS: TROPHYSTORE,"UNIT H1 ROETE 24, 50 HERMAN ST","MEADOWDALE, GERMISTON",1609.0,,,,,,ELOISE@TROPHYSTORE.CO.ZA,10.0,011 974 8905/7,W/A: 066 265 8278,ELOISE BELL,0.01,0.0,-8027.07,6965.99,852.45,-23.47,,TOP,admin@trophystore.co.za,,Y
TSS020,,Trophy Supa Supply T/A Trophycity Mega S,,,ALLANDALE INDUSTRIAL PARK,"UNIT G85,CNR LE ROUX& MORKELS",MIDRAND,,,P.O. BOX 75724,GARDENVIEW,2047,,CHRISTINE (ACCOUNTS),15.0,010 007 0454,086 601 8153,ANGELA(5)/ROBERT(8),20000.0,0.0,0.0,0.0,0.0,0.0,,COD,rosy@trophycity.co.za; info@tss.co.za,,Y
TT0700,,Trust Trophies,,,3 BUSHBUCK STR,"MCKENZIE PARK, BENONI",,1501.0,,JOHANN DE WAAL JNR,    CELL: 083 430 3385,    OFFICE: 0871 600 506,,,10.0,011-845-3555,011-845-3552/086 693 4960,JOHAN / ROSE / DIVAN,10000.0,0.0,0.0,3216.78,-3216.78,6382.51,,14D,johan@trusttrophies.co.za,11.0,Y
TTSA01,,Trophy Tech Sa,,,343 HOOSEN HAFFAJEE STREET,(BERG STREET),PIETERMARITZBURG,,EXPRESS WAY,DOOR TO DOOR: SANGEVE,031 702 7778,,,,0.0,033 342 1144,086 5177 975,SHIVEN,0.0,0.0,0.0,0.0,0.0,0.0,,COD,shivenm@yahoo.com;trophytechsa@gmail.com,33.0,Y
TW0100,,Trophy World,,,WATERGLEN CENTRE,C/O GARSFONTEIN AND,JANUARY MASILELA DRIVE,,,P.O.BOX 181,MENLIN,0063,,,8.0,012-993-0909/7,012-993-0909,HANS MEYER/ KELLY,20000.0,0.0,0.0,0.0,0.0,0.0,,COD,trophyworld@mweb.co.za,,Y
UBMM01,,Universal Badge,,,NO 59; 9TH AVENUE,NORTH MEAD,BENONI,,,"OLD 37 GOLDEN DRIVE""",UNITE 1 GOLDENDUSTRIA,MOREHILL EXT 8. BENONI,,,7.0,011-827-8017,011-849-4394,YVETTE/ YOLANDA,0.0,0.0,0.0,0.0,0.0,0.0,,COD,ubadges@mweb.co.za,,Y
UIE010,,Unico Import & Export Trading Cc,,,"UNIT 12, PRODUCTION PARK","83 HEIDELBERG RD, CITYDEEP JHB",UNICO EXPORT CODE:1540239,2001.0,,P O BOX 752281,GARDENVIEW,2047,,,0.0,011 623 1463,,SURAYA / CLAUDIO,0.0,0.0,0.0,0.0,0.0,0.0,,COD,logistica@unicotrd.co.za; claudio@unicot,,Y
VC0300,,Virtual Castings Cc,,,"UNIT 24, SUNNYROCK BUS PARK",3 SUNNYROCK CLOSE,SUNNYROCK; GERMISTON,,,OLD ADDRESS: UNIT 5,19 INGWE RD,SEBENZA,,,0.0,011 452 9351,011 452 9355,TONY/ STACY/ CRAIG,0.0,0.0,0.0,0.0,0.0,0.0,,COD,virtualcasting@iafrica.com,,Y
VE0100,,Vanada Engravers Cc,,,125 OXFORD STREET,EAST LONDON,,5201.0,,P O BOX 7053,EAST LONDON,5200,,,10.0,043 743 7272,043 743 7711,SCOTTY/BENIETA/ DEBBIE,0.0,0.0,0.0,0.0,0.0,0.0,,COD,vanada@iafrica.com,43.0,Y
WC0100,,Welsh Creative,,,UNIT 496; WESTLAKE ECO ESTATE,1 WESTFIELD ROAD,MODDERFONTEIN,1609.0,USE TO WORK FOR INNOVATIVE,PERMISION GRANTED BY SHIONA,   VIA PHONE CALL,,,,0.0,071 878 8070,,SHAUN,0.0,0.0,0.0,0.0,0.0,0.0,,COD,shaun@welshcreative.co.za,,Y
WDT010,,Woodtime (Pty) Ltd,,,16 PINEVILLE JUNCTION,81 STAPLETON ROAD,PINETOWN,3610.0,,AS STEET ADDRESS,,,,,0.0,031 709 0231,086 608 0105,CHARLES NEWTON,0.0,0.0,0.0,0.0,0.0,0.0,,COD,woodtime.cn@gmail.com,31.0,Y
WHC010,,Waterfront House Of Champions,,,"248 KENT AVENUE, RANDBURG",,,,,,JULIUS:,RADESH PERS: 083 215 8550,,,12.0,011-886-8800,011-789-7131,RADESH/ JAY,5000.0,0.0,0.0,-0.9,-0.34,-54.95,,COD,trophies.medals@gmail.com,,Y
WHF010,,Wilgewandel Holiday Farm,,,P/A OUDTSHOORN MARK AGENTSKAP,CNR KERK/ADDERLEY STREET,OUDTSHOORN,6620.0,DELIVER,OUDTSHOORN MARK AGENTSKAP,POBOX 1559 OUDTSHOORN,6620,,,10.0,044-272-0878  0792068746,086 6177036,GEORGE MULLER,0.0,0.0,0.0,0.0,0.0,0.0,,COD,info@wilgewandel.co.za,44.0,Y
WPT010,,Willrust Projects & Trophys,,,PROSPUR BUSS PARK,"NORTH RAND ROAD, UNIT 5F",BOKSBURG,,,,,,,PETRO.SCHALKWYK@ELECTROLUX.COM,5.0,082 572 7315,,RUSTY SCHALKWYK,0.0,0.0,0.0,0.0,0.0,0.0,,COD,rusty.schalkwyk@gmail.com,,Y
WT0100,,Winners Trophies,,,2 OAKWOOD CLOSE,RICHWOOD,CAPE TOWN,7441.0,,TIME FREIGHT: GGWNT01,,,,,5.0,021 555 4088/0829250530,,ERNEST,0.0,0.0,0.0,0.0,0.0,0.0,,COD,ernest@winnerstrophies.co.za; rory@winne,,Y
YNG010,,Youngtech Cc,,,2 MONTALY RD,MORNINGSIDE,,,,P O BOX 3158,,,,,0.0,011 463 7307,011 463 8141,JEREMY,0.0,0.0,0.0,0.0,0.0,0.0,,COD,jeremy@young-tech.co.za,11.0,Y
