"ACCNO","GLGROUP","NAME","TITLE","INIT","ADDR1","ADDR2","ADDR3","CODE","DNAME","DADDR1","DADDR2","DADDR3","DCODE","DINSTR","DISC","RETAIL","TEL","FAX","CONTACT","DELIMIT","OPENBAL","PERIOD01","PERIOD02","PERIOD03","PERIOD04","AREA","TERMCODE","EMAIL","CATEGORY"
"110000","010","SALES ACCOUNT","","","","","","","","","","","","",0.00,1,"","","",0.00,0.00,-11630685.71,-2202397.76,-2938977.80,-800387.57,"","","",""
"111000","110","BUY-OUT SALES ACCOUNT","","","","","","","","","","","","",0.00,1,"","","",0.00,0.00,0.00,0.00,0.00,0.00,"","","",""
"150000","110","COST OF SALES ACCOUNT","","","","","","","","","","","","",0.00,1,"","","",0.00,0.00,12887119.12,2466952.64,3259520.58,925318.57,"","","",""
"240000","260","DISCOUNT ALLOWED","","","","","","","","","","","","",0.00,1,"","","",0.00,0.00,1961.24,9.60,6.98,2.43,"","","",""
"241000","260","DISCOUNT RECEIVED","","","","","","","","","","","","",0.00,1,"","","",0.00,0.00,0.00,0.00,0.00,0.00,"","","",""
"250000","110","STOCK ADJUSTMENT ACCOUNT","","","","","","","","","","","","",0.00,1,"","","",0.00,0.00,-2716140.58,-4208960.89,-60559.91,-27541.09,"","","",""
"3DCC01","","3D CRYSTAL CREATIONS","","","27 SAXENBURG CRESENT","OAKGLENN","BELLVILLE","7530","","*DIFFICULT CLIENT = QLTY","","","","",8.00,1,"021-919-4346","086-514-6268","JEFF",0.00,0.00,0.00,0.00,0.00,0.00,"","COD","jeff101@telkomsa.net","021"
"3DCS01","","3D CRYSTAL STUDIOS","","","11 ROOS BOLTON CRESCENT","KNYSNA HEIGHTS","KNYSNA, WESTERN CAPE","6571","","55 VISTA RD, WATERFALL","3610","","","NIELDRICHARD@GMAIL.COM",0.00,1,"044 382 1511","031 765 7639","RICHARD/ELIZABETH",0.00,0.00,0.00,0.00,0.00,0.00,"","","3dcrystalstudio@telkomsa.net; nieldricha","031"
"450000","510","ACCUMULATED PROFIT/LOSS","","","","","","","","","","","","",0.00,1,"","","",0.00,0.00,-1457745.93,-3944396.41,259989.85,97392.34,"","","",""
"560000","910","DEBTORS CONTROL ACCOUNT","","","","","","","","","","","","",0.00,1,"","","",0.00,0.00,133326.42,35626.42,5962.31,30573.82,"","","",""
"575000","910","STOCK ACCOUNT","","","","","","","","","","","","",0.00,1,"","","",0.00,0.00,1246038.46,5531374.25,546144.08,-889121.98,"","","",""
"580000","910","BANK ACCOUNT","","","","","","","","","","","","",0.00,1,"","","",0.00,0.00,0.00,0.00,0.00,0.00,"","","",""
"585000","910","CASH ON HAND ACCOUNT","","","","","","","","","","","","",0.00,1,"","","",0.00,0.00,12907789.81,2497121.58,3372937.36,889869.48,"","","",""
"587000","960","CHEQUE PERIOD HOLDING ACCOUNT","","","","","","","","","","","","",0.00,1,"","","",0.00,0.00,0.00,0.00,0.00,0.00,"","","",""
"590000","960","CREDITORS CONTROL ACCOUNT","","","","","","","","","","","","",0.00,1,"","","",0.00,0.00,-12745254.25,-4357770.90,-4306870.46,-9953.83,"","","",""
"600000","960","VAT OUTPUT ACCOUNT","","","","","","","","","","","","",0.00,1,"","","",0.00,0.00,-1412391.76,-330359.84,-439928.85,-120058.16,"","","",""
"610000","910","VAT INPUT ACCOUNT","","","","","","","","","","","","",0.00,1,"","","",0.00,0.00,1328237.25,568404.90,561765.71,1298.33,"","","",""
"AA0100","","AFRICAN APPAREAL","","","FESTIVAL MALL","KEMPTON PARK","","","","","","","","",0.00,1,"073 506 7006","","ANNE JOSEPH",100000.00,0.00,0.00,0.00,0.00,0.00,"","","africanob1@gmail.com",""
"AG0100","","ABSOLUTE GAP GIFTS & PROMOTIONS","","","63 12TH AVENUE","NORTHMEAD","BENONI","","","P.O. BOX 16173","ATLASVILLE","1465","","",0.00,1,"010 500 1096","N/A","SAMANTHA",0.00,0.00,0.00,0.00,0.00,0.00,"","","samantha@gappromo.co.za",""
"AGU010","","JABULANI NHLAMBA","","","PLOT 37521; BLOCK 8. GABORONE","","KWC CUSTOMS CODE: CU25439585","","PLOT104, UNIT5, COMMERCE PARK,GABORONE","BOTSWANA...OMEGA COURIERS","WRIGHT@OMEGACOURIERS.CO.ZA","011 781 1920 - WRIGHT","","AWARDS @ GIFTS UNLIMITED",10.00,1,"00267 75 511 117","00267 395 6493","JABULANI",0.00,0.00,-0.14,0.00,0.00,0.00,"","","j_nhlamba@yahoo.co.uk","267"
"BB0100","","BIANCA BOTHMA","","","T/A BJVR CREATIONS","","   (MOSTLY DAMAGE PIECES)","","","","","","","",20.00,1,"083 952 4235","","BIANCA BOTHMA",0.00,0.00,0.00,0.00,-16.33,-21.98,"","","biancaj21@gmail.com",""
"BIE010","","BEMA IMPORTS & EXPORTS","","","12 NORTH ROAD","EVELEIGH, BOKSBURG","","","P.O BOX 25416, EASTRAND, 1462","INFO@CRYSTALCONCEPTS.CO.ZA","","JACO 073 842 6004","","INGRID@CRYSTALCONCEPTS.CO.ZA",0.00,1,"011 026 1155","086 537 8933","INGRID OWENS/JACO",20000.00,0.00,0.00,0.00,0.00,0.00,"","30","jaco@crystalconcepts.co.za","011"
"BM0100","","BOSS MARK (PTY) LTD","","","PLOT 5607","SELOKWANE WARD","GABORONE","","","","","","","",0.00,1,"+267 77442020","","JAMES",0.00,0.00,0.00,0.00,0.00,0.00,"","","bossmarkcafe@gmail.com","267"
"CASH01","","CASH SALE","","","","","","","","","","","","",0.00,1,"","","",0.00,0.00,21.85,-21.85,0.00,0.00,"","","",""
"CBT010","","CLEAR BRANDS TRADING","","","UNIT 66 MONTERREY","TROUPANT AVE MAGALIESSIG EXT33","SANDTON","2191","","P O BOX 55021","NORTHLANDS","2116","","",0.00,1,"084 812 2568","086 627 2017","ARMSTEAD",0.00,0.00,0.00,0.00,0.00,0.00,"","","armstead@clearbrands.co.za",""
"CC0100","","CRYSTAL CONCEPTS","","","10 ROSS STREET","BOKSBURG WEST","","1460","","","","","","",5.00,1,"(011)0261155 (011)0131133","N/A","JACO; CYNTHIA",0.00,0.00,0.00,0.00,0.00,0.00,"","COD","info@crystalconcepts.co.za; accounts@",""
"CCG020","","CLEAN CUT GLASS","","","2 HARRIS RD, INDUSTRIES WEST","GERMISTON","","","","","","","","AMANDA@CLEANCUTGLASS.CO.ZA",0.00,1,"011 872 0974","011 873 1462","AMANDA/MIKE/RUSTY",0.00,0.00,0.00,0.00,0.00,0.00,"","","mike@cleancutglass.co.za","011"
"CCP010","","CRYSTAL CLEAR PRINTING","","","OFFICE NUMBER A4","219 BEYERS NAUDE","RUSTENBURG","0299","","","","","","",0.00,1,"063 026 7008","","MASIMBA",0.00,0.00,0.00,0.00,0.00,0.00,"","","dimeloninvestments@gmail.com",""
"CEP010","","CHANCOR ENGRAVING AND PRINTING","","","161 RICHARDS AVENUE","PIERRE VAN RYNEFELD","CENTURION","0157","","","","","","",0.00,1,"0768987600","","JAN BOTES",0.00,0.00,0.00,0.00,0.00,0.00,"","","info@chancor.co.za","012"
"CGA000","","COMERCIO GERAL ACHIEES/ GIFT & CORPORATE","","","MAPUTO SHOPPNG CNT, SHOP G11","MAPUTO","MOZAMBIQUE","","","TIME FREIGHT ADRESS","SHOP 4, BACELIA CENTRE","RISSIK RD, KOMATIPOORT","","",10.00,1,"00258-842983905","","MAYANK SURENDRA",0.00,0.00,-52.94,0.00,0.00,0.00,"","","max.makss@gmail.com",""
"CHA010","","CHAMPIONS HARDWARE ARMS & AMMUNITION","","","T/A CHAMPION LOCKSMITHS","1 DE VILLIERS AVE","VEREENIGING","1930","","P O BOX 562","VEREENIGING","","","",0.00,1,"016 421 3744","016 421 2558","EMIL SWANEPOEL (OWNER)",0.00,0.00,0.00,0.00,0.00,0.00,"","","emil@chapionlg.co.za","016"
"CI0100","","CATHRICK INTERNATIONAL","","","P.O BOX 27406","RHINE RD, SA","","","BELL AT RIGHT HAND SIDE PILLAR","146 HIGH LEVEL ROAD","THREE ANCHOR BAY","CAPE TOWN","","",5.00,1,"021 465 0122","021 439 0119","PATRICK FILMMALTER",0.00,0.00,0.00,0.00,0.00,0.00,"","","cathrick@icon.co.za","021"
"CIG010","","CAST IN GLASS","","","7 SERCAL CRESCENT","GOEDEMOED, DURBANVILLE","","7550","","BOX 1743","DURBANVILLE","7551","","",5.00,1,"021 976 6710","086 671 5572","INGRID: 082 929 3230",0.00,0.00,6414.09,-6414.09,0.00,1426.80,"","COD","castinglass@mweb.co.za","021"
"COS010","","COSALTRADING C.C","","","T/A JUMP STREET","SHOP 66, VAAL MALL, CNR","BARRAGE  & ROSIN; BOULEVARD","","","","","084 661 9044","","SALEYSAMEERA@GMAIL.COM",10.00,1,"016 981 5184","","MR HANIF",0.01,0.00,0.00,0.00,-0.30,0.00,"","COD","jumpstreetvaal@gmail.com",""
"CP0100","","CLASSIQUE PROMOTIONS","","","452 KERSTREL CRESCENT","RABIE RIDGE","MIDRAND","","","","","","","",5.00,1,"011 310 1336","011 310","MOKETE",0.00,0.00,0.00,0.00,0.00,0.00,"","","mokete@classiquepromotions",""
"CRS010","","CENTURION RUBBER STAMP","","","SHOP 6; SIMARLO RAINBOW PARK","JAKARAND & EDWARD STREET;","HENNOPSPARK; CENTURION","0157","","SYSTEM ADDED: 08/12/2021","","","","",0.00,1,"082 596 0808","N/A","VINOD PILLAY",0.00,0.00,0.00,0.00,0.00,0.00,"","","vinodpillay77@gmail.com","012"
"CS0000","000","CASH SALES ACCOUNT","","","","","","","","","","","","",0.00,1,"","","",0.00,0.00,0.00,0.00,0.00,0.00,"","","",""
"CS0100","","CREATIVE SOLUTIONS","","","32 PIETERSE STREET","SOUTH CREST","ALBERTON","","","","","","","",0.00,1,"061 039 0637","","CHRISTO",100000.00,0.00,0.00,0.00,0.00,0.00,"","","creative247solutions@gmail.com",""
"CSA020","","CAMBANOS & SONS AGENCIES","","","34 RICHARDS DRIVE","OPP.GALLAGHER  ESTATE","MIDRAND","","CAMBANOS@IAFRICA.COM (OLD)","P O BOX 6824","MIDRAND","1685","","",22.00,1,"011 315 9411","011 315 2162","VINCENT VAN STRAATEN",0.00,0.00,0.00,0.00,0.00,0.00,"","COD","info@cambanos.com","011"
"CSS010","","CARESS JEWELLERS","","","38 BAINES STREET, RYNFIELD","(ENTRANCE MATHERS STR)","","1501","","","","","","",5.00,1,"011 425-1102","011 425-1102","MR PIETER GROBLER",0.00,0.00,0.00,0.00,0.00,0.00,"","","solettevdberg@gmail.com","011"
"CTA010","","CLASSIQUE TROPHIES AND AWARDS","","","6 JUNIPER STR","PRIMROSE","GERMISTON","1401","","","","","","",5.00,1,"071 125 6705","N/A","MARCIA KLEIN",0.00,0.00,0.00,551.75,-551.75,-56.30,"","","SALES@CLASSIQUETROPHIES.CO.ZA",""
"CTR010","","CLASSIQUE TROPHIES & RESIN","","","39 GORST AVENUE","PRIMROSE HILL","GERMISTON","1401","","","","","","SALES@CLASSIQUETROPHIES.CO.ZA",5.00,1,"082 508 4824","NA","RAFICK HOOSAIN",0.00,0.00,0.00,0.00,0.00,0.00,"","","rafick.hoosain@yahoo.com","011"
"CW0100","","CREATIVE WIZARDS","","","12 OLGA ROAD","VALHALLA","","0185","","","","","","",0.00,1,"012 654 1260","086 5295414","GARY MAREE",100000.00,0.00,0.00,0.00,0.00,0.00,"","","tshirts@worldonline.co.za",""
"CWMT01","","COUNTRY WIDE MEDALS & TROPHIES","","","66 WEPENER STREET","BOOYSENS","","2091","CWDAVID.FELDMAN@GMAIL.COM","P.O BOX 82433","SOUTHDALE","2135","","CWRECEPTION@MWEB.CO.ZA",10.00,1,"011 493 8399","011 493 7704","ERMYN/VICKY/NATASHA/SAKKI",0.01,0.00,0.00,0.00,0.00,0.00,"","COD","cwvicky69@gmail;natasha69@gmail.com","011"
"DA0200","","DYNAMIC ACHIEVERS","","","13 AVALLANCHE & AYR STR","MELVILLE","JOHANNESBURG","2092","","","","","","PHUMALANGA@GMAIL.COM",0.00,1,"0820847569/0606669405","","",0.00,0.00,0.00,0.00,0.00,0.00,"","","sales@taliwell.co.za",""
"DG0100","","DIGITAL JELLY","","","27 ORION STREET","KENSINGTON; JHB","","2101","","","","","","INFO@DIGITALJELLY.CO.ZA",0.00,1,"011 974 0990","","JONATHAN / ELAINE",0.00,0.00,0.00,0.00,0.00,0.00,"","","elaine@digitaljelly.co.za",""
"DGD010","","DIANKE GLASS DESIGNS CC","","","14 NIPPER ROAD","UNIT 4 NIPPER PARK","NEW GERMANY","3620","","PO BOX 411","NEW GERMANY","3620","","",0.00,1,"031 705 5938","","ANNEKE STRYDOM",0.00,0.00,0.00,0.00,0.00,0.00,"","","sales@dianke.co.za; anneke@dianke.co.za","031"
"DST010","","D&S TROPHIES","","","13 TAGORE STREET","AZAADVILLE","KRUGERSDORP","","","","","","","",8.00,1,"011 413 2732","011 413 2732","SHIRLEY",0.00,0.00,0.00,0.00,-60.44,60.44,"","","shirley.trophies@gmail.com",""
"E04000","","ENGRAVERS","","","SHOP 40 PROTEA CENTRE","HIGH STREET","BRIXTON","","","","","","","",10.00,1,"011 839 0866","011 839 0867","JACKIE",0.00,0.00,0.00,0.00,0.00,0.00,"","","selwyn@theengravers.co.za","011"
"E08000","","ENGRAVING BY HAND","","","SHOP 7, CNR PRAIRE & ROSE STR","ROSETTENVILLE","","","","","","","","",0.00,1,"011 435 3344","011 435 3344","JOSE' LOPES",0.00,0.00,0.00,0.00,0.00,0.00,"","","",""
"EC0100","","EVENT CORPORTATION CC","","","10 THEODORE ROAD","BENROSE; JHB","","2094","","","","","","",0.00,1,"010 238 0129","","CHARLENE",0.00,0.00,0.00,0.00,0.00,0.00,"","","info@eventcorporation.co.za",""
"EDP000","","ELNA DU PLESSIS","","","23 WILLOW ESTATES","BUSH ROAD","380 WILLOW PARK MANOR/ PTA","","","","","","","",8.00,1,"072 01 31342","","ELNA",0.00,0.00,0.00,0.00,0.00,0.00,"","","",""
"ELS010","","ELSA'S LASER ENGRAVING & BADGES","","","THERESABURG COMPLEX","BONTEBOK SINGLE 3","THERESAPARK, AKASIA","","","3 BONTEBOK AVE","3 BONTEBOK AVE","11 RIETBOK AVE, THERESAPARK","","",0.00,1,"082 940 3211","","ELSA",0.00,0.00,0.00,0.00,0.00,0.00,"","","elsamitchell62@gmail.com",""
"EM0100","","ELITE MARKETING","","","30 HAWK STREET","KHARWASTAN","CHARTSWORTH","4092","","","","","","",0.00,1,"031 401 9598","","ELAINE",0.00,0.00,0.00,0.00,0.00,0.00,"","","snoopysangel@mweb.co.za","031"
"ESE101","","ES ENGRAVERS & EMBROIDERS","","","11 MAIN RD","FARRAMERE","BENONI","","","","","","","",0.00,1,"011 849 2765","011 849 1725","ELVIO",0.00,0.00,0.00,0.00,0.00,0.00,"","","elvio@esengrave.co.za","011"
"ESP010","","ELEPHANT SANCTUARY THE CRAGS","","","PORTION 10,THE FARM KIRBYWOOD","ANIMAL ALLEY JUST OFF N2, NEAR","PLETTENBERG BAY, THE CRAGS","6602","CRAGS@ELEPHANTSANCTUARY.CO.ZA","P.O BOX 16","THE CRAGS","6602","","VINTAGEANDROSE@GMAIL.COM",0.00,1,"044 534 8145","044 534 8235/086 515 2163","ANN/ RENSCHE 076 907 4684",0.00,0.00,0.00,0.00,0.00,0.00,"","","hr@elephantsanctuary.co.za","044"
"EW0100","","ENGRAVING WORKSHOP","","","56 KANTOOR STREET","LYDENBURG","","1120","","P.O. BOX 8042","LYDENBURG","1120","","",0.00,1,"013 235 4602","013 235 4602","MAGDA NEL",0.00,0.00,0.00,0.00,0.00,0.00,"","","magdanel23@yahoo.com","013"
"FDS010","","FIO D' SILVA CC","","","SHOP N0. 1","87 RIETFONTEIN RD","BOKSBURG WEST","","","","","","","FIODSILVA@GMAIL.COM",8.00,1,"011 823 1758","","CALISTO",0.00,0.00,3086.35,-2799.63,3367.62,-1561.32,"","COD","calisto@trophiesengraving.co.za","011"
"FIN010","","FINPROMO (PTY) LTD","","","49 HEATHER AVE","LILLIANTON, BOKSBURG","","1459","","","","","","",0.00,1,"011 823 3233","","",0.00,0.00,0.00,0.00,0.00,0.00,"","","sales@finpromo.co.za",""
"FM0200","","HYPENOTIK DESIGNS","","","293 PEERBOOM STR","DOORNPOORT","PRETORIA","0017","","P.O. BOX 13896","SINOVILLE","PRETORIA/0129","","",5.00,1,"012 547 0899","","ANTON",0.00,0.00,0.00,6127.84,-6127.84,0.00,"","","sales@hypenotikdesign.co.za",""
"FP0200","","FIRST PRIZE TROPHIES","","","3785 JAN FREDERICK AVE","RANDPARK RIDGE","","","INFO/SALES@FIRSTPRIZE.CO.ZA","P O BOX 2435","HONEYDEW","2040","","NOELEN@FIRSTPRIZE.CO.ZA",12.00,1,"011 794 1149","086 684 6130","KIM/VIVIAN/FIONA",0.00,0.00,0.00,4500.36,-222.63,10654.80,"","","viv@firstprize.co.za","011"
"FPM010","","FIDELITY PRINT MARK (PTY)LTD","","","PLOT 1151/56 NKOYAPHIRI INDUST","MOGADITSHANE","","","","P.O. BOX 1251","MOGADITSHANA","BOTSWANA","","",10.00,1,"09267 393 1499/97/7161296","09267 3916162/3500840","FIDELIS  NCUBE",100000.00,0.00,0.00,0.00,5278.50,-5278.50,"","","fidelityengravers@yahoo.com",""
"FW0100","","FRAMING WAREHOUSE CC","","","40 MEYER STREET","GERMISTION","","1401","PAUL@FRAMINGWAREHOUSE.CO.ZA","BARBARA@FRAMINGWAREHOUSE.CO.ZA","","","","",0.00,1,"011 873 0386","011 873 0385","JAYSON / PAUL",0.00,0.00,0.00,0.00,0.00,0.00,"","","jayson@framingwarehouse.co.za","011"
"GCP010","","GARONA COMMUNICATION & PROJECTS CC","","","PLOT 587; KOALA ROAD","RIETFONTEIN, MOGALE CITY","","1739","","","","","","TYCOON@GARONACOM.CO.ZA",0.00,1,"011 794 6162","086 503 7876","PRESLEY / TYCOON",0.00,0.00,0.00,0.00,0.00,0.00,"","COD","presely@garonacom.co.za","011"
"GDL010","","GRAND DESIGN LASER & CNC","","","37 MAC DOUGALL","ROYLDENE","KIMBERLEY","8301","","","","","","",0.00,1,"084 503 3604","","JACOBUS ANDRE SCHREUDER",0.00,0.00,5740.80,-5740.80,0.00,6752.30,"","","granddesignkby@gmail.com",""
"GJ0200","","GIFT JUNCTION","","","SHOP 1, CHECKERS WESTGATE CNT","","","","","P.O. BOX 9284","AZAADVILLE","1750","","",6.00,1,"011 768 8003","","YUSUF/ FAROUK",0.00,0.00,0.00,0.00,0.00,0.00,"","","giftjunxion@gmail.com","011"
"GP0200","","GALYN PROMOTIONS","","","50 PRINCE ALFRED DRIVE","COUNTRY VIEW","BENONI","1501","","","","","","",0.00,1,"083 504 0327","","ISABEL",0.00,0.00,0.00,0.00,0.00,0.00,"","","",""
"GSM010","","GSM ENGRAVING","","","CNR ZASTRON & MARKGRAAF STREET","WESTDENE","BLOEMFONTEIN","9300","","","","","","",5.00,1,"051 448 0101","084 573 0844","ZELDA/PRISILA",0.00,0.00,0.00,0.00,-4844.16,1380.92,"","","gsmcellc@telkomsa.net","051"
"GW0100","","GIFT WRAP TRADING LTD PTY","","","UNIT 25, GARSFONTEIN OFFICE","PARK, 654 JAQUELINE DRIVE","GARSFONTEIN","","","","","","","DIANE@GIFTWRAP.CO.ZA",0.00,1,"086 111 1457","086 628 4010/012 349 9506","SALOME/MEGA",0.00,0.00,0.00,0.00,0.00,0.00,"","","sheryl-ann@giftwrap.co.za/ diane@","012"
"GY0100","","ACCENT TROPHIES& ENGRAVING","","","76 STAMFORD HILL RD","GREYVILLE","DURBAN","","","","","","","",0.00,1,"031 309 1589/031 402 0166","","ALVIM MAHABEEER",0.00,0.00,0.00,0.00,0.00,0.00,"","","alvin@accenttrophies.co.za",""
"HB0100","","CALIPSO GIFTS & DECOR","","","SHOP 5A, CIRCLE CENTRE","C/O MAIN& BELVEDERE RD","SOMERSET WEST","7130","","POSTNET SUITE 241 PRIVATE BAG","X29","SUMMERSET WEST","","",0.00,1,"044 382 7931","044 382 7931","ANNETTE",0.00,0.00,0.00,0.00,0.00,0.00,"","","",""
"HB0200","","HEALTH BELLS","","","SHOP 51","KNYSNA QUAYS WATERFRONT","KNYSNA","6570","","","","","","",0.00,1,"044 382 7931","044-382 7931","ANNETTE",0.00,0.00,0.00,0.00,0.00,0.00,"","","",""
"HD0100","","HELIUM DESIGN CC","","","39 EDENDALE ROAD","EDENGLEN, EDENVALE","","1609","","076 423 4210 KEITH","082 080 9473 GRANT","082 411 2878 ANDREA","","",12.00,1,"011 022 2094","082 920 7755","KEITH/GRANT",20000.00,0.00,18143.00,1011.56,-3911.82,11219.85,"","30","info@heliumdesign.co.za","011"
"HG0100","","HELENIC GLASS","","","24 BEDFORD AVENUE","BENONI","","","","","","","","",0.00,1,"011 845 3182","011 845 4335","MIKE",0.00,0.00,0.00,0.00,0.00,0.00,"","","hellenic@telkomsa.net","011"
"HG0200","","HELLAS GLASS (PTY) LTD","","","24 BEDFORD AVENUE","BENONI","GAUTENG","1501","","","","","","MTRADING@ABSAMAIL.CO.ZA",0.00,1,"011 845 3182/3","011 845 2870/1","MIKE /  ESTE",0.00,0.00,0.00,0.00,-4.40,0.00,"","","hellasglass.sales@gmail.com","011"
"I03000","","INTERJEWEL","","","64 MARAIS STR","HEIDELBERG","","","","P.O BOX 138","HEIDELBURG","1438","","",0.00,1,"016 341 5701","016 341 5701","MISERA",0.00,0.00,0.00,0.00,0.00,0.00,"","","interjewel@hotmail.com","016"
"IC0100","","INTERACTIVE CONSULTING SA PTY LTD","","","UNIT 4; MADRIHOF","32 OOSTHUIZEN AVENUE","SONGLOED","2571","","","","","","STEFAN@INTERACTIVECONSULT.CO.Z",0.00,1,"","","STEFAN: 067 565 0693",0.00,0.00,0.00,2757.70,-2757.70,0.00,"","","sales@interactiveconsult.co.za",""
"ICE010","","ICE INC PTY LTD","","","390 MENDHI STREET","LAUDIUM","","","","","","","","",0.00,1,"0684866033","","LAVEN / NISHANI",0.00,0.00,0.00,120.75,-120.75,0.00,"","","laven@iceinc.co.za",""
"ICG020","","INCOMPLETE CORPORATE GROUP","","","67 INGUELALA COMPLEX","VREDENHOF ROAD","MULBARTON","","","","","","","MABASOJ@ABSAMAIL.CO.ZA",0.00,1,"0718810054","","THEMBA KHUMAB",0.00,0.00,0.00,0.00,0.00,-1.00,"","","incompletebrands@gmail.com","011"
"IGD010","","INNOVATIVE GLASS DESIGN","","","OFFICE JUNCTION","16 ACTAVIA ROAD","GERMISTON","1601","** HEATHER/ CHARMAINE","P.O. BOX 3147","EDENVALE","1601        MARCIA: 0711256705","","INNOVATIVEGLASS@TELKOMSA.NET",20.00,1,"011 450 3711","011 450 3738","SHIONA (SHUAN 0718788070)",10000.00,0.00,0.00,0.00,0.00,0.00,"","COD","shiona@netactive.co.za","011"
"IT0100","","INFINITE TROPHIES","","","59 VEIL ROAD","RYNFIELD","BENONI","","","","","","","",10.00,1,"061 507 1553","","LEE-AAN & NICCI",0.00,0.00,593.16,-593.16,0.00,0.00,"","COD","sales@itrophies.co.za",""
"JAM010","","JAMNADAS C&C","","","82 KERK STREET","POLOKWANE","","0759","","P.O. BOX 31155","SUPERBJA","0759","","",15.00,1,"079 399 5226","","SUNIL",0.00,0.00,0.00,28593.43,-23358.92,34159.58,"","COD","jamnadas37@gmail.com","015"
"JG0100","","AMAZING GIFTS","","","SHOP 09 FIRST PLACE","FNB BANK CITY","CNR SAUER & KERK STR/ JHB","","","HOME: 121 VLEISROOS STREET","WINCHESTER HILLS; 2091","","","DRAMA@WEBMAIL.CO.ZA",5.00,1,"011 836-1746","","D.M RAMA",0.00,0.00,0.00,0.00,0.00,0.00,"","","amazinggifts@mweb.co.za",""
"JM0200","","JEWEL MATIC CC","","","PICK 'N PAY CENTRE","LICHTENBURG","","2740","","P.O.BOX 1685","LICHTENBURG","2740","","MOSTLY 5% DISCOUNT",5.00,1,"018-632-3186","018-632-3186","YOUSUF",0.00,0.00,0.00,0.00,0.00,0.00,"","","khodahafez@telkomsa.net","018"
"JNBG01","","JNB GLASS","","","UNIT 1","18 EDENDALE ROAD","WEST EASTLEIGH","","","","","","","",0.00,1,"011 524 0883","","MIKE",0.00,0.00,0.00,0.00,0.00,0.00,"","","info@jnbglass.co.za; mmglass@hotmail.gr",""
"KG0200","","KHOJA GROUP","","","UNIT 1 A FABRICO BUILIDING","C/O MITCHELL & VON WIELLIGH","PRETORIA WEST","","","60 AAMBISI CRESENT","WATERKLOOF VALLEY","SQUIRREL RD, MONUMENT PARK","","",8.00,1,"012 327 5885","086 698 2737","NOOR-E-DIN KHOJA",0.00,0.00,0.00,0.00,0.00,0.00,"","","nkhoja@khojagroup.net",""
"KLP010","","KHUMO LASER PROJECTS","","","PLOT 12824","XANAGAN STREET","GABORONE, BOTSWANA","","","","","","","",0.00,1,"00267 3917509","00267 3917509","RONNIE",0.00,0.00,0.00,0.00,0.00,0.00,"","","khumolaserprojects@gmail.com",""
"KTP020","","KTP ENTERPRISE HOLDINGS PTY LTD","","","UNIT 5; ALVES CENT","9 JUBILI STREET; RACEVIEW","ALBERTON","1450","","","","","","",0.00,1,"011 907 0572","","TIYISELANI KANYANI",0.00,0.00,0.00,0.00,0.00,0.00,"","","sales@ktpbrand.co.za","011"
"KWC000","","KWC","","","","","","","","","","","","",0.00,0,"","","",0.00,0.00,-12745254.25,-4357770.90,-4306870.46,-9953.83,"","","",""
"LAC010","","LA CREATIONS","","","35 GLASOGIE STREET","SEDGEFIELD","","6506","","","","","","",0.00,1,"060 817 7717","","ANNELIEN WEBBER",0.00,0.00,0.00,0.00,0.00,0.00,"","","annelienk1@gmail.com",""
"LE0200","","LIEBNER ENGRAVERS CC","","","123 VILJOEN STREET","RIVIERA, PRETORIA","","","","","","","","",0.00,1,"012 329 3410","012 329 4495","ELZAAN",0.00,0.00,0.00,0.00,0.00,0.00,"","","liebner@iafrica.com",""
"LI0200","","LAVISH INTERIORS","","","COMMERCE PARK","GABORONE","","","","P.O. BOX 602130","GABORONE","","","LAVISHINTERIOS10@GMAIL.COM",7.00,1,"00267 395 9136","00267 395 9137","SEGAMETSI",0.00,0.00,0.00,0.00,0.00,0.00,"","","lavishinteriors09@gmail.com",""
"LJ0100","","LEIRAS JEWELLERS","","","SHOP 15, HIGHVELD CENTRE","WATERMEYER STREET","KLIPFONTEIN, WITBANK","1038","","P.O.BOX 14202","LERAATSFONTEIN","WITBANK.1038","","TIME FREIGHT",0.00,1,"013-697-0722","013-697-0722","CHRISTO MULLER",0.00,0.00,0.00,0.00,0.00,0.00,"","","leirastrophies@gmail.com",""
"LOG010","","(OLD) JAMNADAS C&C","82 K","","82 KERK STREET","POLOKWANE","","0759","","P.O. BOX 31155","SUPERBJA","0759","","",10.00,1,"015 297 7731","015 297 7731","SUNIL",0.00,0.00,0.00,0.00,0.00,0.00,"","COD","jamnadas37@gmail.com",""
"LS0200","","LANGENI SUPPLIES","","","T/A PHOTO CRYSTALS","50 MADEIRA STREET","MTHATHA","5099","P O BOX 268; MTHATHA; 5140","*DIFFICULT CLIENT = QLTY","AQUARIUS STAMPS 011 4537012","NICOLET/JAMES","","REFERED BY: PHIL",5.00,1,"065 883 2213","047 531 0960","PAT NADASAN",0.00,0.00,0.00,0.00,0.00,0.00,"","","patgovender67@yahoo.com",""
"LWG010","","LILLY WHITE GLASS","","","PLOT 22029, TAKATOKWANE ROAD","GABARONE WEST IND, BOTSWANA","KWC CUSTOMS:1462245","","ORDERS ABOVE R3000 NET MUST BE PAID","FIRST BEFORE COLLECTION","","","","EMMA@AGPUMP.CO.BW",7.00,1,"00267 318 6663","00267 318 6663","SHARMAINE/LEZANDA/EMMA",3000.00,0.00,0.00,0.00,0.00,0.00,"","","sharmaine@agpump.co.bw;Lezanda@...;emma","267"
"LYE010","","LYTTELTON ENGRAVERS","","","170 CRADOCK AVENUE","LYTTELTON MANOR","CENTURION","","","","","","","MONKNA.ENGRAVERS@GMAIL.COM",8.00,1,"072 776 6553","","ROOI PAROPENG MAKUA",100000.00,0.00,0.00,0.00,-0.42,3267.08,"","","lyttelton.engravers@gmail.com",""
"MB0300","","METAL BADGE","","","100 PEPLER STREET","ROSSLYN","PRETORIA","","EPX COURIERS","P.O. BOX 3518","PRETORIA","0001","","",0.00,1,"012 541 3443","012 541 1438","WIM MENTZ/ COLIN",0.00,0.00,0.00,0.00,0.00,0.00,"","","info@metalbadgeandbutton.com/accounts",""
"MBSA01","","MRS BOLD SOUTH AFRICA PAGEANT PTY LTD","","","67 ACASIA ROAD","CARLSWALD MEADOWS","CARLSWALD","1685","","","","","","AWARDS@EMERGEAFRICAAWARDS.INFO",0.00,1,"072 435 9377","","PETUNIA",0.00,0.00,-3.75,0.00,0.00,0.00,"","","petunia.makome@yahoo.com",""
"MC0900","","MULTICO","","","SHOP 4, EDENGATE CORNER","HORWOOD STREET,","CNR VAN RIEBEECK, EDENVALE","","","","","","","MULTICO@TELKOMSA.NET",8.00,1,"011 453 8550","011 453 7918","CAROL/BRANDON/JODAN",0.00,0.00,0.00,0.00,0.00,0.00,"","","design@multico.co.za","011"
"MD0200","","MANN DESIGNS","","","UNITE 7, FIVE STAR, BUSS PARK","JUICE STREET, HONEYDEW","","","","","","","","",0.00,1,"082-929-6806","011-794-9336","DARREL",0.00,0.00,0.00,0.00,0.00,0.00,"",""," trophy@manndesigns.co.za",""
"ME0100","","MONTANA ENGRAVERS","","","277B BRAAM PRETORIUS STREET","SINOVILLE","","","","","","","","",5.00,1,"076 754 9935","","PETUEL",0.00,0.00,0.00,0.00,-0.02,0.00,"","","montana.engravers@gmail.com",""
"MEP020","","MIDRAND ELECTRO PLATING","","","T/A TROPHIES & SILVERWARE","288 MAIN REEF ROAD","KNIGHTS; GERMISTON","1020","","P.O.BOX 2617","BRONKHORSTSPRUIT","1020","","TROSPORTSALES@GMAIL.COM",0.00,1,"011 822 5506","011 822 5506","EMARIO/MARIUS/MIKE",0.00,0.00,0.00,0.00,0.00,0.00,"","","mike/sales@trophies-silverware.co.za","011"
"MGW010","","MC GREGOR SHOP","","","ATLAS STR","KIMBERLY","P O BOX 2203,KIMBERLEY","8300","","","","","","",0.00,1,"053-832-2457","053-832-4622","ELBIE VENTER/ ALTA",0.00,0.00,0.00,0.00,0.00,0.00,"","","mcgregorgiftshop@gmail.com",""
"MH0100","","MERCH HUB","","","13 MOZART","KYALAMI HILLS","MIDRAND","","","","","","","",0.00,1,"","","AUXILIA",0.00,0.00,0.00,0.00,0.00,0.00,"","COD","auxilia@merchhubzone.co.za","011"
"MM0200","","ON 68 PRETORIA ROAD","","","T/A MOMENTUS MOMENTS","68 PRETORIA ROAD","RYNFIELD; BENONI","1501","OLD OWNER: JUDESM@TELKOMSA.NET","ACCOUNT CREATED 23/01/2017","OLD: 7 DOUGLAS AVE","           FARRARMERE, BENONI","","",8.00,1,"011 425 2717","","RODNEY/SHARRON/ NATASHA",0.00,0.00,0.00,-815.13,-1002.51,1075.97,"","","Info@momentusmoments.co.za","011"
"MMT010","","MM TROFEE GRAVERING EN HORLOSIE DIENSTE","","","88 NELSON MANDELA","MODIMOLLE","LIMPOPO","0510","","","","","","",0.00,1,"014 717 3635","","",0.00,0.00,0.00,0.00,0.00,0.00,"","","manie.hall@hotmail.com","014"
"MP0500","","MLIGU PROMOTIONS CC","","","513 KENMAR STREET","CONSTANTIA PARK","","","","P.O.BOX 99992","GARSFONTEIN OOS","PRETORIA","","",0.00,1,"012-993-1911","012-998-2164","MIEMIE COETZEE",0.00,0.00,0.00,0.00,0.00,0.00,"","","miemiec930@gmail.com; liezl@mligu.co.za",""
"MPD010","","MUDAU PICTURE DREAMERS","","","T/A FRAMEFUN","UNIT 5 NORTHLANDS","DECO PARK","","","","","","","",0.00,1,"011 462 0358","","ARON",0.00,0.00,0.00,0.00,0.00,0.00,"","","reception@framefun.co.za",""
"MS0200","","MANLY SCREENPRINTERS","","","NABOOM STRAAT 9","GOLFPARK","MEYERTON","1960","KRUGER ST, VANDERBIJLPARK","P.O. BOX 5338","VANDERBIJLPARK","1900","","OLD: ALPHA GEBOU, PRES",3.00,1,"016-362 4528","","EILEEN/KOBUS",0.00,0.00,0.00,0.00,0.00,0.00,"","","manly@absamail.co.za",""
"MSB010","","MDLAYI SPORTS BRAND","","","20685 ORINOCO CRESCENT","PROTEA GLEN EXT 20 SOWETO","GAUTENG","1818","","","","EMMANUEL","","TROPHIES.BADGES@GMAIL.COM",10.00,1,"0743143536 JULIUS","","065 590 8027 ANDREA",0.00,0.00,-5.48,-0.16,4.33,-1.28,"","COD","msportsbrand@gmail.com","011"
"MT0100","","MAGNETTICA TRADING","","","14-20TH STREET","PARKHURST","","2193","","","","","","",0.00,1,"072 206 0111","","MICHELLE BANDS",0.00,0.00,0.00,0.00,0.00,0.00,"","","magnettica@ananzi.co.za",""
"MTP010","","MOKGASELA TRADING & PROJECTS","","","NO. 11 PIERRE STREET","IT PARK OFFICE","NO. 4, BEDHOR; POLOKWANE","","","","","","","",0.00,1,"0791625294","","MOSIBUDI JANE MOMJELA",0.00,0.00,0.00,0.00,0.00,0.00,"","","MOKGASELA.TRADING@GMAIL.COM","015"
"NT0300","","NEL TROPHIES","","","SHOP 27; ORCHARD SHOPPING","CENTRE; VALENICA PARK","NELSPRUIT","1200","OLD: SHOP 208 KA-MKHOLO BUILDING","P.O. BOX 742 NELSPRUIT","BADRESH: 084 496 2500","NUTAN: 083 654 0338","","OLD: NELTROPHY@MWEB.CO.ZA",15.00,1,"013-755-1411/013-752-3109","0137551411/0867626451","KAMESH, NUTAN, BERNET",15000.00,0.00,8776.05,426.23,5647.63,-5120.43,"","30","neltrophy@gmail.com",""
"NXA010","","NXAMALALATEMTSA","","","1407 DLAKAUN CRS","MAILULA PARK","","1475","","","","","","",0.00,1,"079 124 0029","086 005898","THABANG J ZUMA",100000.00,0.00,0.00,0.00,0.00,0.00,"","","thabangjacob@gmail.com; vuyimbono@icloud","017"
"OG0100","","ONTYME GRAPHIX","","","166 BRAAMFISCHER DRIVE","RANDBURG","","","","","","","","",5.00,1,"083 472 9731","","ETHIOL",0.00,0.00,0.00,0.00,0.00,0.00,"","","msportsbrand@gmail.com","011"
"OJ0100","","ORIENTAL JEWELLERS","","","SHOP H2, HYPERAMA","FOURWAYS MALL","FOURWAYS","2055","","","","","","",5.00,1,"011-465-5132","011-705-3133","HASSEN/ NAZREEN",0.00,0.00,0.00,0.00,0.00,0.00,"","","",""
"OT0300","","OLYMPIA TROPHIES","","","341 PAUL KRUGER STREET","CAPITAL PARK, PRETORIA","","","OWNER PASSED AWAY, WIFE CLOSED","THE BUSINESS","","","","",5.00,1,"012-321-1601","012-321-1601","DANNY/ ELSA",20000.00,0.00,0.00,0.00,0.00,0.00,"","COD","mwdannym@mweb.co.za",""
"P07000","","PROMONOLOGY CC","","","WIERDAPARK","","","0149","","P.O. BOX 54510","","","","",0.00,1,"012-660-4441","012-660-2502","MANDY",0.00,0.00,0.00,0.00,0.00,0.00,"","","mandy@promonology.co.za",""
"PA0400","","PRESTIGE AWARDS (PTY) LTD","","","419 CORK AVE","FERNDALE, RANDBURG","","","","P.O. BOX 444","FERNDALE 2160","LESLEY/JENNY","","JENNY / FIONA",15.00,1,"011-781-0833","011-781-0838","LESLEY / KENITH = OWNERS",20000.00,0.00,11425.28,5694.56,10586.95,-8833.88,"","30","gugulethu@prestigeawards.co.za",""
"PB0200","","GLASS CREATIONS (PTY) LTD","","","SHOP FC 12 WESGATE SHOPPING","HARARE","ZIMBABWE","","88 SIMMONDS STR","BRAAMFONTEIN","JOHANNESBURG","","","MUNHENZVA BUS OFFICE",7.00,1,"+263 772999407","","PRIDE BHUNU",0.00,0.00,-404.28,0.00,-0.23,0.00,"","","pbhunu@gmail.com",""
"PG0200","","PREMIER IMPORT & EXPORT CC","","","416 KINGSWAY HIGHWAY","LYNNWOOD","PRETORIA","0081","","P.O.BOX 36877","MENLO PARK","S.A 0102","","",7.00,1,"012 348 7434/361 6445","012 361 3508","BRENDA",0.00,0.00,0.00,0.00,0.00,0.00,"","","premier@mweb.co.za",""
"PGJ010","","GIFT CENTRE","","","17 A JORISSEN STREET","POLOKWANE","","0070","","P.O.BOX 1063","POLOKWANE","0700","","YSFDESIGN@GMAIL.COM",10.00,1,"015-295-8758","015-295-8759","HUSSAIN / YUSUF",0.00,0.00,0.00,0.00,0.00,0.00,"","","info.limpopotrophies@gmail.com",""
"PGS010","","PRONTO GRAPHICS& SIGNS","","","25 KINDON ROAD","ROBERTSHAM","","2091","","","","","","",0.00,1,"011 433 4000","011 433 0093","JORGE",100000.00,0.00,0.00,0.00,0.00,0.00,"","","receiption1@prontographics.co.za",""
"PHG010","","PHATSIMA GLASS","","","3264 LETHETSA STREET","PHOMOLONG SHOPPING COMPLEX","KROONSTAD","9499","","","","","","",0.00,1,"073 273 1744","","MOSES",0.00,0.00,0.00,0.00,0.00,0.00,"","COD","moloi.bubbles@gmail.com",""
"PRJ010","","PIET RETIEF JEWELLERS","","","31C KERK STREET","PIET RETIEF","","","","","","","","",0.00,1,"017 826 3751","017 826 3751","FAREED",0.00,0.00,0.00,0.00,0.00,0.00,"","","prj@exclusivemail.co.za",""
"PRS010","","PROMOTION SUPPORT","","","20 SHARROW ROAD","BOSKRUIN; RANDBURG","","","","","","","",""RAINBOW@JNEP.CO.ZA" JNB EMBRO",0.00,1,"082 447 8943","N/A","CYNTHIA",0.00,0.00,0.00,0.00,0.00,0.00,"","","cindy@promsup.co.za",""
"RB0200","","RIGA BROS","","","53 QUEEN STREET","LADYSMITH","3370","","","P O BOX 366","","GABRIELLA","","",0.00,1,"036 637 6792","036 637 6793","ANAND T. RIGA/NASEEMA",0.00,0.00,-3.90,0.00,0.00,0.00,"","COD","andrigkzn@telkomsa.net","036"
"RFHGG0","","TROPHY CREATIONS","","","32 SIGNAL AVENUE","DAWNVIEW","","1416","","","","","","FERNANDO@TROPHYCREATIONS.CO.ZA",5.00,1,"011-822-5448","086-621-4147","FERNANDO VALE",0.00,0.00,0.00,0.00,0.00,0.00,"","COD","fernandov@telkomsa.net",""
"SD0200","","SWIFT DYNAMICS","","","20 DICKENS PLACE","TULISA PARK","JOHANNESBURG","2197","","","","","","",0.00,1,"083 608 3930","","DIANNE",0.00,0.00,0.00,0.00,0.00,0.00,"","","ehulley@w-isp.co.za",""
"SEN010","","SENSATIONAL TROPHIES","","","PELICAN ISLAND; 1 DOLCE STREET","WILGEHEUWEL, ROODEPOORT","JHB","1724","","671 VAN DALEN ROAD","ROODEPORT","1724","","",0.00,1,"011 854 7038","","KISHANI / TONY",0.00,0.00,0.00,0.00,0.00,0.00,"","","lalaram.kishani@gmail.com",""
"SHA010","","SHAPHAR PRODUCTIONS PTY LTD","","","138 HORNBILL STREET","ROOIHUISKRAAL","CENTURION","","","","","","","ACCOUNTS@SHAPHAR.CO.ZA",0.00,1,"078 552 0013 JENNY","","JENNY",0.00,0.00,0.00,0.00,0.00,0.00,"","","info@shaphar.co.za",""
"SIR010","","SIRPRIZE","","","4 DORINGBOOM SREET","SONNEGLANS","RANDBURG","","","","","","","",0.00,1,"073 069 6152","","JAMES MEIKLE",0.00,0.00,0.00,0.00,0.00,0.00,"","","sirprize@sirprize.co.za",""
"SM0200","","SOURCING MAGIC","","","P.O. BOX 353","MAGALIESIG","","2067","","","","","","WAS SOURCING MAGIC",0.00,1,"011 467 4276","011 467 4267","JANICE GERMISHYS",0.00,0.00,0.00,0.00,0.00,0.00,"","","janice@magicgadgets.co.za",""
"SN0200","","TROJAN GLASSWORKS CC","","","NGWENYA GLASS VILLAGE,","C/O BEYERS NAUDE&R114 DIEPSLOT","MULDERSDRIFT;","1747","(MONIQUE)","P.O.BOX 321","MULDERSDRIFT 1747","BUZZ: 082-785-7397","","",15.00,1,"011 796 3006","086 618 2961","BUZZ / VIV /  NICOLA",50000.00,0.00,0.00,16573.57,-6603.07,-9970.50,"","COD","buzz@shadesofngwenya.co.za","011"
"SPW010","","SPORTWIZE (PTY) LTD","","","1033 ROAD","3 ALLENS NEK","ROODEPOORT","","","","","","","",0.00,1,"011 679 1698","086 612 7618","RONALD P MCMURDO",0.00,0.00,676.20,-676.20,0.00,0.00,"","","sportwize@telkomsa.net",""
"SS0100","","SCRATCH SOLUTIONS","","","6 6TH AVENUE","EDENVALE","","","","","","","","",0.00,1,"011 453 4999","","",0.00,0.00,0.00,0.00,0.00,0.00,"","","info@ss1.co.za",""
"SSGC01","","STANDARD SPORTS & GIFT CENTRE","","","122 FATIMA BHYAT STREET","RUSTENBURG","","0300","","","","","","",0.00,1,"014 592 4524","014 592 4524","ZAHIR OMARJEE",0.00,0.00,0.00,0.00,0.00,0.00,"","","zahiro1@webmail.co.za",""
"SSL010","","SILVER STAR LASER ENGRAVING (PTY) LTD","","","796 RIANA STREET, DORANDIA","PTA NORTH","REG NO.:  2022/213338/07","0188","","OLD:","550 WONDERBOOM STREET","PRETORIA NORTH; 0182","","9516261220 OLD VAT",0.00,1,"083 275 5230","N/A","ELIZABETH (ELSIE)",0.00,0.00,0.00,0.00,0.00,0.00,"","","silverstarlaser24@gmail.com","021"
"SSS010","","SOLLY SPORT SHOP","","","SHOP NO 2; 124 GEMSBOK STR","LENASIA","","","","","","","","",5.00,1,"011 854 5468","011 854 1108","SOLLY / ROOKSHANA",0.00,0.00,0.00,0.00,0.00,0.00,"","","accounts@sollysport.co.za","011"
"SUN010","","SUNNYSIDE ENGRAVERS","","","466 WILLIAM STREET","BROOKLYN"," PTA","","","P.O. BOX 28366","SUNNYSIDE 0132","C/O HILDA & PRETORIUS STR","","",8.00,1,"012-342-9866","012-342-9866","JACQUELINE",0.00,0.00,8579.33,-8582.33,3.00,0.00,"","COD","mullerplk@yahoo.com",""
"T01000","","DANAUS TRADING","","","TRADING AS:    TROMED","70 MOLLISON ROAD; BENONI NORTH","AGRICULTURAL HOLDINGS, BENONI","1501","","PO BOX 6179, RIVONIA, 2128","","RON CK: CK91/34369/23","","OLD: PBOX 9393, BRENTWOOD PARK",0.00,1,"011 395 2532 LINDA","","RON/ LINDA",5000.00,0.00,0.00,0.00,0.00,0.00,"","","danaus.trading@telkomsa.net","011"
"T06000","","TROPHYRAMA","","","61 WATERMEYER STREET","PARKRAND","BOKSBURG","","","","","","","",10.00,1,"083-218-1216/011 815 3085","","HAMLETTA",0.00,0.00,0.00,0.00,0.00,4753.18,"","COD","hamlettarama@yahoo.com",""
"T4U010","","RUBBER STAMP COMPANY(PTY)LTD","","","SHOP 1, CHAMBERLAINS","44 CHAMBERLAIN RD","BEREA, EAST LONDON","5241","","P O BOX 19363","TECOMA","5214","","",7.00,1,"043 721 1220","086 514 1107","BRUCE/ROBERT",0.00,0.00,0.00,0.00,0.00,0.00,"","COD","rob@trophies4u.co.za","043"
"TA0100","","ANTEL TRADING (PTY) LTD","","","T/A: TROPHY AFRICA","SHOP 3; HEATHWAY CENTRE","BLACKHEATH","","BRUCE: 0823308029","","PO BOX 2134, NORTHCLIFF, 2115","OLD OWNERS: ELSABE","","MAIL@TROPHYAFRICA.CO.ZA",10.00,1,"","011 678 1019","NEW OWNER: BRUCE BARKER",0.00,0.00,5490.70,-5490.70,5133.60,-5133.60,"","","bruce.barker@solidbridge.co.za","011"
"TB0100","","TROPHY BOUTIQUE","","","301 TREVOR GETHING; CNR OF","JACQUELINE & TREVOR GETHING","GARSFONTEIN, PRETORIA","0042","","P.O. BOX 335","GARSFONTEIN WEST","0042","","COENIE@TROPHYMB.CO.ZA",15.00,1,"012 361 4865/012 940 4362","012-348-6605","COENIE/MARTZ/PIKKIE",30000.00,0.00,0.00,844.56,14662.41,-10527.83,"","COD","sales1@trophymb.co.za",""
"TC0200","","TROPHY CONNECTION","","","276 PAUL KRUGER STREET; BETWEE","SCHOEMAN & PRETORIUS, PTA CENT","","","    WHOLESALE","MOSTLY COURIER GUY","HOPE ENGRAVERS","","","STATSOL@GLOBAL.CO.ZA",8.00,1,"012 323 0404/14","012 323 0419/0866568201","GAYLE",0.00,0.00,0.00,0.00,0.00,0.00,"","COD","statsol@global.co.za; gayle@trophyconect","012"
"TC0300","","TROPHY CORPORATION","","","UNIT 3A, IRIDIUM STREET","EKANDUSTRIA","BRONKHORSTSPRUIT","","","","","","","",0.00,1,"081497 0888","","MIKE DU PREEZ",0.00,0.00,0.00,0.00,0.00,0.00,"","","epnsawards@gmail.com","012"
"TC0700","","TROPHY CENTRE","","","SHOP 010B; PARK BOULEVARD","SHOPPING CENTRE; 11 BROWN","DRIFT ROAD; UMGENI PARK; DURBA","","KOORNHOF & ESSEX RD, MEADOWDALE","P.O. BOX 60","UMGENI PARK","4098","","THE MEADOW (KEMTRADE) CNR",15.00,1,"031 263 0366/031 263 0559","031 263 0559/060992 0733","MILES/ HEATHER",0.00,0.00,4340.28,990.09,-1016.30,2049.15,"","COD","sales@trophycentre.co.za","031"
"TD0100","","TROPHY DEN","","","64 NELSON MANDELA AVENUE","ARCHIMEDIX CORNER, SUITE 001","BLOCK B; RANDHART","","","","","","","",5.00,1,"011 869 0388","086 675 7777","BRENDON",0.00,0.00,1767.72,-1507.70,4924.33,-2468.78,"","COD","brendon@trophyden.co.za",""
"TDG020","","TAO DESIGNER GLASS","","","P.O. BOX 5032, MEADOWDALE","30 GREEN STREET, WITFIELD","","1615","","","","","","",15.00,1,"011-826-2349","0865138349","LYNDA MEIKLE",50000.00,0.00,27947.60,1380.05,-1728.43,3118.33,"","30","lmeikle@polka.co.za","011"
"TE0200","","TROPHIES & ENGRAVERS","","","UNIT 23,OUTLET PARK","59 MERIDIAN DRIVE","UMHLANGA","4001","","P.O. BOX 18258","DALBRIDGE","4014","","",0.00,1,"031-201-0871","031-201-1169","MOODLEY/SWASTICA/TRISHA",0.00,0.00,0.00,0.00,0.00,0.00,"","COD","trisha@trophies.co.za","031"
"TE0300","","TOCKNELL ENGRAVERS","","","SHOP 9 PRELLER WALK","GEN HERTZOG AVE; DAN PIENAAR","BLOEMFONTEIN","9324","","OLD: SHOP 37, BRANDWAG CENTRE","BLOEMFONTEIN","POB 12828;BRANDHOF;9324","","",15.00,1,"051-444 4244","051-444 4245","ANNE/ JOHAN/ ILZE/PAULA",20000.00,0.00,23413.26,-13320.40,12519.78,-6311.02,"","14D","tocknell@mweb.co.za","051"
"TG0100","","TROPHY GALLERY","","","50 KEKEWICH DRIVE","MONUMENT HEIGHTS","KIMBERLEY","8301","C","OLD: 12 DURBAN STREET","HILLCREST; KIMBERLEY","","","TROPHYGALLERY@MWEB.CO.ZA",5.00,1,"084 418 9834","","CORNEL",0.00,0.00,-68.78,1834.25,-1835.40,0.00,"","","cornelbotes65@gmail.com",""
"THE020","","TROPHY HIVE & ENGRAVERS","","","NO.1375, THE VILLAGE MALL","ELUKWATINI CROSSING","ELUKWATINI","1192","P.O BOX 1866","ELUKWATINI","1192","","","TIME FREIGHT ACC: ZT00518",7.00,1,"017 883 2288","017 883 2288","BEKI",0.00,0.00,15477.09,0.00,0.00,0.00,"","COD","beki.nkuna@gmail.com","017"
"THT010","","THIFLOS TROPHIES","","","3807 SECTION M, MOKONE STREET","MAMELODI WEST","PRETORIA","0122","BRANDBASE IT & PRINTING SOLUTION","SHOP NO. 5 NDINAYE HOUSE","178 FRANCIS BAARD STREET","PRETORIA; TEL: 012 767 8147","","",0.00,1,"083 298 9053","","THEO",0.00,0.00,0.00,0.00,0.00,0.00,"","","theo.morudutm@gmail.com",""
"TI0200","","TROPHY INTERNATIONAL","","","81 BOSHOFF STREET","PIETERMARITZBURG","","","TIME FREIGHT COD","PO BOX 1000","LUXMI","3207","","TROPHYSA@GMAIL.COM",10.00,1,"033-342-9007","033-345-9007","NISH",0.00,0.00,0.00,0.00,362.25,-362.25,"","COD","trophyzn@yahoo.com; trophysa@gmail.com","033"
"TJ0100","","TROPHY JUNCTION","","","175 KENT AVENUE","FERNDALE RIDGE, RANDBURG","","","","P.O. BOX 1382","PIINEGOWRIE","2123","","STATION@TROPHYJUNCTION.CO.ZA",8.00,1,"011 787 7700","086-225-4444","DIA",0.00,0.00,0.00,0.00,0.00,0.00,"","COD","123@tjn.co.za","011"
"TLT010","","TULUZE TROPHIES","","","NO 2 AUTUMN STREET","RIVONIA","","","","","","","","",0.00,1,"072 421 9541 YUSUF (OWNER","","",0.00,0.00,0.00,0.00,0.00,0.00,"","","accounts@tuluze.co.za; zwanehq@gmail.com",""
"TOG010","","TOUCH OF GLASS SEEKING SIGNS","","","UNIT 1; ASTRO PLACE","CNR FLEMING & VAN DER BIJL STR","MEADOWDALE","1477","SEEKING@IAFRICA.COM","P.O. BOX 7016","WESTWOOD","1477","","",5.00,1,"011 453-4064","086 695 9268","COLLEEN 083 273 4999",0.00,0.00,0.00,0.00,0.00,0.00,"","COD","accounts@windsmm.co.za","011"
"TP0100","","WORLD OF TROPHIES","","","50 HERMAN ROAD","UNIT H1, ROUTE 24, MEADOWDALE","GERMISTON","4451","","P.O. BOX 3117","EDENVALE","1610","","",5.00,1,"011 974 8905/83","011 974 4775","NICKY MR:GOVENDER/LALITHA",0.00,0.00,0.00,0.00,0.00,0.00,"","COD","sales@worldoftrophies.co.za","011"
"TP0200","","TROPHIES AND PLAQUES (PTY) LTD","","","TRADING AS: TROPHYSTORE","UNIT H1 ROETE 24, 50 HERMAN ST","MEADOWDALE, GERMISTON","1609","","","","","","ELOISE@TROPHYSTORE.CO.ZA",10.00,1,"011 974 8905/7","W/A: 066 265 8278","ELOISE BELL",0.01,0.00,-8027.07,6965.99,852.45,-23.47,"","TOP","admin@trophystore.co.za",""
"TSS020","","TROPHY SUPA SUPPLY T/A TROPHYCITY MEGA S","","","ALLANDALE INDUSTRIAL PARK","UNIT G85,CNR LE ROUX& MORKELS","MIDRAND","","","P.O. BOX 75724","GARDENVIEW","2047","","CHRISTINE (ACCOUNTS)",15.00,1,"010 007 0454","086 601 8153","ANGELA(5)/ROBERT(8)",20000.00,0.00,0.00,0.00,0.00,0.00,"","COD","rosy@trophycity.co.za; info@tss.co.za",""
"TT0700","","TRUST TROPHIES","","","3 BUSHBUCK STR","MCKENZIE PARK, BENONI","","1501","","JOHANN DE WAAL JNR","    CELL: 083 430 3385","    OFFICE: 0871 600 506","","",10.00,1,"011-845-3555","011-845-3552/086 693 4960","JOHAN / ROSE / DIVAN",10000.00,0.00,0.00,3216.78,-3216.78,6382.51,"","14D","johan@trusttrophies.co.za","011"
"TTSA01","","TROPHY TECH SA","","","343 HOOSEN HAFFAJEE STREET","(BERG STREET)","PIETERMARITZBURG","","EXPRESS WAY","DOOR TO DOOR: SANGEVE","031 702 7778","","","",0.00,1,"033 342 1144","086 5177 975","SHIVEN",0.00,0.00,0.00,0.00,0.00,0.00,"","","shivenm@yahoo.com;trophytechsa@gmail.com","033"
"TW0100","","TROPHY WORLD","","","WATERGLEN CENTRE","C/O GARSFONTEIN AND","JANUARY MASILELA DRIVE","","","P.O.BOX 181","MENLIN","0063","","",8.00,1,"012-993-0909/7","012-993-0909","HANS MEYER/ KELLY",20000.00,0.00,0.00,0.00,0.00,0.00,"","COD","trophyworld@mweb.co.za",""
"UBMM01","","UNIVERSAL BADGE","","","NO 59; 9TH AVENUE","NORTH MEAD","BENONI","","","OLD" 37 GOLDEN DRIVE","UNITE 1 GOLDENDUSTRIA","MOREHILL EXT 8. BENONI","","",7.00,1,"011-827-8017","011-849-4394","YVETTE/ YOLANDA",0.00,0.00,0.00,0.00,0.00,0.00,"","","ubadges@mweb.co.za",""
"UIE010","","UNICO IMPORT & EXPORT TRADING CC","","","UNIT 12, PRODUCTION PARK","83 HEIDELBERG RD, CITYDEEP JHB","UNICO EXPORT CODE:1540239","2001","","P O BOX 752281","GARDENVIEW","2047","","",0.00,1,"011 623 1463","N/A","SURAYA / CLAUDIO",0.00,0.00,0.00,0.00,0.00,0.00,"","","logistica@unicotrd.co.za; claudio@unicot",""
"VC0300","","VIRTUAL CASTINGS CC","","","UNIT 24, SUNNYROCK BUS PARK","3 SUNNYROCK CLOSE","SUNNYROCK; GERMISTON","","","OLD ADDRESS: UNIT 5","19 INGWE RD","SEBENZA","","",0.00,1,"011 452 9351","011 452 9355","TONY/ STACY/ CRAIG",0.00,0.00,0.00,0.00,0.00,0.00,"","","virtualcasting@iafrica.com",""
"VE0100","","VANADA ENGRAVERS CC","","","125 OXFORD STREET","EAST LONDON","","5201","","P O BOX 7053","EAST LONDON","5200","","",10.00,1,"043 743 7272","043 743 7711","SCOTTY/BENIETA/ DEBBIE",0.00,0.00,0.00,0.00,0.00,0.00,"","COD","vanada@iafrica.com","043"
"WC0100","","WELSH CREATIVE","","","UNIT 496; WESTLAKE ECO ESTATE","1 WESTFIELD ROAD","MODDERFONTEIN","1609","USE TO WORK FOR INNOVATIVE","PERMISION GRANTED BY SHIONA","   VIA PHONE CALL","","","",0.00,1,"071 878 8070","","SHAUN",0.00,0.00,0.00,0.00,0.00,0.00,"","","shaun@welshcreative.co.za",""
"WDT010","","WOODTIME (PTY) LTD","","","16 PINEVILLE JUNCTION","81 STAPLETON ROAD","PINETOWN","3610","","AS STEET ADDRESS","","","","",0.00,1,"031 709 0231","086 608 0105","CHARLES NEWTON",0.00,0.00,0.00,0.00,0.00,0.00,"","","woodtime.cn@gmail.com","031"
"WHC010","","WATERFRONT HOUSE OF CHAMPIONS","","","248 KENT AVENUE, RANDBURG","","","","","","JULIUS:","RADESH PERS: 083 215 8550","","",12.00,1,"011-886-8800","011-789-7131","RADESH/ JAY",5000.00,0.00,0.00,-0.90,-0.34,-54.95,"","COD","trophies.medals@gmail.com",""
"WHF010","","WILGEWANDEL HOLIDAY FARM","","","P/A OUDTSHOORN MARK AGENTSKAP","CNR KERK/ADDERLEY STREET","OUDTSHOORN","6620","DELIVER","OUDTSHOORN MARK AGENTSKAP","POBOX 1559 OUDTSHOORN","6620","","",10.00,1,"044-272-0878  0792068746","086 6177036","GEORGE MULLER",0.00,0.00,0.00,0.00,0.00,0.00,"","","info@wilgewandel.co.za","044"
"WPT010","","WILLRUST PROJECTS & TROPHYS","","","PROSPUR BUSS PARK","NORTH RAND ROAD, UNIT 5F","BOKSBURG","","","","","","","PETRO.SCHALKWYK@ELECTROLUX.COM",5.00,1,"082 572 7315","","RUSTY SCHALKWYK",0.00,0.00,0.00,0.00,0.00,0.00,"","","rusty.schalkwyk@gmail.com",""
"WT0100","","WINNERS TROPHIES","","","2 OAKWOOD CLOSE","RICHWOOD","CAPE TOWN","7441","","TIME FREIGHT: GGWNT01","","","","",5.00,1,"021 555 4088/0829250530","","ERNEST",0.00,0.00,0.00,0.00,0.00,0.00,"","COD","ernest@winnerstrophies.co.za; rory@winne",""
"YNG010","","YOUNGTECH CC","","","2 MONTALY RD","MORNINGSIDE","","","","P O BOX 3158","","","","",0.00,1,"011 463 7307","011 463 8141","JEREMY",0.00,0.00,0.00,0.00,0.00,0.00,"","","jeremy@young-tech.co.za","011"
