Original Folder Location,Original Image Name,New Image Name,If Modified,Category
Made To Order (Special Order),JH-19460.jpg,JH-19460.jpg,,Others
Made To Order (Special Order),NZJ-009A.jpg,NZJ-009A.jpg,,Others
Made To Order (Special Order),JH-BM22.jpg,JH-BM22.jpg,,Others
Made To Order (Special Order),NZJ-027 (Old Photo).jpg,NZJ-027.jpg,Yes,Others
Made To Order (Special Order),CS-STAR (discontinued).jpg,CS-STAR.jpg,Yes,Others
Made To Order (Special Order),NZJ-027-80.jpg,NZJ-027-80.jpg,,Others
Made To Order (Special Order)/Crystal And Glass,IMG-A0269 & A0114 50_ Discount.jpg,IMG-A0269 & A0114 50_ Discount.jpg,,Crystal & Glass
Made To Order (Special Order)/Crystal And Glass/GH,GH-149.jpg,GH-149.jpg,,Crystal & Glass
Made To Order (Special Order)/Crystal And Glass/GH,GH-019 (Discontinued).jpg,GH-019.jpg,Yes,Crystal & Glass
Made To Order (Special Order)/Crystal And Glass/LD,LD-61 SPECIAL ORDER.JPG,LD-61 SPECIAL ORDER.JPG,,Crystal & Glass
Made To Order (Special Order)/Crystal And Glass/LD,LD-50 SPECIAL ORDER.JPG,LD-50 SPECIAL ORDER.JPG,,Crystal & Glass
Made To Order (Special Order)/Crystal And Glass/LD,LD-G.S.B.STAR (Discontinued).jpg,LD-G.S.B.STAR.jpg,Yes,Crystal & Glass
Made To Order (Special Order)/Crystal And Glass/LD,LD-100.JPG,LD-100.JPG,,Crystal & Glass
Made To Order (Special Order)/Crystal And Glass/LD,LD-03 SPECIAL ORDER.JPG,LD-03 SPECIAL ORDER.JPG,,Crystal & Glass
Made To Order (Special Order)/Crystal And Glass/LD,LD-03 (Clearing Sale).jpg,LD-03.jpg,Yes,Crystal & Glass
Made To Order (Special Order)/Crystal And Glass/LD,LD-NC01 Special Order.jpg,LD-NC01 Special Order.jpg,,Crystal & Glass
Made To Order (Special Order)/Crystal And Glass/LD,LD-T070 Special Order.JPG,LD-T070 Special Order.JPG,,Crystal & Glass
Made To Order (Special Order)/Crystal And Glass/LD,LD-51 SPECIAL ORDER.JPG,LD-51 SPECIAL ORDER.JPG,,Crystal & Glass
Made To Order (Special Order)/Crystal And Glass/LD,LD-019 SPECIAL ORDER.JPG,LD-019 SPECIAL ORDER.JPG,,Crystal & Glass
Made To Order (Special Order)/Crystal And Glass/LD,LD-63 SPECIAL ORDER.jpg,LD-63 SPECIAL ORDER.jpg,,Crystal & Glass
Made To Order (Special Order)/Crystal And Glass/LD,LD-P131-S (clearing Sale).jpg,LD-P131-S.jpg,Yes,Crystal & Glass
Made To Order (Special Order)/Crystal And Glass/LD,LD-HG70 SPECIAL ORDER.JPG,LD-HG70 SPECIAL ORDER.JPG,,Crystal & Glass
Made To Order (Special Order)/Crystal And Glass/LD,LD-52 special order.jpg,LD-52 special order.jpg,,Crystal & Glass
Made To Order (Special Order)/Crystal And Glass/LD,LD-62 special order.jpg,LD-62 special order.jpg,,Crystal & Glass
Made To Order (Special Order)/Crystal And Glass/LD,LD-30 SPECIAL ORDER.JPG,LD-30 SPECIAL ORDER.JPG,,Crystal & Glass
Made To Order (Special Order)/Crystal And Glass/LD,LD-884 SPECIAL ORDER.JPG,LD-884 SPECIAL ORDER.JPG,,Crystal & Glass
Made To Order (Special Order)/Crystal And Glass/LD,LD-T072 SPECIAL ORDER.JPG,LD-T072 SPECIAL ORDER.JPG,,Crystal & Glass
Made To Order (Special Order)/Crystal And Glass/LD,LD-53 SPECIAL ORDER.JPG,LD-53 SPECIAL ORDER.JPG,,Crystal & Glass
Made To Order (Special Order)/Crystal And Glass/LD,LD-13106 SPECIAL ORDER.JPG,LD-13106 SPECIAL ORDER.JPG,,Crystal & Glass
Made To Order (Special Order)/Crystal And Glass/LD,LD-TP46.JPG,LD-TP46.JPG,,Crystal & Glass
Made To Order (Special Order)/Crystal And Glass/LD,LD-T070S (Price Decreased - 27_09_2019).jpg,LD-T070S.jpg,Yes,Crystal & Glass
Made To Order (Special Order)/Crystal And Glass/LD,LD-L60 SPECIAL ORDER.jpg,LD-L60 SPECIAL ORDER.jpg,,Crystal & Glass
Made To Order (Special Order)/Crystal And Glass/LD,LD-CP01.JPG,LD-CP01.JPG,,Crystal & Glass
Made To Order (Special Order)/Crystal And Glass/LD,LD-TP45.JPG,LD-TP45.JPG,,Crystal & Glass
Made To Order (Special Order)/Crystal And Glass/LD,LD-T079.JPG,LD-T079.JPG,,Crystal & Glass
Made To Order (Special Order)/Crystal And Glass/LD,LD-GLB-B.jpg,LD-GLB-B.jpg,,Crystal & Glass
Made To Order (Special Order)/Crystal And Glass/LD,LD-021 SPECIAL ORDER.JPG,LD-021 SPECIAL ORDER.JPG,,Crystal & Glass
Made To Order (Special Order)/Crystal And Glass/LD,LD-GL01 SPECIAL ORDER.JPG,LD-GL01 SPECIAL ORDER.JPG,,Crystal & Glass
Made To Order (Special Order)/Crystal And Glass/LD,LD-P102 (Special Order).jpg,LD-P102.jpg,Yes,Crystal & Glass
Made To Order (Special Order)/Crystal And Glass/LD,LD-9935S SPECIAL ORDER.JPG,LD-9935S SPECIAL ORDER.JPG,,Crystal & Glass
Made To Order (Special Order)/Crystal And Glass/LD,LD-010 SPECIAL ORDER.JPG,LD-010 SPECIAL ORDER.JPG,,Crystal & Glass
Made To Order (Special Order)/Crystal And Glass/LD,LD-61T special order.jpg,LD-61T special order.jpg,,Crystal & Glass
Made To Order (Special Order)/Crystal And Glass/LD,LD-110S SPECIAL ORDER.JPG,LD-110S SPECIAL ORDER.JPG,,Crystal & Glass
Made To Order (Special Order)/Crystal And Glass/LD,LD-R80 SPECIAL ORDER.JPG,LD-R80 SPECIAL ORDER.JPG,,Crystal & Glass
Made To Order (Special Order)/Crystal And Glass/LD,LD-S76B Special Order.jpg,LD-S76B Special Order.jpg,,Crystal & Glass
Made To Order (Special Order)/Crystal And Glass/LD,LD-7711 special order.jpg,LD-7711 special order.jpg,,Crystal & Glass
Made To Order (Special Order)/Crystal And Glass/LD,LD-069 SPECIAL ORDER.jpg,LD-069 SPECIAL ORDER.jpg,,Crystal & Glass
Made To Order (Special Order)/Crystal And Glass/LD,LD-P131 SPECIAL ORDER.JPG,LD-P131 SPECIAL ORDER.JPG,,Crystal & Glass
Made To Order (Special Order)/Crystal And Glass/LD,LD-P90.jpg,LD-P90.jpg,,Crystal & Glass
Made To Order (Special Order)/Crystal And Glass/LD,LD-110S.jpg,LD-110S.jpg,,Crystal & Glass
Made To Order (Special Order)/Crystal And Glass/LC,LC-HS-22A (old Photo) (Discontinued).jpg,LC-HS-22A.jpg,Yes,Crystal & Glass
Made To Order (Special Order)/Crystal And Glass/LC,LC-HS-19A (old Photo) (Discontinued).jpg,LC-HS-19A.jpg,Yes,Crystal & Glass
Made To Order (Special Order)/Crystal And Glass/LC,LC-Y-01.jpg,LC-Y-01.jpg,,Crystal & Glass
Made To Order (Special Order)/Crystal And Glass/LC,LC-HS-17A (Discontinued).jpg,LC-HS-17A.jpg,Yes,Crystal & Glass
Made To Order (Special Order)/Crystal And Glass/LC,LC-HS-14A (Discontinued).jpg,LC-HS-14A.jpg,Yes,Crystal & Glass
Made To Order (Special Order)/Crystal And Glass/JT,JT-PR60B (Clearing Sale).jpg,JT-PR60B.jpg,Yes,Crystal & Glass
Made To Order (Special Order)/Crystal And Glass/JT,JT-03 SPECIAL ORDER.JPG,JT-03 SPECIAL ORDER.JPG,,Crystal & Glass
Made To Order (Special Order)/Crystal And Glass/JT,JT-CA90 80_ Discount.jpg,JT-CA90 80_ Discount.jpg,,Crystal & Glass
Made To Order (Special Order)/Crystal And Glass/JT,JT-BLB80 special order.jpg,JT-BLB80 special order.jpg,,Crystal & Glass
Made To Order (Special Order)/Crystal And Glass/JT,JT-04 SPECIAL ORDER.JPG,JT-04 SPECIAL ORDER.JPG,,Crystal & Glass
Made To Order (Special Order)/Crystal And Glass/JT,JT-01 SPECIAL ORDER.JPG,JT-01 SPECIAL ORDER.JPG,,Crystal & Glass
Made To Order (Special Order)/Crystal And Glass/JT,JT-P446 special order.jpg,JT-P446 special order.jpg,,Crystal & Glass
Made To Order (Special Order)/Crystal And Glass/JT,JT-CG PROMO SEP 2016 & SPECIAL ORDER.jpg,JT-CG PROMO SEP 2016 & SPECIAL ORDER.jpg,,Crystal & Glass
Made To Order (Special Order)/Crystal And Glass/JT,JT-CA80T 80_ Discount.jpg,JT-CA80T 80_ Discount.jpg,,Crystal & Glass
Made To Order (Special Order)/Crystal And Glass/JT,JT-CA80R PROMO SEP 2016.JPG,JT-CA80R PROMO SEP 2016.JPG,,Crystal & Glass
Made To Order (Special Order)/Crystal And Glass/JT,JT-RP01 special order.jpg,JT-RP01 special order.jpg,,Crystal & Glass
Made To Order (Special Order)/Crystal And Glass/JT,JT-CG-03 (Clearing Sale).jpg,JT-CG-03.jpg,Yes,Crystal & Glass
Made To Order (Special Order)/Crystal And Glass/JT,JT-PR60B special order.jpg,JT-PR60B special order.jpg,,Crystal & Glass
Made To Order (Special Order)/Crystal And Glass/JT,JT-CG-01 (Clearing Sale).jpg,JT-CG-01.jpg,Yes,Crystal & Glass
Made To Order (Special Order)/Crystal And Glass/CS,CS-H24 SPECIAL ORDER.jpg,CS-H24 SPECIAL ORDER.jpg,,Crystal & Glass
Made To Order (Special Order)/Crystal And Glass/CS,CS-S356.JPG,CS-S356.JPG,,Crystal & Glass
Made To Order (Special Order)/Crystal And Glass/CS,CS-2H.jpg,CS-2H.jpg,,Crystal & Glass
Made To Order (Special Order)/Crystal And Glass/CS,CS-DR-419.jpg,CS-DR-419.jpg,,Crystal & Glass
Made To Order (Special Order)/Crystal And Glass/CS,CS-K9-1B (discontinue).jpg,CS-K9-1B.jpg,Yes,Crystal & Glass
Made To Order (Special Order)/Crystal And Glass/CS,CS-YC888 SPECIAL ORDER.JPG,CS-YC888 SPECIAL ORDER.JPG,,Crystal & Glass
Made To Order (Special Order)/Crystal And Glass/CS,CS-021-4.jpg,CS-021-4.jpg,,Crystal & Glass
Made To Order (Special Order)/Crystal And Glass/CS,CS-Q-5.jpg,CS-Q-5.jpg,,Crystal & Glass
Made To Order (Special Order)/Crystal And Glass/CS,CS-Q-4.jpg,CS-Q-4.jpg,,Crystal & Glass
Made To Order (Special Order)/Crystal And Glass/CS,CS-021-5.jpg,CS-021-5.jpg,,Crystal & Glass
Made To Order (Special Order)/Crystal And Glass/CS,CS-TT03 (Discontinued).jpg,CS-TT03.jpg,Yes,Crystal & Glass
Made To Order (Special Order)/Crystal And Glass/CS,CS-KH030 SPECIAL ORDER.JPG,CS-KH030 SPECIAL ORDER.JPG,,Crystal & Glass
Made To Order (Special Order)/Crystal And Glass/CS,CS-J-4.jpg,CS-J-4.jpg,,Crystal & Glass
Made To Order (Special Order)/Crystal And Glass/CS,CS-HK3-X.jpg,CS-HK3-X.jpg,,Crystal & Glass
Made To Order (Special Order)/Crystal And Glass/CS,CS-PP71.BZ (discontinued).jpg,CS-PP71.BZ.jpg,Yes,Crystal & Glass
Made To Order (Special Order)/Crystal And Glass/CS,CS-GR03 SPECIAL ORDER.JPG,CS-GR03 SPECIAL ORDER.JPG,,Crystal & Glass
Made To Order (Special Order)/Crystal And Glass/CS,CS-J-6B.jpg,CS-J-6B.jpg,,Crystal & Glass
Made To Order (Special Order)/Crystal And Glass/CS,CS-AH20 SPECIAL ORDER.JPG,CS-AH20 SPECIAL ORDER.JPG,,Crystal & Glass
Made To Order (Special Order)/Crystal And Glass/CS,CS-7892 SPECIAL ORDER.JPG,CS-7892 SPECIAL ORDER.JPG,,Crystal & Glass
Made To Order (Special Order)/Crystal And Glass/CS,CS-J-7.jpg,CS-J-7.jpg,,Crystal & Glass
Made To Order (Special Order)/Crystal And Glass/CS,CS-A3B SPECIAL ORDER.JPG,CS-A3B SPECIAL ORDER.JPG,,Crystal & Glass
Made To Order (Special Order)/Crystal And Glass/CS,CS-558-O PROMO 2016 & SPECIAL ORDER.JPG,CS-558-O PROMO 2016 & SPECIAL ORDER.JPG,,Crystal & Glass
Made To Order (Special Order)/Crystal And Glass/CS,CS-SS.jpg,CS-SS.jpg,,Crystal & Glass
Made To Order (Special Order)/Crystal And Glass/CS,CS-Q-3.jpg,CS-Q-3.jpg,,Crystal & Glass
Made To Order (Special Order)/Crystal And Glass/CS,CS-FH-17L.jpg,CS-FH-17L.jpg,,Crystal & Glass
Made To Order (Special Order)/Crystal And Glass/CS,CS-Q-2.jpg,CS-Q-2.jpg,,Crystal & Glass
Made To Order (Special Order)/Crystal And Glass/CS,CS-021-3.jpg,CS-021-3.jpg,,Crystal & Glass
Made To Order (Special Order)/Crystal And Glass/CS,CS-K032.jpg,CS-K032.jpg,,Crystal & Glass
Made To Order (Special Order)/Crystal And Glass/CS,CS-FW.jpg,CS-FW.jpg,,Crystal & Glass
Made To Order (Special Order)/Crystal And Glass/CS,CS-KH045-S SPECIAL ORDER.JPG,CS-KH045-S SPECIAL ORDER.JPG,,Crystal & Glass
Made To Order (Special Order)/Crystal And Glass/CS,CS-195A (pillar trophy).jpg,CS-195A.jpg,Yes,Crystal & Glass
Made To Order (Special Order)/Crystal And Glass/CS,CS-TT04.jpg,CS-TT04.jpg,,Crystal & Glass
Made To Order (Special Order)/Crystal And Glass/CS,CS-YC686.jpg,CS-YC686.jpg,,Crystal & Glass
Made To Order (Special Order)/Crystal And Glass/CS,CS-DR-99.jpg,CS-DR-99.jpg,,Crystal & Glass
Made To Order (Special Order)/Crystal And Glass/CS,CS-7893 SPECIAL ORDER.JPG,CS-7893 SPECIAL ORDER.JPG,,Crystal & Glass
Made To Order (Special Order)/Crystal And Glass/CS,CS-Q-1.jpg,CS-Q-1.jpg,,Crystal & Glass
Made To Order (Special Order)/Crystal And Glass/CS,CS-GH-1.jpg,CS-GH-1.jpg,,Crystal & Glass
Made To Order (Special Order)/Crystal And Glass/CS,CS-DS-1 SPECIAL ORDER.jpg,CS-DS-1 SPECIAL ORDER.jpg,,Crystal & Glass
Made To Order (Special Order)/Crystal And Glass/CS,CS-PP101.JPG,CS-PP101.JPG,,Crystal & Glass
Made To Order (Special Order)/Crystal And Glass/CS,CS-BL01 special order.jpg,CS-BL01 special order.jpg,,Crystal & Glass
Made To Order (Special Order)/Crystal And Glass/CS,CS-GR04 SPECIAL ORDER.JPG,CS-GR04 SPECIAL ORDER.JPG,,Crystal & Glass
Made To Order (Special Order)/Crystal And Glass/CS,CS-HK2 SPECIAL ORDER.JPG,CS-HK2 SPECIAL ORDER.JPG,,Crystal & Glass
Made To Order (Special Order)/Crystal And Glass/CS,CS-CH.JPG,CS-CH.JPG,,Crystal & Glass
Made To Order (Special Order)/Crystal And Glass/CS,CS-GR06 (Clearing Sale).jpg,CS-GR06.jpg,Yes,Crystal & Glass
Made To Order (Special Order)/Crystal And Glass/CS,CS-DR-888.jpg,CS-DR-888.jpg,,Crystal & Glass
Made To Order (Special Order)/Crystal And Glass/CS,CS-BA512.jpg,CS-BA512.jpg,,Crystal & Glass
Made To Order (Special Order)/Crystal And Glass/CS,CS-SS220 SPECIAL ORDER.JPG,CS-SS220 SPECIAL ORDER.JPG,,Crystal & Glass
Made To Order (Special Order)/Crystal And Glass/CS,CS-022-104.jpg,CS-022-104.jpg,,Crystal & Glass
Made To Order (Special Order)/Crystal And Glass/CS,CS-LD55 SPECIAL ORDER.JPG,CS-LD55 SPECIAL ORDER.JPG,,Crystal & Glass
Made To Order (Special Order)/Crystal And Glass/CS,CS-GR01 SPECIAL ORDER.JPG,CS-GR01 SPECIAL ORDER.JPG,,Crystal & Glass
Made To Order (Special Order)/Crystal And Glass/CS,CS-J-13.jpg,CS-J-13.jpg,,Crystal & Glass
Made To Order (Special Order)/Crystal And Glass/CS,CS-CH80.JPG,CS-CH80.JPG,,Crystal & Glass
Made To Order (Special Order)/Crystal And Glass/CS,CS-7109 SPECIAL ORDER.JPG,CS-7109 SPECIAL ORDER.JPG,,Crystal & Glass
Made To Order (Special Order)/Crystal And Glass/CS,CS-AH-5.jpg,CS-AH-5.jpg,,Crystal & Glass
Made To Order (Special Order)/Crystal And Glass/CS,CS-TM-J6 SPECIAL ORDER.JPG,CS-TM-J6 SPECIAL ORDER.JPG,,Crystal & Glass
Made To Order (Special Order)/Crystal And Glass/CS,CS-A3 SPECIAL ORDER.JPG,CS-A3 SPECIAL ORDER.JPG,,Crystal & Glass
Made To Order (Special Order)/Crystal And Glass/CS,CS-BA-5.JPG,CS-BA-5.JPG,,Crystal & Glass
Made To Order (Special Order)/Crystal And Glass/CS,CS-022-101.jpg,CS-022-101.jpg,,Crystal & Glass
Made To Order (Special Order)/Crystal And Glass/CS,CS-HK3 SPECIAL ORDER.JPG,CS-HK3 SPECIAL ORDER.JPG,,Crystal & Glass
Made To Order (Special Order)/Crystal And Glass/CS,CS-KH-93.jpg,CS-KH-93.jpg,,Crystal & Glass
Made To Order (Special Order)/Crystal And Glass/CS,CS-GR02 (Clearing Sale).jpg,CS-GR02.jpg,Yes,Crystal & Glass
Made To Order (Special Order)/Crystal And Glass/CS,CS-E58.jpg,CS-E58.jpg,,Crystal & Glass
Made To Order (Special Order)/Crystal And Glass/CS,CS-BA-4.JPG,CS-BA-4.JPG,,Crystal & Glass
Made To Order (Special Order)/Crystal And Glass/CS,CS-2B-08057.JPG,CS-2B-08057.JPG,,Crystal & Glass
Made To Order (Special Order)/Crystal And Glass/CS,CS-AH-2.jpg,CS-AH-2.jpg,,Crystal & Glass
Made To Order (Special Order)/Crystal And Glass/CS,CS-SG-600M.jpg,CS-SG-600M.jpg,,Crystal & Glass
Made To Order (Special Order)/Crystal And Glass/CS,CS-J-60B.jpg,CS-J-60B.jpg,,Crystal & Glass
Made To Order (Special Order)/Crystal And Glass/CS,CS-DR-319.jpg,CS-DR-319.jpg,,Crystal & Glass
Made To Order (Special Order)/Crystal And Glass/CS,CS-JH Special Order.jpg,CS-JH Special Order.jpg,,Crystal & Glass
Made To Order (Special Order)/Crystal And Glass/CS,CS-A-9.jpg,CS-A-9.jpg,,Crystal & Glass
Made To Order (Special Order)/Crystal And Glass/CS,CS-7891 SPECIAL ORDER.JPG,CS-7891 SPECIAL ORDER.JPG,,Crystal & Glass
Made To Order (Special Order)/Crystal And Glass/CS,CS-H58 special order.jpg,CS-H58 special order.jpg,,Crystal & Glass
Made To Order (Special Order)/Crystal And Glass/CS,CS-KH393-S.jpg,CS-KH393-S.jpg,,Crystal & Glass
Made To Order (Special Order)/Crystal And Glass/CS,CS-AH-3.jpg,CS-AH-3.jpg,,Crystal & Glass
Made To Order (Special Order)/Crystal And Glass/CS,YC-BB4-S.JPG,YC-BB4-S.JPG,,Crystal & Glass
Made To Order (Special Order)/Crystal And Glass/CS,CS-H-39.jpg,CS-H-39.jpg,,Crystal & Glass
Made To Order (Special Order)/Crystal And Glass/CS,CS-PP71 - Yellow star not available.JPG,CS-PP71 - Yellow star not available.JPG,,Crystal & Glass
Made To Order (Special Order)/Crystal And Glass/CS,CS-E58-S.jpg,CS-E58-S.jpg,,Crystal & Glass
Made To Order (Special Order)/Crystal And Glass/CS,CS-E56.jpg,CS-E56.jpg,,Crystal & Glass
Made To Order (Special Order)/Crystal And Glass/CS,CS-H-34.JPG,CS-H-34.JPG,,Crystal & Glass
Made To Order (Special Order)/Crystal And Glass/CS,CS-HP15 SPECIAL ORDER.JPG,CS-HP15 SPECIAL ORDER.JPG,,Crystal & Glass
Made To Order (Special Order)/Crystal And Glass/CS,CS-P150 PROMO SEP 2016.JPG,CS-P150 PROMO SEP 2016.JPG,,Crystal & Glass
Made To Order (Special Order)/Crystal And Glass/CS,CS-HL032L SPECIAL ORDER.JPG,CS-HL032L SPECIAL ORDER.JPG,,Crystal & Glass
Made To Order (Special Order)/Crystal And Glass/CS,CS-DR-21.jpg,CS-DR-21.jpg,,Crystal & Glass
Made To Order (Special Order)/Crystal And Glass/CS,CH-195.jpg,CH-195.jpg,,Crystal & Glass
Made To Order (Special Order)/Crystal And Glass/CS,CS-RA5.jpg,CS-RA5.jpg,,Crystal & Glass
Made To Order (Special Order)/Crystal And Glass/CS,CS-ND05-L SPECIAL ORDER.jpg,CS-ND05-L SPECIAL ORDER.jpg,,Crystal & Glass
Made To Order (Special Order)/Crystal And Glass/CS,CS-KH270.JPG,CS-KH270.JPG,,Crystal & Glass
Made To Order (Special Order)/Crystal And Glass/CS,CS-N2 special order.jpg,CS-N2 special order.jpg,,Crystal & Glass
Made To Order (Special Order)/Crystal And Glass/CS,CS-H-37.jpg,CS-H-37.jpg,,Crystal & Glass
Made To Order (Special Order)/Crystal And Glass/CS,CS-BB6 special order.jpg,CS-BB6 special order.jpg,,Crystal & Glass
Made To Order (Special Order)/Crystal And Glass/CS,CS-BA-3 SPECIAL ORDER.jpg,CS-BA-3 SPECIAL ORDER.jpg,,Crystal & Glass
Made To Order (Special Order)/Crystal And Glass/CS,CS-D8 SPECIAL ORDER.JPG,CS-D8 SPECIAL ORDER.JPG,,Crystal & Glass
Made To Order (Special Order)/Crystal And Glass/CS,CS-558-O (Clearing Sale).jpg,CS-558-O.jpg,Yes,Crystal & Glass
Made To Order (Special Order)/Crystal And Glass/CS,CS-H-36.jpg,CS-H-36.jpg,,Crystal & Glass
Made To Order (Special Order)/Crystal And Glass/CS,CS-P01 SPECIAL ORDER.JPG,CS-P01 SPECIAL ORDER.JPG,,Crystal & Glass
Made To Order (Special Order)/Crystal And Glass/CS,CS-CY012 SPECIAL ORDER.jpg,CS-CY012 SPECIAL ORDER.jpg,,Crystal & Glass
Made To Order (Special Order)/Crystal And Glass/CS,CS-3A special order.jpg,CS-3A special order.jpg,,Crystal & Glass
Made To Order (Special Order)/Crystal And Glass/CS,CS-BA-2 SPECIAL ORDER.jpg,CS-BA-2 SPECIAL ORDER.jpg,,Crystal & Glass
Made To Order (Special Order)/Crystal And Glass/CS,CS-B05 SPECIAL ORDER.JPG,CS-B05 SPECIAL ORDER.JPG,,Crystal & Glass
Made To Order (Special Order)/Crystal And Glass/CS,CS-OF.jpg,CS-OF.jpg,,Crystal & Glass
Made To Order (Special Order)/Crystal And Glass/CS,CS-TT (old photo).jpg,CS-TT.jpg,Yes,Crystal & Glass
Made To Order (Special Order)/Crystal And Glass/CS,CS-THUMB Special Order.jpg,CS-THUMB Special Order.jpg,,Crystal & Glass
Made To Order (Special Order)/Crystal And Glass/CS,CS-SH (Clearing Sale).jpg,CS-SH.jpg,Yes,Crystal & Glass
Made To Order (Special Order)/Crystal And Glass/CS,CS-611-17 SPECIAL ORDER.JPG,CS-611-17 SPECIAL ORDER.JPG,,Crystal & Glass
Made To Order (Special Order)/Crystal And Glass/CS,CS-D6 (Clearing Sale).jpg,CS-D6.jpg,Yes,Crystal & Glass
Made To Order (Special Order)/Crystal And Glass/CS,CS-GR06.JPG,CS-GR06.JPG,,Crystal & Glass
Made To Order (Special Order)/Crystal And Glass/CS,CS-DR-1.jpg,CS-DR-1.jpg,,Crystal & Glass
Made To Order (Special Order)/Crystal And Glass/CS,CS-KF-3.jpg,CS-KF-3.jpg,,Crystal & Glass
Made To Order (Special Order)/Crystal And Glass/CS,CS-H3 SPECIAL ORDER.JPG,CS-H3 SPECIAL ORDER.JPG,,Crystal & Glass
Made To Order (Special Order)/Crystal And Glass/CS,CS-J-8B.jpg,CS-J-8B.jpg,,Crystal & Glass
Made To Order (Special Order)/Crystal And Glass/CS,CS-HJ-3 special order.jpg,CS-HJ-3 special order.jpg,,Crystal & Glass
Made To Order (Special Order)/Crystal And Glass/CS,CS-611-11 SPECIAL ORDER.JPG,CS-611-11 SPECIAL ORDER.JPG,,Crystal & Glass
Made To Order (Special Order)/Crystal And Glass/CS,CS-KF-2.jpg,CS-KF-2.jpg,,Crystal & Glass
Made To Order (Special Order)/Crystal And Glass/CS,CS-QA-1 (original).jpg,CS-QA-1.jpg,Yes,Crystal & Glass
Made To Order (Special Order)/Crystal And Glass/CS,CS-GR05.JPG,CS-GR05.JPG,,Crystal & Glass
Made To Order (Special Order)/Crystal And Glass/CS,CS-H-40.jpg,CS-H-40.jpg,,Crystal & Glass
Made To Order (Special Order)/Crystal And Glass/CS,CS-PRI-04.jpg,CS-PRI-04.jpg,,Crystal & Glass
Made To Order (Special Order)/Crystal And Glass/CS,CS-SG-600 (original).jpg,CS-SG-600.jpg,Yes,Crystal & Glass
Made To Order (Special Order)/Crystal And Glass/CS,CS-QA-1S (small).jpg,CS-QA-1S.jpg,Yes,Crystal & Glass
Made To Order (Special Order)/Crystal And Glass/CS,CS-611-20 SPECIAL ORDER.JPG,CS-611-20 SPECIAL ORDER.JPG,,Crystal & Glass
Made To Order (Special Order)/Crystal And Glass/CS,CS-TT01 (Discontinued).jpg,CS-TT01.jpg,Yes,Crystal & Glass
Made To Order (Special Order)/Crystal And Glass/CS,CS-BA-1 SPECIAL ORDER.jpg,CS-BA-1 SPECIAL ORDER.jpg,,Crystal & Glass
Made To Order (Special Order)/Crystal And Glass/CS,CS-KF-1.jpg,CS-KF-1.jpg,,Crystal & Glass
Made To Order (Special Order)/Crystal And Glass/CS,CS-KF-5.jpg,CS-KF-5.jpg,,Crystal & Glass
Made To Order (Special Order)/Crystal And Glass/CS,CS-PAN (Discontinued).jpg,CS-PAN.jpg,Yes,Crystal & Glass
Made To Order (Special Order)/Crystal And Glass/CS,CS-TT02 (Discontinued).jpg,CS-TT02.jpg,Yes,Crystal & Glass
Made To Order (Special Order)/Crystal And Glass/CS,CS-B150 SPECIAL ORDER.JPG,CS-B150 SPECIAL ORDER.JPG,,Crystal & Glass
Made To Order (Special Order)/Crystal And Glass/CS,CS-H28 SPECIAL ORDER.JPG,CS-H28 SPECIAL ORDER.JPG,,Crystal & Glass
Made To Order (Special Order)/Crystal And Glass/CS,CS-KH41-S.JPG,CS-KH41-S.JPG,,Crystal & Glass
Made To Order (Special Order)/Crystal And Glass/CS,CS-E2 SPECIAL ORDER.JPG,CS-E2 SPECIAL ORDER.JPG,,Crystal & Glass
Made To Order (Special Order)/Crystal And Glass/CS,CS-SS6 SPECIAL ORDER.JPG,CS-SS6 SPECIAL ORDER.JPG,,Crystal & Glass
Made To Order (Special Order)/Crystal And Glass/CS,CS-KH393 SPECIAL ORDER.JPG,CS-KH393 SPECIAL ORDER.JPG,,Crystal & Glass
Made To Order (Special Order)/Crystal And Glass/CS,CS-611-10 SPECIAL ORDER.JPG,CS-611-10 SPECIAL ORDER.JPG,,Crystal & Glass
Made To Order (Special Order)/Crystal And Glass/CS,CS-SH.JPG,CS-SH.JPG,,Crystal & Glass
Made To Order (Special Order)/Crystal And Glass/CS,CS-KF-4.jpg,CS-KF-4.jpg,,Crystal & Glass
Made To Order (Special Order)/Crystal And Glass/CS,CS-KF-6.jpg,CS-KF-6.jpg,,Crystal & Glass
Made To Order (Special Order)/Crystal And Glass/CS,CS-DR-213.jpg,CS-DR-213.jpg,,Crystal & Glass
Made To Order (Special Order)/Crystal And Glass/CS,CS-021-2 (out of stock).jpg,CS-021-2.jpg,Yes,Crystal & Glass
Made To Order (Special Order)/Crystal And Glass/CS,CS-LOVE SPECIAL ORDER.JPG,CS-LOVE SPECIAL ORDER.JPG,,Crystal & Glass
Made To Order (Special Order)/Crystal And Glass/CS,CS-021-1 (Sold out).jpg,CS-021-1.jpg,Yes,Crystal & Glass
Made To Order (Special Order)/Crystal And Glass/CS,CS-E56C.JPG,CS-E56C.JPG,,Crystal & Glass
Made To Order (Special Order)/Crystal And Glass/CS,CS-D345 special order.jpg,CS-D345 special order.jpg,,Crystal & Glass
Made To Order (Special Order)/Crystal And Glass/CS,CS-611-9.JPG,CS-611-9.JPG,,Crystal & Glass
Made To Order (Special Order)/Crystal And Glass/CS,CS-J-68B.jpg,CS-J-68B.jpg,,Crystal & Glass
Made To Order (Special Order)/Crystal And Glass/CS,CS-DR-212.jpg,CS-DR-212.jpg,,Crystal & Glass
Made To Order (Special Order)/Crystal And Glass/CS,CS-A03 PROMO 2016 & SPECIAL ORDER.JPG,CS-A03 PROMO 2016 & SPECIAL ORDER.JPG,,Crystal & Glass
Made To Order (Special Order)/Crystal And Glass/XY,XY-42-S.jpg,XY-42-S.jpg,,Crystal & Glass
Made To Order (Special Order)/Crystal And Glass/XY,XY-24.jpg,XY-24.jpg,,Crystal & Glass
Made To Order (Special Order)/Crystal And Glass/XY,XY-DE3412.jpg,XY-DE3412.jpg,,Crystal & Glass
Made To Order (Special Order)/Crystal And Glass/XY,XY-33 Special Order.jpg,XY-33 Special Order.jpg,,Crystal & Glass
Made To Order (Special Order)/Crystal And Glass/XY,XY-25.jpg,XY-25.jpg,,Crystal & Glass
Made To Order (Special Order)/Crystal And Glass/XY,XY-27.jpg,XY-27.jpg,,Crystal & Glass
Made To Order (Special Order)/Crystal And Glass/XY,XY-135025.jpg,XY-135025.jpg,,Crystal & Glass
Made To Order (Special Order)/Crystal And Glass/XY,XY-158035.jpg,XY-158035.jpg,,Crystal & Glass
Made To Order (Special Order)/Crystal And Glass/XY,XY-26.jpg,XY-26.jpg,,Crystal & Glass
Made To Order (Special Order)/Crystal And Glass/XY,XY-51-L.jpg,XY-51-L.jpg,,Crystal & Glass
Made To Order (Special Order)/Crystal And Glass/XY,XY-QLA40W.jpg,XY-QLA40W.jpg,,Crystal & Glass
Made To Order (Special Order)/Crystal And Glass/XY,XY-IG6636 80_ Discount.jpg,XY-IG6636 80_ Discount.jpg,,Crystal & Glass
Made To Order (Special Order)/Crystal And Glass/XY,XY-137030.jpg,XY-137030.jpg,,Crystal & Glass
Made To Order (Special Order)/Crystal And Glass/XY,XY-68-M.jpg,XY-68-M.jpg,,Crystal & Glass
Made To Order (Special Order)/Crystal And Glass/XY,XY-IG321669 80_ Discount.jpg,XY-IG321669 80_ Discount.jpg,,Crystal & Glass
Made To Order (Special Order)/Crystal And Glass/XY,XY-20.jpg,XY-20.jpg,,Crystal & Glass
Made To Order (Special Order)/Crystal And Glass/XY,XY-19 SPECIAL ORDER.jpg,XY-19 SPECIAL ORDER.jpg,,Crystal & Glass
Made To Order (Special Order)/Crystal And Glass/XY,XY-47.jpg,XY-47.jpg,,Crystal & Glass
Made To Order (Special Order)/Crystal And Glass/XY,XY-53.jpg,XY-53.jpg,,Crystal & Glass
Made To Order (Special Order)/Crystal And Glass/XY,XY-65-S.jpg,XY-65-S.jpg,,Crystal & Glass
Made To Order (Special Order)/Crystal And Glass/XY,XY-158040.jpg,XY-158040.jpg,,Crystal & Glass
Made To Order (Special Order)/Crystal And Glass/XY,XY-41-S.jpg,XY-41-S.jpg,,Crystal & Glass
Made To Order (Special Order)/Crystal And Glass/XY,XY-IA6634 80_ Discount.jpg,XY-IA6634 80_ Discount.jpg,,Crystal & Glass
Made To Order (Special Order)/Crystal And Glass/XY,XY-52.jpg,XY-52.jpg,,Crystal & Glass
Made To Order (Special Order)/Crystal And Glass/XY,XY-Y4017 80_ Discount.jpg,XY-Y4017 80_ Discount.jpg,,Crystal & Glass
Made To Order (Special Order)/Crystal And Glass/XY,XY-101040.jpg,XY-101040.jpg,,Crystal & Glass
Made To Order (Special Order)/Crystal And Glass/XY,XY-206030.jpg,XY-206030.jpg,,Crystal & Glass
Made To Order (Special Order)/Crystal And Glass/XY,XY-50.jpg,XY-50.jpg,,Crystal & Glass
Made To Order (Special Order)/Crystal And Glass/XY,XY-34 SPECIAL ORDER.jpg,XY-34 SPECIAL ORDER.jpg,,Crystal & Glass
Made To Order (Special Order)/Crystal And Glass/XY,XY-06-S.jpg,XY-06-S.jpg,,Crystal & Glass
Made To Order (Special Order)/Crystal And Glass/XY,XY-28 Special Order.jpg,XY-28 Special Order.jpg,,Crystal & Glass
Made To Order (Special Order)/Crystal And Glass/XY,XY-45.jpg,XY-45.jpg,,Crystal & Glass
Made To Order (Special Order)/Crystal And Glass/XY,XY-51.jpg,XY-51.jpg,,Crystal & Glass
Made To Order (Special Order)/Crystal And Glass/XY,XY-18 SPECIAL ORDER.jpg,XY-18 SPECIAL ORDER.jpg,,Crystal & Glass
Made To Order (Special Order)/Crystal And Glass/XY,XY-55.jpg,XY-55.jpg,,Crystal & Glass
Made To Order (Special Order)/Crystal And Glass/XY,XY-69.jpg,XY-69.jpg,,Crystal & Glass
Made To Order (Special Order)/Crystal And Glass/XY,XY-IG58637 80_ Discount.jpg,XY-IG58637 80_ Discount.jpg,,Crystal & Glass
Made To Order (Special Order)/Crystal And Glass/XY,XY-54.jpg,XY-54.jpg,,Crystal & Glass
Made To Order (Special Order)/Crystal And Glass/XY,XY-26 (Blue).jpg,XY-26-1.jpg,Yes,Crystal & Glass
Made To Order (Special Order)/Crystal And Glass/XY,XY-56.jpg,XY-56.jpg,,Crystal & Glass
Made To Order (Special Order)/Crystal And Glass/XY,XY-35 SPECIAL ORDER.jpg,XY-35 SPECIAL ORDER.jpg,,Crystal & Glass
Made To Order (Special Order)/Crystal And Glass/XY,XY-119030.jpg,XY-119030.jpg,,Crystal & Glass
Made To Order (Special Order)/Crystal And Glass/XY,XY-29 Special Order.jpg,XY-29 Special Order.jpg,,Crystal & Glass
Made To Order (Special Order)/Crystal And Glass/XY,XY-54-M.jpg,XY-54-M.jpg,,Crystal & Glass
Made To Order (Special Order)/Crystal And Glass/XY,XY-QG3077 80_ Discount.jpg,XY-QG3077 80_ Discount.jpg,,Crystal & Glass
Made To Order (Special Order)/Crystal And Glass/XY,XY-H-01.jpg,XY-H-01.jpg,,Crystal & Glass
Made To Order (Special Order)/Crystal And Glass/XY,XY-73.jpg,XY-73.jpg,,Crystal & Glass
Made To Order (Special Order)/Crystal And Glass/XY,XY-59.jpg,XY-59.jpg,,Crystal & Glass
Made To Order (Special Order)/Crystal And Glass/XY,XY-H-02.jpg,XY-H-02.jpg,,Crystal & Glass
Made To Order (Special Order)/Crystal And Glass/XY,XY-71.jpg,XY-71.jpg,,Crystal & Glass
Made To Order (Special Order)/Crystal And Glass/XY,XY-QG3077 SPECIAL ORDER.jpg,XY-QG3077 SPECIAL ORDER.jpg,,Crystal & Glass
Made To Order (Special Order)/Crystal And Glass/XY,XY-40 (Water marks).jpg,XY-40.jpg,Yes,Crystal & Glass
Made To Order (Special Order)/Crystal And Glass/XY,XY-H-03.jpg,XY-H-03.jpg,,Crystal & Glass
Made To Order (Special Order)/Crystal And Glass/XY,XY-70.jpg,XY-70.jpg,,Crystal & Glass
Made To Order (Special Order)/Crystal And Glass/XY,XY-58.jpg,XY-58.jpg,,Crystal & Glass
Made To Order (Special Order)/Crystal And Glass/XY,XY-60.jpg,XY-60.jpg,,Crystal & Glass
Made To Order (Special Order)/Crystal And Glass/XY,XY-48.jpg,XY-48.jpg,,Crystal & Glass
Made To Order (Special Order)/Crystal And Glass/XY,XY-15 SPECIAL ORDER.jpg,XY-15 SPECIAL ORDER.jpg,,Crystal & Glass
Made To Order (Special Order)/Crystal And Glass/XY,XY-49.jpg,XY-49.jpg,,Crystal & Glass
Made To Order (Special Order)/Crystal And Glass/XY,XY-61.jpg,XY-61.jpg,,Crystal & Glass
Made To Order (Special Order)/Crystal And Glass/XY,XY-21 SPECIAL ORDER.jpg,XY-21 SPECIAL ORDER.jpg,,Crystal & Glass
Made To Order (Special Order)/Crystal And Glass/XY,XY-21-L (Sold).jpg,XY-21-L.jpg,Yes,Crystal & Glass
Made To Order (Special Order)/Crystal And Glass/XY,XY-35-S.jpg,XY-35-S.jpg,,Crystal & Glass
Made To Order (Special Order)/Crystal And Glass/XY,XY-8830.jpg,XY-8830.jpg,,Crystal & Glass
Made To Order (Special Order)/Crystal And Glass/XY,XY-H-04.jpg,XY-H-04.jpg,,Crystal & Glass
Made To Order (Special Order)/Crystal And Glass/XY,XY-08-S.jpg,XY-08-S.jpg,,Crystal & Glass
Made To Order (Special Order)/Crystal And Glass/XY,XY-H-05.jpg,XY-H-05.jpg,,Crystal & Glass
Made To Order (Special Order)/Crystal And Glass/XY,XY-62.jpg,XY-62.jpg,,Crystal & Glass
Made To Order (Special Order)/Crystal And Glass/XY,XY-QG3088 SPECIAL ORDER.jpg,XY-QG3088 SPECIAL ORDER.jpg,,Crystal & Glass
Made To Order (Special Order)/Crystal And Glass/XY,XY-16 SPECIAL ORDER.jpg,XY-16 SPECIAL ORDER.jpg,,Crystal & Glass
Made To Order (Special Order)/Crystal And Glass/XY,XY-Y4017 SPECIAL ORDER.jpg,XY-Y4017 SPECIAL ORDER.jpg,,Crystal & Glass
Made To Order (Special Order)/Crystal And Glass/XY,XY-10.JPG,XY-10.JPG,,Crystal & Glass
Made To Order (Special Order)/Crystal And Glass/XY,XY-64-M.jpg,XY-64-M.jpg,,Crystal & Glass
Made To Order (Special Order)/Crystal And Glass/XY,XY-12.jpg,XY-12.jpg,,Crystal & Glass
Made To Order (Special Order)/Crystal And Glass/XY,XY-37 (scratches).jpg,XY-37.jpg,Yes,Crystal & Glass
Made To Order (Special Order)/Crystal And Glass/XY,XY-YGA15486 80_ Discount.jpg,XY-YGA15486 80_ Discount.jpg,,Crystal & Glass
Made To Order (Special Order)/Crystal And Glass/XY,XY-13.JPG,XY-13.JPG,,Crystal & Glass
Made To Order (Special Order)/Crystal And Glass/XY,XY-02.jpg,XY-02.jpg,,Crystal & Glass
Made To Order (Special Order)/Crystal And Glass/XY,XY-63 (Sold out).jpg,XY-63.jpg,Yes,Crystal & Glass
Made To Order (Special Order)/Images,JT-558 Gifts 80_ discount.jpg,JT-558 Gifts 80_ discount.jpg,,Others
Made To Order (Special Order)/Images,JT-5515 Gifts 80_ discount.jpg,JT-5515 Gifts 80_ discount.jpg,,Others
Made To Order (Special Order)/Images,LD-61.JPG,LD-61.JPG,,Others
Made To Order (Special Order)/Images,JT-5515 Gifts 80_ discount - Copy.jpg,JT-5515 Gifts 80_ discount - Copy.jpg,,Others
Made To Order (Special Order)/Images,JT-446 Gifts 80_ discount.jpg,JT-446 Gifts 80_ discount.jpg,,Others
Made To Order (Special Order)/Images,JT-558 Gifts 80_ discount - Copy.jpg,JT-558 Gifts 80_ discount - Copy.jpg,,Others
Made To Order (Special Order)/Images,JT-OM12 50_ Discount.jpg,JT-OM12 50_ Discount.jpg,,Others
Made To Order (Special Order)/Images/IMG,IMG-A0638 & A0638-1 80_ Discount.jpg,IMG-A0638 & A0638-1 80_ Discount.jpg,,Others
Made To Order (Special Order)/Images/IMG,IMG-A0685 - A0688 80_ Discount.jpg,IMG-A0685 - A0688 80_ Discount.jpg,,Others
Made To Order (Special Order)/Images/IMG,IMG-A0604 80_ Discount.jpg,IMG-A0604 80_ Discount.jpg,,Others
Made To Order (Special Order)/Images/IMG,IMG-D20 50_ Discount.jpg,IMG-D20 50_ Discount.jpg,,Others
Made To Order (Special Order)/Images/IMG,IMG-E02 80_ Discount.jpg,IMG-E02 80_ Discount.jpg,,Others
Made To Order (Special Order)/Images/IMG,IMG-P12 Mary & Jesus 80_ Discount.jpg,IMG-P12 Mary & Jesus 80_ Discount.jpg,,Others
Made To Order (Special Order)/Images/IMG,IMG-A0339 80_ Discount.jpg,IMG-A0339 80_ Discount.jpg,,Others
Made To Order (Special Order)/Images/IMG,IMG-P7 & IMG-P12 80_ Discount.jpg,IMG-P7 & IMG-P12 80_ Discount.jpg,,Others
Made To Order (Special Order)/Images/IMG,IMG-A0483 80_ Discount.jpg,IMG-A0483 80_ Discount.jpg,,Others
Made To Order (Special Order)/Images/IMG,IMG-T01 80_ discount.jpg,IMG-T01 80_ discount.jpg,,Others
Made To Order (Special Order)/Metal And Plastic,RS-2112 Rotating stands 50_ Discounted.jpg,RS-2112 Rotating stands 50_ Discounted.jpg,,Metal & Plastic
Made To Order (Special Order)/Metal And Plastic,RS-2112.jpg,RS-2112.jpg,,Metal & Plastic
Made To Order (Special Order)/Metal And Plastic,CAM-DT01.jpg,CAM-DT01.jpg,,Metal & Plastic
Made To Order (Special Order)/Metal And Plastic/ZJ,ZJ-DIY19 Special Order.jpg,ZJ-DIY19 Special Order.jpg,,Metal & Plastic
Made To Order (Special Order)/Metal And Plastic/ZJ,ZJ-PB885-R.jpg,ZJ-PB885-R.jpg,,Metal & Plastic
Made To Order (Special Order)/Metal And Plastic/ZJ,ZJ-DIY05 Special Order.jpg,ZJ-DIY05 Special Order.jpg,,Metal & Plastic
Made To Order (Special Order)/Metal And Plastic/ZJ,ZJ-32 PROMO SEP 2016 SPECIAL ORDER.jpg,ZJ-32 PROMO SEP 2016 SPECIAL ORDER.jpg,,Metal & Plastic
Made To Order (Special Order)/Metal And Plastic/ZJ,ZJ-7018-C.jpg,ZJ-7018-C.jpg,,Metal & Plastic
Made To Order (Special Order)/Metal And Plastic/ZJ,ZJ-4150-1C.jpg,ZJ-4150-1C.jpg,,Metal & Plastic
Made To Order (Special Order)/Metal And Plastic/ZJ,ZJ-DIY18 Special Order.jpg,ZJ-DIY18 Special Order.jpg,,Metal & Plastic
Made To Order (Special Order)/Metal And Plastic/ZJ,ZJ-2029D.jpg,ZJ-2029D.jpg,,Metal & Plastic
Made To Order (Special Order)/Metal And Plastic/ZJ,ZJ-905 plastic cup.jpg,ZJ-905 plastic cup.jpg,,Metal & Plastic
Made To Order (Special Order)/Metal And Plastic/ZJ,ZJ-PB885-B.jpg,ZJ-PB885-B.jpg,,Metal & Plastic
Made To Order (Special Order)/Metal And Plastic/ZJ,ZJ-HG (special order).jpg,ZJ-HG.jpg,Yes,Metal & Plastic
Made To Order (Special Order)/Metal And Plastic/ZJ,ZJ-11 SPECIAL ORDER.jpg,ZJ-11 SPECIAL ORDER.jpg,,Metal & Plastic
Made To Order (Special Order)/Metal And Plastic/ZJ,ZJ-DIY15.jpg,ZJ-DIY15.jpg,,Metal & Plastic
Made To Order (Special Order)/Metal And Plastic/ZJ,ZJ-DIY01.jpg,ZJ-DIY01.jpg,,Metal & Plastic
Made To Order (Special Order)/Metal And Plastic/ZJ,"ZJ-7018-B,R,G.jpg","ZJ-7018-B,R,G.jpg",,Metal & Plastic
Made To Order (Special Order)/Metal And Plastic/ZJ,ZJ-DIY02.jpg,ZJ-DIY02.jpg,,Metal & Plastic
Made To Order (Special Order)/Metal And Plastic/ZJ,ZJ-DIY16.jpg,ZJ-DIY16.jpg,,Metal & Plastic
Made To Order (Special Order)/Metal And Plastic/ZJ,ZJ-2097C.jpg,ZJ-2097C.jpg,,Metal & Plastic
Made To Order (Special Order)/Metal And Plastic/ZJ,ZJ-7001C.jpg,ZJ-7001C.jpg,,Metal & Plastic
Made To Order (Special Order)/Metal And Plastic/ZJ,ZJ-DIY07.jpg,ZJ-DIY07.jpg,,Metal & Plastic
Made To Order (Special Order)/Metal And Plastic/ZJ,ZJ-DIY06 Special Order.jpg,ZJ-DIY06 Special Order.jpg,,Metal & Plastic
Made To Order (Special Order)/Metal And Plastic/ZJ,ZJ-2039D.jpg,ZJ-2039D.jpg,,Metal & Plastic
Made To Order (Special Order)/Metal And Plastic/ZJ,ZJ-007C.jpg,ZJ-007C.jpg,,Metal & Plastic
Made To Order (Special Order)/Metal And Plastic/ZJ,ZJ-13 SPECIAL ORDER.jpg,ZJ-13 SPECIAL ORDER.jpg,,Metal & Plastic
Made To Order (Special Order)/Metal And Plastic/ZJ,ZJ-DIY21.jpg,ZJ-DIY21.jpg,,Metal & Plastic
Made To Order (Special Order)/Metal And Plastic/ZJ,ZJ-4004C.jpg,ZJ-4004C.jpg,,Metal & Plastic
Made To Order (Special Order)/Metal And Plastic/ZJ,ZJ-192.jpg,ZJ-192.jpg,,Metal & Plastic
Made To Order (Special Order)/Metal And Plastic/ZJ,ZJ-WB02 SPECIAL ORDER.jpg,ZJ-WB02 SPECIAL ORDER.jpg,,Metal & Plastic
Made To Order (Special Order)/Metal And Plastic/ZJ,ZJ-DIY25.jpg,ZJ-DIY25.jpg,,Metal & Plastic
Made To Order (Special Order)/Metal And Plastic/ZJ,ZJ-2020C.jpg,ZJ-2020C.jpg,,Metal & Plastic
Made To Order (Special Order)/Metal And Plastic/ZJ,ZJ-2098C.jpg,ZJ-2098C.jpg,,Metal & Plastic
Made To Order (Special Order)/Metal And Plastic/ZJ,ZJ-7004C.jpg,ZJ-7004C.jpg,,Metal & Plastic
Made To Order (Special Order)/Metal And Plastic/ZJ,ZJ-DIY08 Special Order.jpg,ZJ-DIY08 Special Order.jpg,,Metal & Plastic
Made To Order (Special Order)/Metal And Plastic/ZJ,ZJ-WB01 SPECIAL ORDER.jpg,ZJ-WB01 SPECIAL ORDER.jpg,,Metal & Plastic
Made To Order (Special Order)/Metal And Plastic/ZJ,ZJ-DIY20 Special Order.jpg,ZJ-DIY20 Special Order.jpg,,Metal & Plastic
Made To Order (Special Order)/Metal And Plastic/ZJ,ZJ-35 SPECIAL ORDER.jpg,ZJ-35 SPECIAL ORDER.jpg,,Metal & Plastic
Made To Order (Special Order)/Metal And Plastic/ZJ,ZJ-16729-S.jpg,ZJ-16729-S.jpg,,Metal & Plastic
Made To Order (Special Order)/Metal And Plastic/ZJ,ZJ-4003B.jpg,ZJ-4003B.jpg,,Metal & Plastic
Made To Order (Special Order)/Metal And Plastic/ZJ,ZJ-2051C.jpg,ZJ-2051C.jpg,,Metal & Plastic
Made To Order (Special Order)/Metal And Plastic/ZJ,ZJ-DIY10 Special Order.jpg,ZJ-DIY10 Special Order.jpg,,Metal & Plastic
Made To Order (Special Order)/Metal And Plastic/ZJ,ZJ-DIY24 Special Order.jpg,ZJ-DIY24 Special Order.jpg,,Metal & Plastic
Made To Order (Special Order)/Metal And Plastic/ZY,ZY-273.jpg,ZY-273.jpg,,Metal & Plastic
Made To Order (Special Order)/Metal And Plastic/ZY,ZY-266.jpg,ZY-266.jpg,,Metal & Plastic
Made To Order (Special Order)/Metal And Plastic/ZY,ZY-258.jpg,ZY-258.jpg,,Metal & Plastic
Made To Order (Special Order)/Metal And Plastic/JH,JH-19374.jpg,JH-19374.jpg,,Metal & Plastic
Made To Order (Special Order)/Metal And Plastic/JH,JH-19375.jpg,JH-19375.jpg,,Metal & Plastic
Made To Order (Special Order)/Metal And Plastic/JH,JH-19375 (old photo).jpg,JH-19375-1.jpg,Yes,Metal & Plastic
Made To Order (Special Order)/Metal And Plastic/CR,CR-SL134 (old photo).jpg,CR-SL134.jpg,Yes,Metal & Plastic
Made To Order (Special Order)/Metal And Plastic/CR,CR-P32.jpg,CR-P32.jpg,,Metal & Plastic
Made To Order (Special Order)/Metal And Plastic/CR,CR-SL048-3.jpg,CR-SL048-3.jpg,,Metal & Plastic
Made To Order (Special Order)/Metal And Plastic/CR,CR-SL101.jpg,CR-SL101.jpg,,Metal & Plastic
Made To Order (Special Order)/Metal And Plastic/CR,CR-SL048-2.jpg,CR-SL048-2.jpg,,Metal & Plastic
Made To Order (Special Order)/Metal And Plastic/CR,CR-SL062.jpg,CR-SL062.jpg,,Metal & Plastic
Made To Order (Special Order)/Metal And Plastic/CR,CR-SL048 (old photo).jpg,CR-SL048.jpg,Yes,Metal & Plastic
Made To Order (Special Order)/Metal And Plastic/CR,CR-SL138.jpg,CR-SL138.jpg,,Metal & Plastic
Made To Order (Special Order)/Metal And Plastic/CR,CR-SL138 (old photo).jpg,CR-SL138-1.jpg,Yes,Metal & Plastic
Made To Order (Special Order)/Metal And Plastic/CR,CR-SL130.jpg,CR-SL130.jpg,,Metal & Plastic
Made To Order (Special Order)/Metal And Plastic/CR,CR-SL125.jpg,CR-SL125.jpg,,Metal & Plastic
Made To Order (Special Order)/Metal And Plastic/CR,CR-SL144.jpg,CR-SL144.jpg,,Metal & Plastic
Made To Order (Special Order)/Metal And Plastic/CR,CR-SL025.jpg,CR-SL025.jpg,,Metal & Plastic
Made To Order (Special Order)/Metal And Plastic/CR,CR-SL027.jpg,CR-SL027.jpg,,Metal & Plastic
Made To Order (Special Order)/Metal And Plastic/CR,CR-SL144 (old photo).jpg,CR-SL144-1.jpg,Yes,Metal & Plastic
Made To Order (Special Order)/Metal And Plastic/HH,HH-MS109-B.jpg,HH-MS109-B.jpg,,Metal & Plastic
Made To Order (Special Order)/Metal And Plastic/HH,HH-3004 SPECIAL ORDER.JPG,HH-3004 SPECIAL ORDER.JPG,,Metal & Plastic
Made To Order (Special Order)/Metal And Plastic/HH,HH-7390-4G Special Order.jpg,HH-7390-4G Special Order.jpg,,Metal & Plastic
Made To Order (Special Order)/Metal And Plastic/HH,HH-F160-B.jpg,HH-F160-B.jpg,,Metal & Plastic
Made To Order (Special Order)/Metal And Plastic/HH,HH-R001-B.JPG,HH-R001-B.JPG,,Metal & Plastic
Made To Order (Special Order)/Metal And Plastic/HH,HH-MS123 (Holder Only).jpg,HH-MS123.jpg,Yes,Metal & Plastic
Made To Order (Special Order)/Metal And Plastic/HH,HH-203 Special Order.jpg,HH-203 Special Order.jpg,,Metal & Plastic
Made To Order (Special Order)/Metal And Plastic/HH,HH-MR01.jpg,HH-MR01.jpg,,Metal & Plastic
Made To Order (Special Order)/Metal And Plastic/HH,HH-B3001-3.jpg,HH-B3001-3.jpg,,Metal & Plastic
Made To Order (Special Order)/Metal And Plastic/HH,HH-J5002.jpg,HH-J5002.jpg,,Metal & Plastic
Made To Order (Special Order)/Metal And Plastic/HH,HH-HQ156C PROMO SEP 2016.jpg,HH-HQ156C PROMO SEP 2016.jpg,,Metal & Plastic
Made To Order (Special Order)/Metal And Plastic/HH,HH-F163-B.jpg,HH-F163-B.jpg,,Metal & Plastic
Made To Order (Special Order)/Metal And Plastic/HH,HH-R018.jpg,HH-R018.jpg,,Metal & Plastic
Made To Order (Special Order)/Metal And Plastic/HH,HH-MS109 (Holder Only).jpg,HH-MS109.jpg,Yes,Metal & Plastic
Made To Order (Special Order)/Metal And Plastic/HH,HH-DIY01.jpg,HH-DIY01.jpg,,Metal & Plastic
Made To Order (Special Order)/Metal And Plastic/HH,HH-R019.jpg,HH-R019.jpg,,Metal & Plastic
Made To Order (Special Order)/Metal And Plastic/HH,HH-4003.jpg,HH-4003.jpg,,Metal & Plastic
Made To Order (Special Order)/Metal And Plastic/HH,HH-R014.jpg,HH-R014.jpg,,Metal & Plastic
Made To Order (Special Order)/Metal And Plastic/HH,HH-7390-5G.JPG,HH-7390-5G.JPG,,Metal & Plastic
Made To Order (Special Order)/Metal And Plastic/HH,HH-0106.JPG,HH-0106.JPG,,Metal & Plastic
Made To Order (Special Order)/Metal And Plastic/HH,HH-R017.jpg,HH-R017.jpg,,Metal & Plastic
Made To Order (Special Order)/Metal And Plastic/HH,HH-0104.JPG,HH-0104.JPG,,Metal & Plastic
Made To Order (Special Order)/Metal And Plastic/HH,HH-2210 SPECIAL ORDER.JPG,HH-2210 SPECIAL ORDER.JPG,,Metal & Plastic
Made To Order (Special Order)/Metal And Plastic/HH,HH-F160 (Holder Only).jpg,HH-F160.jpg,Yes,Metal & Plastic
Made To Order (Special Order)/Metal And Plastic/HH,HH-122A.JPG,HH-122A.JPG,,Metal & Plastic
Made To Order (Special Order)/Metal And Plastic/HH,HH-CH417 SPECIAL ORDER.JPG,HH-CH417 SPECIAL ORDER.JPG,,Metal & Plastic
Made To Order (Special Order)/Metal And Plastic/HH,HH-19444.jpg,HH-19444.jpg,,Metal & Plastic
Made To Order (Special Order)/Metal And Plastic/HH,HH-4001.jpg,HH-4001.jpg,,Metal & Plastic
Made To Order (Special Order)/Metal And Plastic/HH,HH-R012.jpg,HH-R012.jpg,,Metal & Plastic
Made To Order (Special Order)/Metal And Plastic/HH,HH-8005.jpg,HH-8005.jpg,,Metal & Plastic
Made To Order (Special Order)/Metal And Plastic/HH,HH-19441.jpg,HH-19441.jpg,,Metal & Plastic
Made To Order (Special Order)/Metal And Plastic/HH,HH-R013.jpg,HH-R013.jpg,,Metal & Plastic
Made To Order (Special Order)/Metal And Plastic/HH,HH-R005.jpg,HH-R005.jpg,,Metal & Plastic
Made To Order (Special Order)/Metal And Plastic/HH,HH-19443.jpg,HH-19443.jpg,,Metal & Plastic
Made To Order (Special Order)/Metal And Plastic/HH,HH-19442.jpg,HH-19442.jpg,,Metal & Plastic
Made To Order (Special Order)/Metal And Plastic/HH,HH-F153 (Holder Only).jpg,HH-F153.jpg,Yes,Metal & Plastic
Made To Order (Special Order)/Metal And Plastic/HH,HH-MS123-R.jpg,HH-MS123-R.jpg,,Metal & Plastic
Made To Order (Special Order)/Metal And Plastic/HH,HH-147D Special Order.jpg,HH-147D Special Order.jpg,,Metal & Plastic
Made To Order (Special Order)/Metal And Plastic/HH,HH-5020.JPG,HH-5020.JPG,,Metal & Plastic
Made To Order (Special Order)/Metal And Plastic/HH,HH-5V09 Special Order.jpg,HH-5V09 Special Order.jpg,,Metal & Plastic
Made To Order (Special Order)/Metal And Plastic/HH,HH-5005 Special Order.jpg,HH-5005 Special Order.jpg,,Metal & Plastic
Made To Order (Special Order)/Metal And Plastic/HH,HH-0204 SPECIAL ORDER.JPG,HH-0204 SPECIAL ORDER.JPG,,Metal & Plastic
Made To Order (Special Order)/Metal And Plastic/HH,HH-19436.jpg,HH-19436.jpg,,Metal & Plastic
Made To Order (Special Order)/Metal And Plastic/HH,HH-F153-R.jpg,HH-F153-R.jpg,,Metal & Plastic
Made To Order (Special Order)/Metal And Plastic/JL,JL-906 SPECIAL ORDER.JPG,JL-906 SPECIAL ORDER.JPG,,Metal & Plastic
Made To Order (Special Order)/Metal And Plastic/JL,JL-YK015 PROMO SEP 2016.jpg,JL-YK015 PROMO SEP 2016.jpg,,Metal & Plastic
Made To Order (Special Order)/Metal And Plastic/JL,JL-K01.jpg,JL-K01.jpg,,Metal & Plastic
Made To Order (Special Order)/Metal And Plastic/JL,JL-YK170.jpg,JL-YK170.jpg,,Metal & Plastic
Made To Order (Special Order)/Metal And Plastic/JL,JL-YK014.jpg,JL-YK014.jpg,,Metal & Plastic
Made To Order (Special Order)/Metal And Plastic/JL,JL-GL-1 (Original).jpg,JL-GL-1.jpg,Yes,Metal & Plastic
Made To Order (Special Order)/Metal And Plastic/JL,JL-137C.jpg,JL-137C.jpg,,Metal & Plastic
Made To Order (Special Order)/Metal And Plastic/JL,JL-3000 WHILE STOCK LAST.jpg,JL-3000 WHILE STOCK LAST.jpg,,Metal & Plastic
Made To Order (Special Order)/Metal And Plastic/JL,JL-201.jpg,JL-201.jpg,,Metal & Plastic
Made To Order (Special Order)/Metal And Plastic/JL,JL-YK019C.jpg,JL-YK019C.jpg,,Metal & Plastic
Made To Order (Special Order)/Metal And Plastic/JL,JL-SS01.jpg,JL-SS01.jpg,,Metal & Plastic
Made To Order (Special Order)/Metal And Plastic/JL,JL-YK176.jpg,JL-YK176.jpg,,Metal & Plastic
Made To Order (Special Order)/Metal And Plastic/JL,JL-TF0149.jpg,JL-TF0149.jpg,,Metal & Plastic
Made To Order (Special Order)/Metal And Plastic/JL,JL-1310.jpg,JL-1310.jpg,,Metal & Plastic
Made To Order (Special Order)/Metal And Plastic/JL,JL-YK138.jpg,JL-YK138.jpg,,Metal & Plastic
Made To Order (Special Order)/Metal And Plastic/JL,JL-OS-01.jpg,JL-OS-01.jpg,,Metal & Plastic
Made To Order (Special Order)/Metal And Plastic/JL,JL-676.jpg,JL-676.jpg,,Metal & Plastic
Made To Order (Special Order)/Metal And Plastic/JL,JL-K112-C (NZJ).jpg,JL-K112-C.jpg,Yes,Metal & Plastic
Made To Order (Special Order)/Metal And Plastic/JL,JL-157 (Discontinue).jpg,JL-157.jpg,Yes,Metal & Plastic
Made To Order (Special Order)/Metal And Plastic/JL,JL-3045 SPECIAL ORDER.JPG,JL-3045 SPECIAL ORDER.JPG,,Metal & Plastic
Made To Order (Special Order)/Metal And Plastic/JL,JL-CL01.jpg,JL-CL01.jpg,,Metal & Plastic
Made To Order (Special Order)/Metal And Plastic/JL,JL-896.jpg,JL-896.jpg,,Metal & Plastic
Made To Order (Special Order)/Metal And Plastic/JL,JL-K979.JPG,JL-K979.JPG,,Metal & Plastic
Made To Order (Special Order)/Metal And Plastic/JL,JL-T160 SPECIAL ORDER.JPG,JL-T160 SPECIAL ORDER.JPG,,Metal & Plastic
Made To Order (Special Order)/Metal And Plastic/JL,JL-8708 SPECIAL ORDER.JPG,JL-8708 SPECIAL ORDER.JPG,,Metal & Plastic
Made To Order (Special Order)/Metal And Plastic/JL,JL-K978.jpg,JL-K978.jpg,,Metal & Plastic
Made To Order (Special Order)/Metal And Plastic/JL,JL-DIY02.jpg,JL-DIY02.jpg,,Metal & Plastic
Made To Order (Special Order)/Metal And Plastic/JL,JL-2017.jpg,JL-2017.jpg,,Metal & Plastic
Made To Order (Special Order)/Metal And Plastic/JL,JL-866.JPG,JL-866.JPG,,Metal & Plastic
Made To Order (Special Order)/Metal And Plastic/JL,JL-1224 SPECIAL ORDER.JPG,JL-1224 SPECIAL ORDER.JPG,,Metal & Plastic
Made To Order (Special Order)/Metal And Plastic/JL,JL-YK178R (Red).jpg,JL-YK178R.jpg,Yes,Metal & Plastic
Made To Order (Special Order)/Metal And Plastic/JL,JL-DIY01.jpg,JL-DIY01.jpg,,Metal & Plastic
Made To Order (Special Order)/Metal And Plastic/JL,JL-865.jpg,JL-865.jpg,,Metal & Plastic
Made To Order (Special Order)/Metal And Plastic/JL,JL-911.jpg,JL-911.jpg,,Metal & Plastic
Made To Order (Special Order)/Metal And Plastic/JL,JL-136C (Clear).jpg,JL-136C.jpg,Yes,Metal & Plastic
Made To Order (Special Order)/Metal And Plastic/JL,JL-1901.jpg,JL-1901.jpg,,Metal & Plastic
Made To Order (Special Order)/Metal And Plastic/JL,JL-5030.jpg,JL-5030.jpg,,Metal & Plastic
Made To Order (Special Order)/Metal And Plastic/JL,JL-120.JPG,JL-120.JPG,,Metal & Plastic
Made To Order (Special Order)/Metal And Plastic/JL,JL-YK123B.jpg,JL-YK123B.jpg,,Metal & Plastic
Made To Order (Special Order)/Metal And Plastic/JL,JL-135.jpg,JL-135.jpg,,Metal & Plastic
Made To Order (Special Order)/Metal And Plastic/JL,JL-YK178B (Blue).jpg,JL-YK178B.jpg,Yes,Metal & Plastic
Made To Order (Special Order)/Metal And Plastic/JL,JL-788 (Large) (out of stock).jpg,JL-788.jpg,Yes,Metal & Plastic
Made To Order (Special Order)/Metal And Plastic/JL,JL-CY2017.jpg,JL-CY2017.jpg,,Metal & Plastic
Made To Order (Special Order)/Metal And Plastic/JL,JL-YK082.jpg,JL-YK082.jpg,,Metal & Plastic
Made To Order (Special Order)/Metal And Plastic/JL,JL-MB01.jpg,JL-MB01.jpg,,Metal & Plastic
Made To Order (Special Order)/Metal And Plastic/JL,JL-863.JPG,JL-863.JPG,,Metal & Plastic
Made To Order (Special Order)/Metal And Plastic/JL,JL-YK153.jpg,JL-YK153.jpg,,Metal & Plastic
Made To Order (Special Order)/Metal And Plastic/JL,JL-F8953.jpg,JL-F8953.jpg,,Metal & Plastic
Made To Order (Special Order)/Metal And Plastic/JL,JL-YK016A.jpg,JL-YK016A.jpg,,Metal & Plastic
Made To Order (Special Order)/Metal And Plastic/JL,JL-S123.jpg,JL-S123.jpg,,Metal & Plastic
Made To Order (Special Order)/Metal And Plastic/JL,JL-YK037 Special Order.jpg,JL-YK037 Special Order.jpg,,Metal & Plastic
Made To Order (Special Order)/Metal And Plastic/JL,JL-YK057B.jpg,JL-YK057B.jpg,,Metal & Plastic
Made To Order (Special Order)/Metal And Plastic/JL,JL-7895C.jpg,JL-7895C.jpg,,Metal & Plastic
Made To Order (Special Order)/Metal And Plastic/JL,JL-YK155.jpg,JL-YK155.jpg,,Metal & Plastic
Made To Order (Special Order)/Metal And Plastic/JL,JL-3018 SPECIAL ORDER.JPG,JL-3018 SPECIAL ORDER.JPG,,Metal & Plastic
Made To Order (Special Order)/Metal And Plastic/JL,JL-YK020.jpg,JL-YK020.jpg,,Metal & Plastic
Made To Order (Special Order)/Metal And Plastic/JL,JL-YK050 Special Order.jpg,JL-YK050 Special Order.jpg,,Metal & Plastic
Made To Order (Special Order)/Metal And Plastic/JL,JL-K093.jpg,JL-K093.jpg,,Metal & Plastic
Made To Order (Special Order)/Metal And Plastic/JL,JL-X323 PROMO SEP 2016 SPECIAL ORDER.JPG,JL-X323 PROMO SEP 2016 SPECIAL ORDER.JPG,,Metal & Plastic
Made To Order (Special Order)/Metal And Plastic/JL,JL-677R.jpg,JL-677R.jpg,,Metal & Plastic
Made To Order (Special Order)/Metal And Plastic/JL,JL-YK156.jpg,JL-YK156.jpg,,Metal & Plastic
Made To Order (Special Order)/Metal And Plastic/JL,JL-A288 SPECIAL ORDER.JPG,JL-A288 SPECIAL ORDER.JPG,,Metal & Plastic
Made To Order (Special Order)/Metal And Plastic/JL,JL-TS01.jpg,JL-TS01.jpg,,Metal & Plastic
Made To Order (Special Order)/Metal And Plastic/JL,JL-YK125B.jpg,JL-YK125B.jpg,,Metal & Plastic
Made To Order (Special Order)/Metal And Plastic/JL,JL-AN01 SPECIAL ORDER.jpg,JL-AN01 SPECIAL ORDER.jpg,,Metal & Plastic
Made To Order (Special Order)/Metal And Plastic/NZJ,NZJ-029.jpg,NZJ-029.jpg,,Metal & Plastic
Made To Order (Special Order)/Metal And Plastic/NZJ,NZJ-682-180.jpg,NZJ-682-180.jpg,,Metal & Plastic
Made To Order (Special Order)/Metal And Plastic/NZJ,NZJ-X015 (Old Photo).jpg,NZJ-X015.jpg,Yes,Metal & Plastic
Made To Order (Special Order)/Metal And Plastic/NZJ,NZJ-682.jpg,NZJ-682.jpg,,Metal & Plastic
Made To Order (Special Order)/Metal And Plastic/NZJ,NZJ-030.jpg,NZJ-030.jpg,,Metal & Plastic
Made To Order (Special Order)/Medals,JL-S01 (Old).jpg,JL-S01.jpg,Yes,Metal Medals & Ribbons
Made To Order (Special Order)/Medals,HH-M02.JPG,HH-M02.JPG,,Metal Medals & Ribbons
Made To Order (Special Order)/Medals,JL-CU02.jpg,JL-CU02.jpg,,Metal Medals & Ribbons
Made To Order (Special Order)/Medals,JL-L02.jpg,JL-L02.jpg,,Metal Medals & Ribbons
Made To Order (Special Order)/Medals,JL-SW01 Special Order.jpg,JL-SW01 Special Order.jpg,,Metal Medals & Ribbons
Made To Order (Special Order)/Medals,JL-MR01 & MR02 (Special Sep 2019).jpg,JL-MR01 & MR02.jpg,Yes,Metal Medals & Ribbons
Made To Order (Special Order)/Medals,JL-SR02.jpg,JL-SR02.jpg,,Metal Medals & Ribbons
Made To Order (Special Order)/Medals,JL-S03 Special Order.jpg,JL-S03 Special Order.jpg,,Metal Medals & Ribbons
Made To Order (Special Order)/Medals,HH-C01.jpg,HH-C01.jpg,,Metal Medals & Ribbons
Made To Order (Special Order)/Medals,JL-M01 SPECIAL ORDER.jpg,JL-M01 SPECIAL ORDER.jpg,,Metal Medals & Ribbons
Made To Order (Special Order)/Medals,JL-F02.jpg,JL-F02.jpg,,Metal Medals & Ribbons
Made To Order (Special Order)/Medals,RH-01-SPT (Special Sep 2019).jpg,RH-01-SPT.jpg,Yes,Metal Medals & Ribbons
Made To Order (Special Order)/Medals,HH-S01 Special Order.jpg,HH-S01 Special Order.jpg,,Metal Medals & Ribbons
Made To Order (Special Order)/Medals,JL-G01.jpg,JL-G01.jpg,,Metal Medals & Ribbons
Made To Order (Special Order)/Resin/HX,HX-1627B.jpg,HX-1627B.jpg,,Resin
Made To Order (Special Order)/Resin/HX,HX-2221 SPECIAL ORDER.jpg,HX-2221 SPECIAL ORDER.jpg,,Resin
Made To Order (Special Order)/Resin/HX,HX-3302C & HX-3303C.jpg,HX-3302C & HX-3303C.jpg,,Resin
Made To Order (Special Order)/Resin/HX,HX-1308.jpg,HX-1308.jpg,,Resin
Made To Order (Special Order)/Resin/HX,HX-1689B PROMO SEP 2016.jpg,HX-1689B PROMO SEP 2016.jpg,,Resin
Made To Order (Special Order)/Resin/HX,HX-1705 SPECIAL ORDER.JPG,HX-1705 SPECIAL ORDER.JPG,,Resin
Made To Order (Special Order)/Resin/HX,HX-3699A.jpg,HX-3699A.jpg,,Resin
Made To Order (Special Order)/Resin/HX,HX-2001.jpg,HX-2001.jpg,,Resin
Made To Order (Special Order)/Resin/HX,HX-1330-8 PROMO SEP 2016.jpg,HX-1330-8 PROMO SEP 2016.jpg,,Resin
Made To Order (Special Order)/Resin/HX,HX-1973B.jpg,HX-1973B.jpg,,Resin
Made To Order (Special Order)/Resin/HX,HX-2058.jpg,HX-2058.jpg,,Resin
Made To Order (Special Order)/Resin/HX,HX-1267-B Promo.jpg,HX-1267-B Promo.jpg,,Resin
Made To Order (Special Order)/Resin/HX,HX-1866B PROMO SEP 2016.jpg,HX-1866B PROMO SEP 2016.jpg,,Resin
Made To Order (Special Order)/Resin/HX,HX-3559B.jpg,HX-3559B.jpg,,Resin
Made To Order (Special Order)/Resin/HX,HX-1620.jpg,HX-1620.jpg,,Resin
Made To Order (Special Order)/Resin/HX,HX-1835B PROMO SEP 2016.jpg,HX-1835B PROMO SEP 2016.jpg,,Resin
Made To Order (Special Order)/Resin/HX,HX-2667A.jpg,HX-2667A.jpg,,Resin
Made To Order (Special Order)/Resin/HX,HX-1990 Discontinued.jpg,HX-1990 Discontinued.jpg,,Resin
Made To Order (Special Order)/Resin/HX,HX-1506-A1 PROMO SEP 2016.jpg,HX-1506-A1 PROMO SEP 2016.jpg,,Resin
Made To Order (Special Order)/Resin/HX,HX-1706-B9 SPECIAL ORDER.jpg,HX-1706-B9 SPECIAL ORDER.jpg,,Resin
Made To Order (Special Order)/Resin/HX,HX-1267 PROMO SEP 2016.JPG,HX-1267 PROMO SEP 2016.JPG,,Resin
Made To Order (Special Order)/Resin/HX,HX-3770.jpg,HX-3770.jpg,,Resin
Made To Order (Special Order)/Resin/HX,HX-1237 PROMO SEP 2016.jpg,HX-1237 PROMO SEP 2016.jpg,,Resin
Made To Order (Special Order)/Resin/HX,HX-1951-C.jpg,HX-1951-C.jpg,,Resin
Made To Order (Special Order)/Resin/HX,HX-2321.jpg,HX-2321.jpg,,Resin
Made To Order (Special Order)/Resin/HX,HX-1672.jpg,HX-1672.jpg,,Resin
Made To Order (Special Order)/Resin/HX,HX-2059B PROMO SEP 2016.jpg,HX-2059B PROMO SEP 2016.jpg,,Resin
Made To Order (Special Order)/Resin/HX,HX-1305.jpg,HX-1305.jpg,,Resin
Made To Order (Special Order)/Resin/HX,HX-1517.jpg,HX-1517.jpg,,Resin
Made To Order (Special Order)/Resin/HX,HX-1516.jpg,HX-1516.jpg,,Resin
Made To Order (Special Order)/Resin/HX,HX-3822C.jpg,HX-3822C.jpg,,Resin
Made To Order (Special Order)/Resin/HX,HX-2035.jpg,HX-2035.jpg,,Resin
Made To Order (Special Order)/Resin/HX,HX-4655-A.jpg,HX-4655-A.jpg,,Resin
Made To Order (Special Order)/Resin/HX,HX-3848-C1.jpg,HX-3848-C1.jpg,,Resin
Made To Order (Special Order)/Resin/Soccer and Golf just out of stock,HX-1989-B6.jpg,HX-1989-B6.jpg,,Resin
Made To Order (Special Order)/Resin/Soccer and Golf just out of stock,HX-3207B.jpg,HX-3207B.jpg,,Resin
Made To Order (Special Order)/Resin/Soccer and Golf just out of stock,HX-3141-A11.jpg,HX-3141-A11.jpg,,Resin
Made To Order (Special Order)/Resin/Soccer and Golf just out of stock,HX-4799-B.jpg,HX-4799-B.jpg,,Resin
Made To Order (Special Order)/Resin/Soccer and Golf just out of stock,HX-4892-B1.jpg,HX-4892-B1.jpg,,Resin
Made To Order (Special Order)/Resin/Soccer and Golf just out of stock,HX-3085A.jpg,HX-3085A.jpg,,Resin
Made To Order (Special Order)/Resin/Soccer and Golf just out of stock,HX-3123B.jpg,HX-3123B.jpg,,Resin
Made To Order (Special Order)/Resin/Soccer and Golf just out of stock,HX-2272-A7.jpg,HX-2272-A7.jpg,,Resin
Made To Order (Special Order)/Resin/Soccer and Golf just out of stock,HX-4012A.jpg,HX-4012A.jpg,,Resin
Made To Order (Special Order)/Resin/Soccer and Golf just out of stock,HX-3800.jpg,HX-3800.jpg,,Resin
Made To Order (Special Order)/Resin/Soccer and Golf just out of stock,HX-3353B.jpg,HX-3353B.jpg,,Resin
Made To Order (Special Order)/Resin/Soccer and Golf just out of stock,HX-2243B.jpg,HX-2243B.jpg,,Resin
Made To Order (Special Order)/Resin/Soccer and Golf just out of stock,HX-1920B (2020).jpg,HX-1920B.jpg,Yes,Resin
Made To Order (Special Order)/Resin/Soccer and Golf just out of stock,HX-1968.jpg,HX-1968.jpg,,Resin
Made To Order (Special Order)/Resin/Soccer and Golf just out of stock,HX-4239-A.jpg,HX-4239-A.jpg,,Resin
Made To Order (Special Order)/Resin/Soccer and Golf just out of stock,HX-1996.jpg,HX-1996.jpg,,Resin
Made To Order (Special Order)/Resin/Soccer and Golf just out of stock,HX-2079A.jpg,HX-2079A.jpg,,Resin
Made To Order (Special Order)/Resin/Soccer and Golf just out of stock,HX-1720-B.jpg,HX-1720-B.jpg,,Resin
Made To Order (Special Order)/Resin/Soccer and Golf just out of stock,HX-4737.jpg,HX-4737.jpg,,Resin
Made To Order (Special Order)/Resin/Soccer and Golf just out of stock,HX-3065B.jpg,HX-3065B.jpg,,Resin
Made To Order (Special Order)/Resin/Soccer and Golf just out of stock,HX-4720.jpg,HX-4720.jpg,,Resin
Made To Order (Special Order)/Resin/Soccer and Golf just out of stock,HX-1925 (2020).jpg,HX-1925.jpg,Yes,Resin
Made To Order (Special Order)/Resin/Soccer and Golf just out of stock,HX-3597A-10.jpg,HX-3597A-10.jpg,,Resin
Made To Order (Special Order)/Resin/Soccer and Golf just out of stock,HX-1921A.jpg,HX-1921A.jpg,,Resin
Made To Order (Special Order)/Resin/DD,DD-051.jpg,DD-051.jpg,,Resin
Made To Order (Special Order)/Resin/DD,DD-033 (Disc).jpg,DD-033.jpg,Yes,Resin
Made To Order (Special Order)/Resin/DD,DD-029.jpg,DD-029.jpg,,Resin
1 Trophy Catalogue/1 Metal Medals & Ribbons,JL-S03 (2023 original).jpg,JL-S03.jpg,Yes,Metal Medals & Ribbons
1 Trophy Catalogue/1 Metal Medals & Ribbons,ZJ-CLR-1.jpg,ZJ-CLR-1.jpg,,Metal Medals & Ribbons
1 Trophy Catalogue/1 Metal Medals & Ribbons,JL-V01.jpg,JL-V01.jpg,,Metal Medals & Ribbons
1 Trophy Catalogue/1 Metal Medals & Ribbons,JL-S02 (2023 Original).jpg,JL-S02.jpg,Yes,Metal Medals & Ribbons
1 Trophy Catalogue/1 Metal Medals & Ribbons,ZJ-CLR-2.jpg,ZJ-CLR-2.jpg,,Metal Medals & Ribbons
1 Trophy Catalogue/1 Metal Medals & Ribbons,HH-A3 (Combo 210623.1).jpg,HH-A3.jpg,Yes,Metal Medals & Ribbons
1 Trophy Catalogue/1 Metal Medals & Ribbons,RH-01.JPG,RH-01.JPG,,Metal Medals & Ribbons
1 Trophy Catalogue/1 Metal Medals & Ribbons,ZJ-M04.jpg,ZJ-M04.jpg,,Metal Medals & Ribbons
1 Trophy Catalogue/1 Metal Medals & Ribbons,JL-W04.jpg,JL-W04.jpg,,Metal Medals & Ribbons
1 Trophy Catalogue/1 Metal Medals & Ribbons,HH-A2 (Silver and Bronze only).jpg,HH-A2.jpg,Yes,Metal Medals & Ribbons
1 Trophy Catalogue/1 Metal Medals & Ribbons,JL-W03.jpg,JL-W03.jpg,,Metal Medals & Ribbons
1 Trophy Catalogue/1 Metal Medals & Ribbons,HH-A3 (2023 - Original).jpg,HH-A3-1.jpg,Yes,Metal Medals & Ribbons
1 Trophy Catalogue/1 Metal Medals & Ribbons,JL-W02.JPG,JL-W02.JPG,,Metal Medals & Ribbons
1 Trophy Catalogue/1 Metal Medals & Ribbons,ZJ-A2 (Different from previous supply).jpg,ZJ-A2.jpg,Yes,Metal Medals & Ribbons
1 Trophy Catalogue/1 Metal Medals & Ribbons,ZJ-M01.jpg,ZJ-M01.jpg,,Metal Medals & Ribbons
1 Trophy Catalogue/1 Metal Medals & Ribbons,JL-W01.JPG,JL-W01.JPG,,Metal Medals & Ribbons
1 Trophy Catalogue/1 Metal Medals & Ribbons,JL-L01.JPG,JL-L01.JPG,,Metal Medals & Ribbons
1 Trophy Catalogue/1 Metal Medals & Ribbons,JL-P01 (2023 Original).jpg,JL-P01.jpg,Yes,Metal Medals & Ribbons
1 Trophy Catalogue/1 Metal Medals & Ribbons,HH-M03 (Combo 210623.2).jpg,HH-M03.jpg,Yes,Metal Medals & Ribbons
1 Trophy Catalogue/1 Metal Medals & Ribbons,JL-P01 (Combo 210623.5).jpg,JL-P01-1.jpg,Yes,Metal Medals & Ribbons
1 Trophy Catalogue/1 Metal Medals & Ribbons,HH-S01 (2023 - Original).jpg,HH-S01.jpg,Yes,Metal Medals & Ribbons
1 Trophy Catalogue/1 Metal Medals & Ribbons,JL-T01 (Combo 210623.8).jpg,JL-T01.jpg,Yes,Metal Medals & Ribbons
1 Trophy Catalogue/1 Metal Medals & Ribbons,HH-M03 (2023 - Original).jpg,HH-M03-1.jpg,Yes,Metal Medals & Ribbons
1 Trophy Catalogue/1 Metal Medals & Ribbons,JL-LI01.jpg,JL-LI01.jpg,,Metal Medals & Ribbons
1 Trophy Catalogue/1 Metal Medals & Ribbons,JL-F01.jpg,JL-F01.jpg,,Metal Medals & Ribbons
1 Trophy Catalogue/1 Metal Medals & Ribbons,JL-S02 (Combo 210623.6).jpg,JL-S02-1.jpg,Yes,Metal Medals & Ribbons
1 Trophy Catalogue/1 Metal Medals & Ribbons,ZJ-MR01.jpg,ZJ-MR01.jpg,,Metal Medals & Ribbons
1 Trophy Catalogue/1 Metal Medals & Ribbons,JL-WF01.jpg,JL-WF01.jpg,,Metal Medals & Ribbons
1 Trophy Catalogue/1 Metal Medals & Ribbons,HH-S01 (Combo 210623.3).jpg,HH-S01-1.jpg,Yes,Metal Medals & Ribbons
1 Trophy Catalogue/1 Metal Medals & Ribbons,JL-D01.jpg,JL-D01.jpg,,Metal Medals & Ribbons
1 Trophy Catalogue/1 Metal Medals & Ribbons,JL-OF01.jpg,JL-OF01.jpg,,Metal Medals & Ribbons
1 Trophy Catalogue/1 Metal Medals & Ribbons,JL-S03 (Combo 210623.7).jpg,JL-S03-1.jpg,Yes,Metal Medals & Ribbons
1 Trophy Catalogue/1 Metal Medals & Ribbons,JL-01 (2023 Original).jpg,JL-01.jpg,Yes,Metal Medals & Ribbons
1 Trophy Catalogue/1 Metal Medals & Ribbons,JL-01 (Combo 210623.4).jpg,JL-01-1.jpg,Yes,Metal Medals & Ribbons
1 Trophy Catalogue/1 Metal Medals & Ribbons,JL-T01 (2023 Original).jpg,JL-T01-1.jpg,Yes,Metal Medals & Ribbons
1 Trophy Catalogue/1 Metal Medals & Ribbons,JL-SF01.jpg,JL-SF01.jpg,,Metal Medals & Ribbons
1 Trophy Catalogue/1 Metal Medals & Ribbons,ZJ-SR01.jpg,ZJ-SR01.jpg,,Metal Medals & Ribbons
1 Trophy Catalogue/1 Metal Medals & Ribbons,JL-SB01.jpg,JL-SB01.jpg,,Metal Medals & Ribbons
1 Trophy Catalogue/1 Metal Medals & Ribbons,ZJ-F03.jpg,ZJ-F03.jpg,,Metal Medals & Ribbons
1 Trophy Catalogue/1 Metal & Plastic/ZJ,ZJ-923C.jpg,ZJ-923C.jpg,,Metal & Plastic
1 Trophy Catalogue/1 Metal & Plastic/ZJ,ZJ-16109.jpg,ZJ-16109.jpg,,Metal & Plastic
1 Trophy Catalogue/1 Metal & Plastic/ZJ,ZJ-YG226.jpg,ZJ-YG226.jpg,,Metal & Plastic
1 Trophy Catalogue/1 Metal & Plastic/ZJ,ZJ-5020.jpg,ZJ-5020.jpg,,Metal & Plastic
1 Trophy Catalogue/1 Metal & Plastic/ZJ,ZJ-YG218.jpg,ZJ-YG218.jpg,,Metal & Plastic
1 Trophy Catalogue/1 Metal & Plastic/ZJ,ZJ-1582A.jpg,ZJ-1582A.jpg,,Metal & Plastic
1 Trophy Catalogue/1 Metal & Plastic/ZJ,ZJ-70 R&B PROMO SEP 2016.jpg,ZJ-70 R&B PROMO SEP 2016.jpg,,Metal & Plastic
1 Trophy Catalogue/1 Metal & Plastic/ZJ,ZJ-YG235.jpg,ZJ-YG235.jpg,,Metal & Plastic
1 Trophy Catalogue/1 Metal & Plastic/ZJ,ZJ-YG157.jpg,ZJ-YG157.jpg,,Metal & Plastic
1 Trophy Catalogue/1 Metal & Plastic/ZJ,ZJ-SY-2C.jpg,ZJ-SY-2C.jpg,,Metal & Plastic
1 Trophy Catalogue/1 Metal & Plastic/ZJ,ZJ-YG-248.jpg,ZJ-YG-248.jpg,,Metal & Plastic
1 Trophy Catalogue/1 Metal & Plastic/ZJ,ZJ-302.jpg,ZJ-302.jpg,,Metal & Plastic
1 Trophy Catalogue/1 Metal & Plastic/ZJ,ZJ-DIY14.jpg,ZJ-DIY14.jpg,,Metal & Plastic
1 Trophy Catalogue/1 Metal & Plastic/ZJ,ZJ-205.jpg,ZJ-205.jpg,,Metal & Plastic
1 Trophy Catalogue/1 Metal & Plastic/ZJ,ZJ-0104.jpg,ZJ-0104.jpg,,Metal & Plastic
1 Trophy Catalogue/1 Metal & Plastic/ZJ,ZJ-DIY03.jpg,ZJ-DIY03.jpg,,Metal & Plastic
1 Trophy Catalogue/1 Metal & Plastic/ZJ,ZJ-303-4.jpg,ZJ-303-4.jpg,,Metal & Plastic
1 Trophy Catalogue/1 Metal & Plastic/ZJ,ZJ-122B.jpg,ZJ-122B.jpg,,Metal & Plastic
1 Trophy Catalogue/1 Metal & Plastic/ZJ,ZJ-T140C.jpg,ZJ-T140C.jpg,,Metal & Plastic
1 Trophy Catalogue/1 Metal & Plastic/ZJ,ZJ-28.jpg,ZJ-28.jpg,,Metal & Plastic
1 Trophy Catalogue/1 Metal & Plastic/ZJ,ZJ-YG-229C.jpg,ZJ-YG-229C.jpg,,Metal & Plastic
1 Trophy Catalogue/1 Metal & Plastic/ZJ,ZJ-DIY12.jpg,ZJ-DIY12.jpg,,Metal & Plastic
1 Trophy Catalogue/1 Metal & Plastic/ZJ,ZJ-2066.jpg,ZJ-2066.jpg,,Metal & Plastic
1 Trophy Catalogue/1 Metal & Plastic/ZJ,ZJ-DIY13.jpg,ZJ-DIY13.jpg,,Metal & Plastic
1 Trophy Catalogue/1 Metal & Plastic/ZJ,ZJ-DIY11.jpg,ZJ-DIY11.jpg,,Metal & Plastic
1 Trophy Catalogue/1 Metal & Plastic/ZJ,ZJ-DIY04.jpg,ZJ-DIY04.jpg,,Metal & Plastic
1 Trophy Catalogue/1 Metal & Plastic/ZJ,ZJ-DIY09.jpg,ZJ-DIY09.jpg,,Metal & Plastic
1 Trophy Catalogue/1 Metal & Plastic/ZJ,ZJ-YG058.jpg,ZJ-YG058.jpg,,Metal & Plastic
1 Trophy Catalogue/1 Metal & Plastic/ZJ,ZJ-HL-B.jpg,ZJ-HL-B.jpg,,Metal & Plastic
1 Trophy Catalogue/1 Metal & Plastic/ZJ,ZJ-DIY27.jpg,ZJ-DIY27.jpg,,Metal & Plastic
1 Trophy Catalogue/1 Metal & Plastic/ZJ,ZJ-HL-B (old).jpg,ZJ-HL-B-1.jpg,Yes,Metal & Plastic
1 Trophy Catalogue/1 Metal & Plastic/ZJ,ZJ-DIY26.jpg,ZJ-DIY26.jpg,,Metal & Plastic
1 Trophy Catalogue/1 Metal & Plastic/ZJ,ZJ-209.jpg,ZJ-209.jpg,,Metal & Plastic
1 Trophy Catalogue/1 Metal & Plastic/ZJ,ZJ-27.jpg,ZJ-27.jpg,,Metal & Plastic
1 Trophy Catalogue/1 Metal & Plastic/ZJ,ZJ-YG-091.jpg,ZJ-YG-091.jpg,,Metal & Plastic
1 Trophy Catalogue/1 Metal & Plastic/ZJ,ZJ-YG159.jpg,ZJ-YG159.jpg,,Metal & Plastic
1 Trophy Catalogue/1 Metal & Plastic/ZJ,ZJ-YG239.jpg,ZJ-YG239.jpg,,Metal & Plastic
1 Trophy Catalogue/1 Metal & Plastic/ZJ,ZJ-YG229A-R.jpg,ZJ-YG229A-R.jpg,,Metal & Plastic
1 Trophy Catalogue/1 Metal & Plastic/ZJ,ZJ-GX2-C.jpg,ZJ-GX2-C.jpg,,Metal & Plastic
1 Trophy Catalogue/1 Metal & Plastic/ZJ,ZJ-905-SV.jpg,ZJ-905-SV.jpg,,Metal & Plastic
1 Trophy Catalogue/1 Metal & Plastic/ZJ,ZJ-YG-216C.jpg,ZJ-YG-216C.jpg,,Metal & Plastic
1 Trophy Catalogue/1 Metal & Plastic/ZY,ZY-274.jpg,ZY-274.jpg,,Metal & Plastic
1 Trophy Catalogue/1 Metal & Plastic/JH,JH-P0099.jpg,JH-P0099.jpg,,Metal & Plastic
1 Trophy Catalogue/1 Metal & Plastic/JH,JH-SP0098.jpg,JH-SP0098.jpg,,Metal & Plastic
1 Trophy Catalogue/1 Metal & Plastic/JH,JH-SP0099.jpg,JH-SP0099.jpg,,Metal & Plastic
1 Trophy Catalogue/1 Metal & Plastic/JH,JH-SP0049.jpg,JH-SP0049.jpg,,Metal & Plastic
1 Trophy Catalogue/1 Metal & Plastic/HH,HH-3S-GD.jpg,HH-3S-GD.jpg,,Metal & Plastic
1 Trophy Catalogue/1 Metal & Plastic/HH,HH-MS119.jpg,HH-MS119.jpg,,Metal & Plastic
1 Trophy Catalogue/1 Metal & Plastic/HH,HH-DIY02.jpg,HH-DIY02.jpg,,Metal & Plastic
1 Trophy Catalogue/1 Metal & Plastic/HH,HH-A4.jpg,HH-A4.jpg,,Metal & Plastic
1 Trophy Catalogue/1 Metal & Plastic/HH,HH-MS119 (Holder Only).jpg,HH-MS119-1.jpg,Yes,Metal & Plastic
1 Trophy Catalogue/1 Metal & Plastic/HH,HH-TS01.jpg,HH-TS01.jpg,,Metal & Plastic
1 Trophy Catalogue/1 Metal & Plastic/HH,HH-SB02.jpg,HH-SB02.jpg,,Metal & Plastic
1 Trophy Catalogue/1 Metal & Plastic/HH,HH-OS-01.jpg,HH-OS-01.jpg,,Metal & Plastic
1 Trophy Catalogue/1 Metal & Plastic/HH,HH-SB01.jpg,HH-SB01.jpg,,Metal & Plastic
1 Trophy Catalogue/1 Metal & Plastic/HH,HH-S-1.jpg,HH-S-1.jpg,,Metal & Plastic
1 Trophy Catalogue/1 Metal & Plastic/HH,HH-R001 (Holder Only).jpg,HH-R001.jpg,Yes,Metal & Plastic
1 Trophy Catalogue/1 Metal & Plastic/HH,HH-F163 (Holder only).jpg,HH-F163.jpg,Yes,Metal & Plastic
1 Trophy Catalogue/1 Metal & Plastic/JL,JL-DP23.jpg,JL-DP23.jpg,,Metal & Plastic
1 Trophy Catalogue/1 Metal & Plastic/JL,JL-G2091-1.jpg,JL-G2091-1.jpg,,Metal & Plastic
1 Trophy Catalogue/1 Metal & Plastic/JL,JL-137R.jpg,JL-137R.jpg,,Metal & Plastic
1 Trophy Catalogue/1 Metal & Plastic/JL,JL-DP22.jpg,JL-DP22.jpg,,Metal & Plastic
1 Trophy Catalogue/1 Metal & Plastic/JL,JL-2068.jpg,JL-2068.jpg,,Metal & Plastic
1 Trophy Catalogue/1 Metal & Plastic/JL,JL-DP20.jpg,JL-DP20.jpg,,Metal & Plastic
1 Trophy Catalogue/1 Metal & Plastic/JL,JL-781-3.jpg,JL-781-3.jpg,,Metal & Plastic
1 Trophy Catalogue/1 Metal & Plastic/JL,JL-SGLS01-GD.jpg,JL-SGLS01-GD.jpg,,Metal & Plastic
1 Trophy Catalogue/1 Metal & Plastic/JL,JL-U-1S.JPG,JL-U-1S.JPG,,Metal & Plastic
1 Trophy Catalogue/1 Metal & Plastic/JL,JL-137B.jpg,JL-137B.jpg,,Metal & Plastic
1 Trophy Catalogue/1 Metal & Plastic/JL,JL-SS02.jpg,JL-SS02.jpg,,Metal & Plastic
1 Trophy Catalogue/1 Metal & Plastic/JL,JL-679E.jpg,JL-679E.jpg,,Metal & Plastic
1 Trophy Catalogue/1 Metal & Plastic/JL,JL-YK605.jpg,JL-YK605.jpg,,Metal & Plastic
1 Trophy Catalogue/1 Metal & Plastic/JL,JL-855C.jpg,JL-855C.jpg,,Metal & Plastic
1 Trophy Catalogue/1 Metal & Plastic/JL,JL-788S.jpg,JL-788S.jpg,,Metal & Plastic
1 Trophy Catalogue/1 Metal & Plastic/JL,JL-U-1 (out of stock).jpg,JL-U-1.jpg,Yes,Metal & Plastic
1 Trophy Catalogue/1 Metal & Plastic/JL,JL-DS6750.jpg,JL-DS6750.jpg,,Metal & Plastic
1 Trophy Catalogue/1 Metal & Plastic/JL,JL-T169.jpg,JL-T169.jpg,,Metal & Plastic
1 Trophy Catalogue/1 Metal & Plastic/JL,JL-TF025B-HLR (Blue).jpg,JL-TF025B-HLR.jpg,Yes,Metal & Plastic
1 Trophy Catalogue/1 Metal & Plastic/JL,JL-T168.jpg,JL-T168.jpg,,Metal & Plastic
1 Trophy Catalogue/1 Metal & Plastic/JL,JL-5014.jpg,JL-5014.jpg,,Metal & Plastic
1 Trophy Catalogue/1 Metal & Plastic/JL,JL-799-1.jpg,JL-799-1.jpg,,Metal & Plastic
1 Trophy Catalogue/1 Metal & Plastic/JL,JL-5015.jpg,JL-5015.jpg,,Metal & Plastic
1 Trophy Catalogue/1 Metal & Plastic/JL,JL-3064.jpg,JL-3064.jpg,,Metal & Plastic
1 Trophy Catalogue/1 Metal & Plastic/JL,JL-K094C.jpg,JL-K094C.jpg,,Metal & Plastic
1 Trophy Catalogue/1 Metal & Plastic/JL,JL-7872G.jpg,JL-7872G.jpg,,Metal & Plastic
1 Trophy Catalogue/1 Metal & Plastic/JL,JL-3098.jpg,JL-3098.jpg,,Metal & Plastic
1 Trophy Catalogue/1 Metal & Plastic/JL,JL-QS061-B.jpg,JL-QS061-B.jpg,,Metal & Plastic
1 Trophy Catalogue/1 Metal & Plastic/JL,JL-898.jpg,JL-898.jpg,,Metal & Plastic
1 Trophy Catalogue/1 Metal & Plastic/JL,JL-YK601G.jpg,JL-YK601G.jpg,,Metal & Plastic
1 Trophy Catalogue/1 Metal & Plastic/JL,JL-899.jpg,JL-899.jpg,,Metal & Plastic
1 Trophy Catalogue/1 Metal & Plastic/JL,JL-XD005.jpg,JL-XD005.jpg,,Metal & Plastic
1 Trophy Catalogue/1 Metal & Plastic/JL,JL-3038 (Clearing Sale).jpg,JL-3038.jpg,Yes,Metal & Plastic
1 Trophy Catalogue/1 Metal & Plastic/JL,JL677R.jpg,JL677R.jpg,,Metal & Plastic
1 Trophy Catalogue/1 Metal & Plastic/JL,JL-1509.jpg,JL-1509.jpg,,Metal & Plastic
1 Trophy Catalogue/1 Metal & Plastic/JL,JL-T163.jpg,JL-T163.jpg,,Metal & Plastic
1 Trophy Catalogue/1 Metal & Plastic/JL,JL-A7.jpg,JL-A7.jpg,,Metal & Plastic
1 Trophy Catalogue/1 Metal & Plastic/JL,JL-3083.JPG,JL-3083.JPG,,Metal & Plastic
1 Trophy Catalogue/1 Metal & Plastic/JL,JL-TF025-HLR (Gold).jpg,JL-TF025-HLR.jpg,Yes,Metal & Plastic
1 Trophy Catalogue/1 Metal & Plastic/JL,JL-787SV.jpg,JL-787SV.jpg,,Metal & Plastic
1 Trophy Catalogue/1 Metal & Plastic/JL,JL-A2.jpg,JL-A2.jpg,,Metal & Plastic
1 Trophy Catalogue/1 Metal & Plastic/JL,JL-T166.jpg,JL-T166.jpg,,Metal & Plastic
1 Trophy Catalogue/1 Metal & Plastic/JL,JL-A1.jpg,JL-A1.jpg,,Metal & Plastic
1 Trophy Catalogue/1 Metal & Plastic/JL,JL-4066.jpg,JL-4066.jpg,,Metal & Plastic
1 Trophy Catalogue/1 Metal & Plastic/JL,JL-T164.jpg,JL-T164.jpg,,Metal & Plastic
1 Trophy Catalogue/1 Metal & Plastic/JL,JL-2013.jpg,JL-2013.jpg,,Metal & Plastic
1 Trophy Catalogue/1 Metal & Plastic/JL,JL-637.jpg,JL-637.jpg,,Metal & Plastic
1 Trophy Catalogue/1 Metal & Plastic/JL,JL-677B.jpg,JL-677B.jpg,,Metal & Plastic
1 Trophy Catalogue/1 Metal & Plastic/JL,JL-787.jpg,JL-787.jpg,,Metal & Plastic
1 Trophy Catalogue/1 Metal & Plastic/JL,JL-TF017-(3sizes on base).jpg,JL-TF017-.jpg,Yes,Metal & Plastic
1 Trophy Catalogue/1 Metal & Plastic/JL,JL-YK095B.jpg,JL-YK095B.jpg,,Metal & Plastic
1 Trophy Catalogue/1 Metal & Plastic/JL,JL-3038 (Old).jpg,JL-3038-1.jpg,Yes,Metal & Plastic
1 Trophy Catalogue/1 Metal & Plastic/JL,JL-U-2.jpg,JL-U-2.jpg,,Metal & Plastic
1 Trophy Catalogue/1 Metal & Plastic/JL,JL-GD015.jpg,JL-GD015.jpg,,Metal & Plastic
1 Trophy Catalogue/1 Metal & Plastic/JL,JL-TF017A-HLR (Holder Only).jpg,JL-TF017A-HLR.jpg,Yes,Metal & Plastic
1 Trophy Catalogue/1 Metal & Plastic/JL,JL-YK037.jpg,JL-YK037.jpg,,Metal & Plastic
1 Trophy Catalogue/1 Metal & Plastic/JL,JL-U-3.jpg,JL-U-3.jpg,,Metal & Plastic
1 Trophy Catalogue/1 Metal & Plastic/JL,JL-YK157.jpg,JL-YK157.jpg,,Metal & Plastic
1 Trophy Catalogue/1 Metal & Plastic/NZJ,NZJ-731.jpg,NZJ-731.jpg,,Metal & Plastic
1 Trophy Catalogue/1 Metal & Plastic/NZJ,NZJ-678.jpg,NZJ-678.jpg,,Metal & Plastic
1 Trophy Catalogue/1 Crystal & Glass/GH,GH-083.jpg,GH-083.jpg,,Crystal & Glass
1 Trophy Catalogue/1 Crystal & Glass/GH,GH-084.jpg,GH-084.jpg,,Crystal & Glass
1 Trophy Catalogue/1 Crystal & Glass/GH,GH-3043.jpg,GH-3043.jpg,,Crystal & Glass
1 Trophy Catalogue/1 Crystal & Glass/GH,GH-3068.jpg,GH-3068.jpg,,Crystal & Glass
1 Trophy Catalogue/1 Crystal & Glass/GH,GH-3040.jpg,GH-3040.jpg,,Crystal & Glass
1 Trophy Catalogue/1 Crystal & Glass/GH,GH-3041.jpg,GH-3041.jpg,,Crystal & Glass
1 Trophy Catalogue/1 Crystal & Glass/GH,GH-3044.jpg,GH-3044.jpg,,Crystal & Glass
1 Trophy Catalogue/1 Crystal & Glass/GH,GH-3046.jpg,GH-3046.jpg,,Crystal & Glass
1 Trophy Catalogue/1 Crystal & Glass/GH,GH-2396.jpg,GH-2396.jpg,,Crystal & Glass
1 Trophy Catalogue/1 Crystal & Glass/GH,GH-3048.jpg,GH-3048.jpg,,Crystal & Glass
1 Trophy Catalogue/1 Crystal & Glass/GH,GH-0347.jpg,GH-0347.jpg,,Crystal & Glass
1 Trophy Catalogue/1 Crystal & Glass/GH,GH-3106.jpg,GH-3106.jpg,,Crystal & Glass
1 Trophy Catalogue/1 Crystal & Glass/KK,KK-558CL-A.jpg,KK-558CL-A.jpg,,Crystal & Glass
1 Trophy Catalogue/1 Crystal & Glass/KK,KK-ENB (Earth in Ball).jpg,KK-ENB.jpg,Yes,Crystal & Glass
1 Trophy Catalogue/1 Crystal & Glass/KK,KK-CB (Clear Ball).jpg,KK-CB.jpg,Yes,Crystal & Glass
1 Trophy Catalogue/1 Crystal & Glass/KK,KK-GF01.jpg,KK-GF01.jpg,,Crystal & Glass
1 Trophy Catalogue/1 Crystal & Glass/LD,LD-T029.JPG,LD-T029.JPG,,Crystal & Glass
1 Trophy Catalogue/1 Crystal & Glass/LD,CX-PH60 (Clearing Sale).jpg,CX-PH60.jpg,Yes,Crystal & Glass
1 Trophy Catalogue/1 Crystal & Glass/LD,LD-067.JPG,LD-067.JPG,,Crystal & Glass
1 Trophy Catalogue/1 Crystal & Glass/LD,LD-GT08.jpg,LD-GT08.jpg,,Crystal & Glass
1 Trophy Catalogue/1 Crystal & Glass/LD,LD-L25 (Trophy Spacer).jpg,LD-L25.jpg,Yes,Crystal & Glass
1 Trophy Catalogue/1 Crystal & Glass/LD,LD-GT010-L.jpg,LD-GT010-L.jpg,,Crystal & Glass
1 Trophy Catalogue/1 Crystal & Glass/LD,CX-PH65 (Clearing Sale).jpg,CX-PH65.jpg,Yes,Crystal & Glass
1 Trophy Catalogue/1 Crystal & Glass/LD,LD-4438.jpg,LD-4438.jpg,,Crystal & Glass
1 Trophy Catalogue/1 Crystal & Glass/LD,LD-130 (Pillar Piece).jpg,LD-130.jpg,Yes,Crystal & Glass
1 Trophy Catalogue/1 Crystal & Glass/LD,LD-RB50.jpg,LD-RB50.jpg,,Crystal & Glass
1 Trophy Catalogue/1 Crystal & Glass/LD,LD-T082-80 (Special Order).jpg,LD-T082-80.jpg,Yes,Crystal & Glass
1 Trophy Catalogue/1 Crystal & Glass/LD,LD-L50 (Medium Ball Holder).jpg,LD-L50.jpg,Yes,Crystal & Glass
1 Trophy Catalogue/1 Crystal & Glass/LD,LD-043 (Old Photo).JPG,LD-043.JPG,Yes,Crystal & Glass
1 Trophy Catalogue/1 Crystal & Glass/LD,LD-611.jpg,LD-611.jpg,,Crystal & Glass
1 Trophy Catalogue/1 Crystal & Glass/LD,LD-014.JPG,LD-014.JPG,,Crystal & Glass
1 Trophy Catalogue/1 Crystal & Glass/LD,LD-CY040.jpg,LD-CY040.jpg,,Crystal & Glass
1 Trophy Catalogue/1 Crystal & Glass/LD,LD-54 (three sizes).jpg,LD-54.jpg,Yes,Crystal & Glass
1 Trophy Catalogue/1 Crystal & Glass/LD,LD-L40 (Small Ball Holder).jpg,LD-L40.jpg,Yes,Crystal & Glass
1 Trophy Catalogue/1 Crystal & Glass/LD,LD-GLB (no Lines).jpg,LD-GLB.jpg,Yes,Crystal & Glass
1 Trophy Catalogue/1 Crystal & Glass/LD,LD-031.jpg,LD-031.jpg,,Crystal & Glass
1 Trophy Catalogue/1 Crystal & Glass/LD,LD-90.JPG,LD-90.JPG,,Crystal & Glass
1 Trophy Catalogue/1 Crystal & Glass/LD,LD-T083.JPG,LD-T083.JPG,,Crystal & Glass
1 Trophy Catalogue/1 Crystal & Glass/LD,LD-40.JPG,LD-40.JPG,,Crystal & Glass
1 Trophy Catalogue/1 Crystal & Glass/LD,LD-RB60.jpg,LD-RB60.jpg,,Crystal & Glass
1 Trophy Catalogue/1 Crystal & Glass/LD,LD-S (Loose Stars).jpg,LD-S.jpg,Yes,Crystal & Glass
1 Trophy Catalogue/1 Crystal & Glass/LD,LD-54-180 (Special Order).jpg,LD-54-180.jpg,Yes,Crystal & Glass
1 Trophy Catalogue/1 Crystal & Glass/LD,LD-GT00.jpg,LD-GT00.jpg,,Crystal & Glass
1 Trophy Catalogue/1 Crystal & Glass/LD,LD-GT01.jpg,LD-GT01.jpg,,Crystal & Glass
1 Trophy Catalogue/1 Crystal & Glass/LD,LD-GT03.jpg,LD-GT03.jpg,,Crystal & Glass
1 Trophy Catalogue/1 Crystal & Glass/LD,LD-043 (Base).jpg,LD-043.jpg,Yes,Crystal & Glass
1 Trophy Catalogue/1 Crystal & Glass/LD,LD-GLB (With line).jpg,LD-GLB-1.jpg,Yes,Crystal & Glass
1 Trophy Catalogue/1 Crystal & Glass/LD,LD-07 (Base).jpg,LD-07.jpg,Yes,Crystal & Glass
1 Trophy Catalogue/1 Crystal & Glass/LD,LD-HG70-BZ.jpg,LD-HG70-BZ.jpg,,Crystal & Glass
1 Trophy Catalogue/1 Crystal & Glass/LD,LD-T082 (three sizes).jpg,LD-T082.jpg,Yes,Crystal & Glass
1 Trophy Catalogue/1 Crystal & Glass/LD,CX-PH50 (Clearing Sale).jpg,CX-PH50.jpg,Yes,Crystal & Glass
1 Trophy Catalogue/1 Crystal & Glass/LC,LC-02164A.jpg,LC-02164A.jpg,,Crystal & Glass
1 Trophy Catalogue/1 Crystal & Glass/LC,LC-02304A.jpg,LC-02304A.jpg,,Crystal & Glass
1 Trophy Catalogue/1 Crystal & Glass/LC,LC-70.jpg,LC-70.jpg,,Crystal & Glass
1 Trophy Catalogue/1 Crystal & Glass/JT,JT-Diamond (Pink).jpg,JT-Diamond.jpg,Yes,Crystal & Glass
1 Trophy Catalogue/1 Crystal & Glass/JT,JT-444BS (Ball Stand).jpg,JT-444BS.jpg,Yes,Crystal & Glass
1 Trophy Catalogue/1 Crystal & Glass/JT,JT-RP (Round Pillars) (Clearing Sale).jpg,JT-RP.jpg,Yes,Crystal & Glass
1 Trophy Catalogue/1 Crystal & Glass/JT,JT-Diamond (Green).jpg,JT-Diamond-1.jpg,Yes,Crystal & Glass
1 Trophy Catalogue/1 Crystal & Glass/JT,JT-Diamond (Red).jpg,JT-Diamond-2.jpg,Yes,Crystal & Glass
1 Trophy Catalogue/1 Crystal & Glass/JT,JT-GNB (Golf ball in ball).jpg,JT-GNB.jpg,Yes,Crystal & Glass
1 Trophy Catalogue/1 Crystal & Glass/JT,JT-CB.jpg,JT-CB.jpg,,Crystal & Glass
1 Trophy Catalogue/1 Crystal & Glass/JT,JT-HGB01.JPG,JT-HGB01.JPG,,Crystal & Glass
1 Trophy Catalogue/1 Crystal & Glass/JT,JT-CK02.jpg,JT-CK02.jpg,,Crystal & Glass
1 Trophy Catalogue/1 Crystal & Glass/JT,JT-BS20.jpg,JT-BS20.jpg,,Crystal & Glass
1 Trophy Catalogue/1 Crystal & Glass/JT,JT-CK07.jpg,JT-CK07.jpg,,Crystal & Glass
1 Trophy Catalogue/1 Crystal & Glass/JT,JT-CK05.jpg,JT-CK05.jpg,,Crystal & Glass
1 Trophy Catalogue/1 Crystal & Glass/JT,JT-CK04.jpg,JT-CK04.jpg,,Crystal & Glass
1 Trophy Catalogue/1 Crystal & Glass/JT,JT-555BS (Ball Stand).jpg,JT-555BS.jpg,Yes,Crystal & Glass
1 Trophy Catalogue/1 Crystal & Glass/JT,JT-BB80 & BB70 (Bread Ball paperweights).jpg,JT-BB80 & BB70.jpg,Yes,Crystal & Glass
1 Trophy Catalogue/1 Crystal & Glass/JT,JT-Diamond (Blue).jpg,JT-Diamond-3.jpg,Yes,Crystal & Glass
1 Trophy Catalogue/1 Crystal & Glass/JT,JT-SNB (Soccer ball in ball).jpg,JT-SNB.jpg,Yes,Crystal & Glass
1 Trophy Catalogue/1 Crystal & Glass/JT,JT-Diamond (Yellow).jpg,JT-Diamond-4.jpg,Yes,Crystal & Glass
1 Trophy Catalogue/1 Crystal & Glass/JT,JT-Diamond (Purple).jpg,JT-Diamond-5.jpg,Yes,Crystal & Glass
1 Trophy Catalogue/1 Crystal & Glass/JT,JT-GB.JPG,JT-GB.JPG,,Crystal & Glass
1 Trophy Catalogue/1 Crystal & Glass/JT,JT-666-C & JT-555-C (cut corner cubes).jpg,JT-666-C & JT-555-C.jpg,Yes,Crystal & Glass
1 Trophy Catalogue/1 Crystal & Glass/JT,JT-SB.JPG,JT-SB.JPG,,Crystal & Glass
1 Trophy Catalogue/1 Crystal & Glass/CS,CS-CR4.jpg,CS-CR4.jpg,,Crystal & Glass
1 Trophy Catalogue/1 Crystal & Glass/CS,CS-8830 (Bases).jpg,CS-8830.jpg,Yes,Crystal & Glass
1 Trophy Catalogue/1 Crystal & Glass/CS,CS-816.jpg,CS-816.jpg,,Crystal & Glass
1 Trophy Catalogue/1 Crystal & Glass/CS,CS-QQ-3R.jpg,CS-QQ-3R.jpg,,Crystal & Glass
1 Trophy Catalogue/1 Crystal & Glass/CS,CS-QQ-1M.jpg,CS-QQ-1M.jpg,,Crystal & Glass
1 Trophy Catalogue/1 Crystal & Glass/CS,CS-2HB.jpg,CS-2HB.jpg,,Crystal & Glass
1 Trophy Catalogue/1 Crystal & Glass/CS,CS-1255025.jpg,CS-1255025.jpg,,Crystal & Glass
1 Trophy Catalogue/1 Crystal & Glass/CS,CS-J-6.jpg,CS-J-6.jpg,,Crystal & Glass
1 Trophy Catalogue/1 Crystal & Glass/CS,CS-815.jpg,CS-815.jpg,,Crystal & Glass
1 Trophy Catalogue/1 Crystal & Glass/CS,CS-H-5.JPG,CS-H-5.JPG,,Crystal & Glass
1 Trophy Catalogue/1 Crystal & Glass/CS,CS-814.jpg,CS-814.jpg,,Crystal & Glass
1 Trophy Catalogue/1 Crystal & Glass/CS,CS-022-100SV.JPG,CS-022-100SV.JPG,,Crystal & Glass
1 Trophy Catalogue/1 Crystal & Glass/CS,CS-GU-1.jpg,CS-GU-1.jpg,,Crystal & Glass
1 Trophy Catalogue/1 Crystal & Glass/CS,CS-AH-4B.jpg,CS-AH-4B.jpg,,Crystal & Glass
1 Trophy Catalogue/1 Crystal & Glass/CS,CS-810.jpg,CS-810.jpg,,Crystal & Glass
1 Trophy Catalogue/1 Crystal & Glass/CS,CS-H-1.JPG,CS-H-1.JPG,,Crystal & Glass
1 Trophy Catalogue/1 Crystal & Glass/CS,CS-137030 (Bases).jpg,CS-137030.jpg,Yes,Crystal & Glass
1 Trophy Catalogue/1 Crystal & Glass/CS,CS-PRI-01 #.jpg,CS-PRI-01.jpg,Yes,Crystal & Glass
1 Trophy Catalogue/1 Crystal & Glass/CS,CS-J-60.jpg,CS-J-60.jpg,,Crystal & Glass
1 Trophy Catalogue/1 Crystal & Glass/CS,CS-J-7B.jpg,CS-J-7B.jpg,,Crystal & Glass
1 Trophy Catalogue/1 Crystal & Glass/CS,CS-A4-P.jpg,CS-A4-P.jpg,,Crystal & Glass
1 Trophy Catalogue/1 Crystal & Glass/CS,CS-K08.jpg,CS-K08.jpg,,Crystal & Glass
1 Trophy Catalogue/1 Crystal & Glass/CS,CS-AA-8.jpg,CS-AA-8.jpg,,Crystal & Glass
1 Trophy Catalogue/1 Crystal & Glass/CS,CS-D (Diamonds).jpg,CS-D.jpg,Yes,Crystal & Glass
1 Trophy Catalogue/1 Crystal & Glass/CS,CS-PRI-03 #.jpg,CS-PRI-03.jpg,Yes,Crystal & Glass
1 Trophy Catalogue/1 Crystal & Glass/CS,CS-H-2.JPG,CS-H-2.JPG,,Crystal & Glass
1 Trophy Catalogue/1 Crystal & Glass/CS,CS-H-3.JPG,CS-H-3.JPG,,Crystal & Glass
1 Trophy Catalogue/1 Crystal & Glass/CS,CS-184.JPG,CS-184.JPG,,Crystal & Glass
1 Trophy Catalogue/1 Crystal & Glass/CS,CS-H-15.JPG,CS-H-15.JPG,,Crystal & Glass
1 Trophy Catalogue/1 Crystal & Glass/CS,CS-65.jpg,CS-65.jpg,,Crystal & Glass
1 Trophy Catalogue/1 Crystal & Glass/CS,CS-A7.JPG,CS-A7.JPG,,Crystal & Glass
1 Trophy Catalogue/1 Crystal & Glass/CS,CS-135025 (Bases).jpg,CS-135025.jpg,Yes,Crystal & Glass
1 Trophy Catalogue/1 Crystal & Glass/CS,CS-AH-4 (A&B) (old Photo).jpg,CS-AH-4.jpg,Yes,Crystal & Glass
1 Trophy Catalogue/1 Crystal & Glass/CS,CS-OH.jpg,CS-OH.jpg,,Crystal & Glass
1 Trophy Catalogue/1 Crystal & Glass/CS,CS-66.jpg,CS-66.jpg,,Crystal & Glass
1 Trophy Catalogue/1 Crystal & Glass/CS,CS-A70.jpg,CS-A70.jpg,,Crystal & Glass
1 Trophy Catalogue/1 Crystal & Glass/CS,CS-PP102R (red) (Painted glass).jpg,CS-PP102R.jpg,Yes,Crystal & Glass
1 Trophy Catalogue/1 Crystal & Glass/CS,CS-GR05-B.jpg,CS-GR05-B.jpg,,Crystal & Glass
1 Trophy Catalogue/1 Crystal & Glass/CS,CS-K108.jpg,CS-K108.jpg,,Crystal & Glass
1 Trophy Catalogue/1 Crystal & Glass/CS,CS-67.jpg,CS-67.jpg,,Crystal & Glass
1 Trophy Catalogue/1 Crystal & Glass/CS,CS-A4.jpg,CS-A4.jpg,,Crystal & Glass
1 Trophy Catalogue/1 Crystal & Glass/CS,CS-022-105.jpg,CS-022-105.jpg,,Crystal & Glass
1 Trophy Catalogue/1 Crystal & Glass/CS,CS-N54 (Green Glass Trophy).jpg,CS-N54.jpg,Yes,Crystal & Glass
1 Trophy Catalogue/1 Crystal & Glass/CS,CS-158040 (Bases).jpg,CS-158040.jpg,Yes,Crystal & Glass
1 Trophy Catalogue/1 Crystal & Glass/CS,CS-AH-1.jpg,CS-AH-1.jpg,,Crystal & Glass
1 Trophy Catalogue/1 Crystal & Glass/CS,CS-CB (Clear Ball).jpg,CS-CB.jpg,Yes,Crystal & Glass
1 Trophy Catalogue/1 Crystal & Glass/CS,CS-C-8.jpg,CS-C-8.jpg,,Crystal & Glass
1 Trophy Catalogue/1 Crystal & Glass/CS,CS-08B.jpg,CS-08B.jpg,,Crystal & Glass
1 Trophy Catalogue/1 Crystal & Glass/CS,CS-022-102.jpg,CS-022-102.jpg,,Crystal & Glass
1 Trophy Catalogue/1 Crystal & Glass/CS,CS-022-100BZ.JPG,CS-022-100BZ.JPG,,Crystal & Glass
1 Trophy Catalogue/1 Crystal & Glass/CS,CS-BP01 (Bump-On_s).jpg,CS-BP01.jpg,Yes,Crystal & Glass
1 Trophy Catalogue/1 Crystal & Glass/CS,CS-022-103.jpg,CS-022-103.jpg,,Crystal & Glass
1 Trophy Catalogue/1 Crystal & Glass/CS,CS-H-20.jpg,CS-H-20.jpg,,Crystal & Glass
1 Trophy Catalogue/1 Crystal & Glass/CS,CS-44.jpg,CS-44.jpg,,Crystal & Glass
1 Trophy Catalogue/1 Crystal & Glass/CS,CS-50.jpg,CS-50.jpg,,Crystal & Glass
1 Trophy Catalogue/1 Crystal & Glass/CS,CS-GM70P.jpg,CS-GM70P.jpg,,Crystal & Glass
1 Trophy Catalogue/1 Crystal & Glass/CS,CS-158010 (Bases).jpg,CS-158010.jpg,Yes,Crystal & Glass
1 Trophy Catalogue/1 Crystal & Glass/CS,CS-MAP.jpg,CS-MAP.jpg,,Crystal & Glass
1 Trophy Catalogue/1 Crystal & Glass/CS,CR-29B ( 💎Available on request 💎).jpg,CR-29B.jpg,Yes,Crystal & Glass
1 Trophy Catalogue/1 Crystal & Glass/CS,CS-FW-S.jpg,CS-FW-S.jpg,,Crystal & Glass
1 Trophy Catalogue/1 Crystal & Glass/CS,CS-45.jpg,CS-45.jpg,,Crystal & Glass
1 Trophy Catalogue/1 Crystal & Glass/CS,CS-PP102 (blue).jpg,CS-PP102.jpg,Yes,Crystal & Glass
1 Trophy Catalogue/1 Crystal & Glass/CS,CS-C-4.jpg,CS-C-4.jpg,,Crystal & Glass
1 Trophy Catalogue/1 Crystal & Glass/CS,CS-FH-5.jpg,CS-FH-5.jpg,,Crystal & Glass
1 Trophy Catalogue/1 Crystal & Glass/CS,CS-101040 (Bases).jpg,CS-101040.jpg,Yes,Crystal & Glass
1 Trophy Catalogue/1 Crystal & Glass/CS,CS-56.jpg,CS-56.jpg,,Crystal & Glass
1 Trophy Catalogue/1 Crystal & Glass/CS,CS-C1.jpg,CS-C1.jpg,,Crystal & Glass
1 Trophy Catalogue/1 Crystal & Glass/CS,CS-LC003.jpg,CS-LC003.jpg,,Crystal & Glass
1 Trophy Catalogue/1 Crystal & Glass/CS,CS-RS-1.jpg,CS-RS-1.jpg,,Crystal & Glass
1 Trophy Catalogue/1 Crystal & Glass/CS,CS-026Y.jpg,CS-026Y.jpg,,Crystal & Glass
1 Trophy Catalogue/1 Crystal & Glass/CS,CS-206030-C.jpg,CS-206030-C.jpg,,Crystal & Glass
1 Trophy Catalogue/1 Crystal & Glass/CS,CS-06B.jpg,CS-06B.jpg,,Crystal & Glass
1 Trophy Catalogue/1 Crystal & Glass/CS,CS-55.jpg,CS-55.jpg,,Crystal & Glass
1 Trophy Catalogue/1 Crystal & Glass/CS,CS-BW.jpg,CS-BW.jpg,,Crystal & Glass
1 Trophy Catalogue/1 Crystal & Glass/CS,CS-KH14.JPG,CS-KH14.JPG,,Crystal & Glass
1 Trophy Catalogue/1 Crystal & Glass/CS,CS-101140T (Base).jpg,CS-101140T.jpg,Yes,Crystal & Glass
1 Trophy Catalogue/1 Crystal & Glass/CS,CS-EW01.jpg,CS-EW01.jpg,,Crystal & Glass
1 Trophy Catalogue/1 Crystal & Glass/CS,CS-CG01 (UV-Glue).jpg,CS-CG01.jpg,Yes,Crystal & Glass
1 Trophy Catalogue/1 Crystal & Glass/CS,CS-BB12.JPG,CS-BB12.JPG,,Crystal & Glass
1 Trophy Catalogue/1 Crystal & Glass/CS,CS-68.jpg,CS-68.jpg,,Crystal & Glass
1 Trophy Catalogue/1 Crystal & Glass/CS,CS-GB (Golf Ball).jpg,CS-GB.jpg,Yes,Crystal & Glass
1 Trophy Catalogue/1 Crystal & Glass/CS,CS-BA.jpg,CS-BA.jpg,,Crystal & Glass
1 Trophy Catalogue/1 Crystal & Glass/CS,CS-KH204.JPG,CS-KH204.JPG,,Crystal & Glass
1 Trophy Catalogue/1 Crystal & Glass/CS,CS-59-1.jpg,CS-59-1.jpg,,Crystal & Glass
1 Trophy Catalogue/1 Crystal & Glass/CS,CS-H290.JPG,CS-H290.JPG,,Crystal & Glass
1 Trophy Catalogue/1 Crystal & Glass/CS,CS-KH205.JPG,CS-KH205.JPG,,Crystal & Glass
1 Trophy Catalogue/1 Crystal & Glass/CS,CS-K05.jpg,CS-K05.jpg,,Crystal & Glass
1 Trophy Catalogue/1 Crystal & Glass/CS,CS-GM60P.jpg,CS-GM60P.jpg,,Crystal & Glass
1 Trophy Catalogue/1 Crystal & Glass/CS,CS-D46 & D58.jpg,CS-D46 & D58.jpg,,Crystal & Glass
1 Trophy Catalogue/1 Crystal & Glass/CS,CS-KR04.jpg,CS-KR04.jpg,,Crystal & Glass
1 Trophy Catalogue/1 Crystal & Glass/CS,CS-J-4B.jpg,CS-J-4B.jpg,,Crystal & Glass
1 Trophy Catalogue/1 Crystal & Glass/CS,CS-S-11.JPG,CS-S-11.JPG,,Crystal & Glass
1 Trophy Catalogue/1 Crystal & Glass/CS,CS-HEX01.jpg,CS-HEX01.jpg,,Crystal & Glass
1 Trophy Catalogue/1 Crystal & Glass/CS,CS-KH202.JPG,CS-KH202.JPG,,Crystal & Glass
1 Trophy Catalogue/1 Crystal & Glass/CS,CS-J-68.jpg,CS-J-68.jpg,,Crystal & Glass
1 Trophy Catalogue/1 Crystal & Glass/CS,CS-PP46.JPG,CS-PP46.JPG,,Crystal & Glass
1 Trophy Catalogue/1 Crystal & Glass/CS,CS-611-50.JPG,CS-611-50.JPG,,Crystal & Glass
1 Trophy Catalogue/1 Crystal & Glass/CS,CS-C-65.jpg,CS-C-65.jpg,,Crystal & Glass
1 Trophy Catalogue/1 Crystal & Glass/CS,CS-PP71G (painted glass).jpg,CS-PP71G.jpg,Yes,Crystal & Glass
1 Trophy Catalogue/1 Crystal & Glass/CS,CS-KH203.JPG,CS-KH203.JPG,,Crystal & Glass
1 Trophy Catalogue/1 Crystal & Glass/CS,CS-KH201.JPG,CS-KH201.JPG,,Crystal & Glass
1 Trophy Catalogue/1 Crystal & Glass/CS,CS-PRI-02.jpg,CS-PRI-02.jpg,,Crystal & Glass
1 Trophy Catalogue/1 Crystal & Glass/CS,CS-J-13B.jpg,CS-J-13B.jpg,,Crystal & Glass
1 Trophy Catalogue/1 Crystal & Glass/CS,CS-PP45.JPG,CS-PP45.JPG,,Crystal & Glass
1 Trophy Catalogue/1 Crystal & Glass/CS,CS-FH-1L.jpg,CS-FH-1L.jpg,,Crystal & Glass
1 Trophy Catalogue/1 Crystal & Glass/CS,CS-022-100 (Old Photo).jpg,CS-022-100.jpg,Yes,Crystal & Glass
1 Trophy Catalogue/1 Crystal & Glass/CS,CS-168035 (Bases).jpg,CS-168035.jpg,Yes,Crystal & Glass
1 Trophy Catalogue/1 Crystal & Glass/CS,CS-PP44.JPG,CS-PP44.JPG,,Crystal & Glass
1 Trophy Catalogue/1 Crystal & Glass/CS,CS-H280.JPG,CS-H280.JPG,,Crystal & Glass
1 Trophy Catalogue/1 Crystal & Glass/CS,CS-J-8.jpg,CS-J-8.jpg,,Crystal & Glass
1 Trophy Catalogue/1 Crystal & Glass/CS,CS-QQ-2M.jpg,CS-QQ-2M.jpg,,Crystal & Glass
1 Trophy Catalogue/1 Crystal & Glass/Extra - Pieces (addings to trophies),CX-S515 (50_ off - Clearing Sale).jpg,CX-S515.jpg,Yes,Crystal & Glass
1 Trophy Catalogue/1 Crystal & Glass/Extra - Pieces (addings to trophies),CX-PP314 (50_ off - Clearing Sale).jpg,CX-PP314.jpg,Yes,Crystal & Glass
1 Trophy Catalogue/1 Crystal & Glass/Extra - Pieces (addings to trophies),CX-PP416 (50_ off - Clearing Sale).jpg,CX-PP416.jpg,Yes,Crystal & Glass
1 Trophy Catalogue/1 Crystal & Glass/Extra - Pieces (addings to trophies),CX-T108 (50_ off - C_earing Sale).jpg,CX-T108.jpg,Yes,Crystal & Glass
1 Trophy Catalogue/1 Crystal & Glass/Extra - Pieces (addings to trophies),CX-RP50-Yellow only (50_ off - Clearing Sale).jpg,CX-RP50-Yellow only.jpg,Yes,Crystal & Glass
1 Trophy Catalogue/1 Crystal & Glass/Extra - Pieces (addings to trophies),CX-HR80 (50_ off - Clearing Sale).jpg,CX-HR80.jpg,Yes,Crystal & Glass
1 Trophy Catalogue/1 Crystal & Glass/Extra - Pieces (addings to trophies),CX-D6060 (50_ off - Clearing Sale).jpg,CX-D6060.jpg,Yes,Crystal & Glass
1 Trophy Catalogue/1 Crystal & Glass/Extra - Pieces (addings to trophies),CX-TF66 (50_ off - Clearing Sale).jpg,CX-TF66.jpg,Yes,Crystal & Glass
1 Trophy Catalogue/1 Crystal & Glass/Extra - Pieces (addings to trophies),CX-GC69 (50_ off - Clearing Sale).jpg,CX-GC69.jpg,Yes,Crystal & Glass
1 Trophy Catalogue/1 Crystal & Glass/Extra - Pieces (addings to trophies),CX-T97 (50_ Off - Clearing Sale).jpg,CX-T97.jpg,Yes,Crystal & Glass
1 Trophy Catalogue/1 Crystal & Glass/Extra - Pieces (addings to trophies),CX-T86 (50_ off - C_earing Sale).jpg,CX-T86.jpg,Yes,Crystal & Glass
1 Trophy Catalogue/1 Crystal & Glass/Extra - Pieces (addings to trophies),CX-PS1179 (50_ off - Clearing Sale).jpg,CX-PS1179.jpg,Yes,Crystal & Glass
1 Trophy Catalogue/1 Crystal & Glass/Extra - Pieces (addings to trophies),CX-LF123 (50_ Off - Clearing Sale).jpg,CX-LF123.jpg,Yes,Crystal & Glass
1 Trophy Catalogue/1 Crystal & Glass/Extra - Pieces (addings to trophies),CX-TF88 (50_ off - Clearing Sale).jpg,CX-TF88.jpg,Yes,Crystal & Glass
1 Trophy Catalogue/1 Crystal & Glass/Extra - Pieces (addings to trophies),CX-H414 (50_ Off - Clearing Sale).jpg,CX-H414.jpg,Yes,Crystal & Glass
1 Trophy Catalogue/1 Crystal & Glass/Extra - Pieces (addings to trophies),CX-H516 (50_ Off - Clearing Sale).jpg,CX-H516.jpg,Yes,Crystal & Glass
1 Trophy Catalogue/1 Crystal & Glass/Extra - Pieces (addings to trophies),CX-HR60 (50_ off - Clearing Sale).jpg,CX-HR60.jpg,Yes,Crystal & Glass
1 Trophy Catalogue/1 Crystal & Glass/Extra - Pieces (addings to trophies),CX-LF154 (50_ off - Clearing Sale).jpg,CX-LF154.jpg,Yes,Crystal & Glass
1 Trophy Catalogue/1 Crystal & Glass/Extra - Pieces (addings to trophies),CX-T1050 (50_ off - Clearing Sale).jpg,CX-T1050.jpg,Yes,Crystal & Glass
1 Trophy Catalogue/1 Crystal & Glass/Extra - Pieces (addings to trophies),CX-T1261 (50_ off - Clearing Sale).jpg,CX-T1261.jpg,Yes,Crystal & Glass
1 Trophy Catalogue/1 Crystal & Glass/Extra - Pieces (addings to trophies),CX-PS1068 (505 Off - Clearing Sale).jpg,CX-PS1068.jpg,Yes,Crystal & Glass
1 Trophy Catalogue/1 Crystal & Glass/Extra - Pieces (addings to trophies),CX-D5050 (50_ off - Clearing Sale).jpg,CX-D5050.jpg,Yes,Crystal & Glass
1 Trophy Catalogue/1 Crystal & Glass/Extra - Pieces (addings to trophies),CX-BH60 (50_ off - Clearing Sale).jpg,CX-BH60.jpg,Yes,Crystal & Glass
1 Trophy Catalogue/1 Crystal & Glass/Extra - Pieces (addings to trophies),CX-SP48 (50_ off - Clearing Sale).jpg,CX-SP48.jpg,Yes,Crystal & Glass
1 Trophy Catalogue/1 Crystal & Glass/Extra - Pieces (addings to trophies),CX-S412 (50_ off - Clearing Sale).jpg,CX-S412.jpg,Yes,Crystal & Glass
1 Trophy Catalogue/1 Crystal & Glass/XY,XY-11D.jpg,XY-11D.jpg,,Crystal & Glass
1 Trophy Catalogue/1 Crystal & Glass/XY,XY-30.jpg,XY-30.jpg,,Crystal & Glass
1 Trophy Catalogue/1 Crystal & Glass/XY,XY-53-M.jpg,XY-53-M.jpg,,Crystal & Glass
1 Trophy Catalogue/1 Crystal & Glass/XY,XY-32.jpg,XY-32.jpg,,Crystal & Glass
1 Trophy Catalogue/1 Crystal & Glass/XY,XY-23.jpg,XY-23.jpg,,Crystal & Glass
1 Trophy Catalogue/1 Crystal & Glass/XY,XY-53B-M.jpg,XY-53B-M.jpg,,Crystal & Glass
1 Trophy Catalogue/1 Crystal & Glass/XY,XY-46.jpg,XY-46.jpg,,Crystal & Glass
1 Trophy Catalogue/1 Crystal & Glass/XY,XY-49-M.jpg,XY-49-M.jpg,,Crystal & Glass
1 Trophy Catalogue/1 Crystal & Glass/XY,XY-D80.jpg,XY-D80.jpg,,Crystal & Glass
1 Trophy Catalogue/1 Crystal & Glass/XY,XY-72.jpg,XY-72.jpg,,Crystal & Glass
1 Trophy Catalogue/1 Crystal & Glass/XY,XY-15-S.jpg,XY-15-S.jpg,,Crystal & Glass
1 Trophy Catalogue/1 Crystal & Glass/XY,XY-31-S.jpg,XY-31-S.jpg,,Crystal & Glass
1 Trophy Catalogue/1 Crystal & Glass/XY,XY-67-M.jpg,XY-67-M.jpg,,Crystal & Glass
1 Trophy Catalogue/1 Crystal & Glass/XY,XY-60-XL.jpg,XY-60-XL.jpg,,Crystal & Glass
1 Trophy Catalogue/1 Crystal & Glass/XY,XY-47-L.jpg,XY-47-L.jpg,,Crystal & Glass
1 Trophy Catalogue/1 Crystal & Glass/XY,XY-69-D (20_ off).jpg,XY-69-D.jpg,Yes,Crystal & Glass
1 Trophy Catalogue/1 Crystal & Glass/XY,XY-D60.jpg,XY-D60.jpg,,Crystal & Glass
1 Trophy Catalogue/1 Crystal & Glass/XY,XY-37-S.jpg,XY-37-S.jpg,,Crystal & Glass
1 Trophy Catalogue/1 Crystal & Glass/XY,XY-11.jpg,XY-11.jpg,,Crystal & Glass
1 Trophy Catalogue/1 Crystal & Glass/XY,XY-18-L.jpg,XY-18-L.jpg,,Crystal & Glass
1 Trophy Catalogue/1 Crystal & Glass/XY,XY-14.JPG,XY-14.JPG,,Crystal & Glass
1 Trophy Catalogue/1 Crystal & Glass/XY,XY-36-S.jpg,XY-36-S.jpg,,Crystal & Glass
1 Trophy Catalogue/1 Crystal & Glass/XY,XY-29.jpg,XY-29.jpg,,Crystal & Glass
1 Trophy Catalogue/1 Crystal & Glass/XY,XY-01.JPG,XY-01.JPG,,Crystal & Glass
1 Trophy Catalogue/1 Resin/HX-Supply,HX-2992.jpg,HX-2992.jpg,,Resin
1 Trophy Catalogue/1 Resin/HX-Supply,HX-1652-A1.jpg,HX-1652-A1.jpg,,Resin
1 Trophy Catalogue/1 Resin/HX-Supply,HX-1695-A6.jpg,HX-1695-A6.jpg,,Resin
1 Trophy Catalogue/1 Resin/HX-Supply,HX-3303C.jpg,HX-3303C.jpg,,Resin
1 Trophy Catalogue/1 Resin/HX-Supply,HX-3773A.jpg,HX-3773A.jpg,,Resin
1 Trophy Catalogue/1 Resin/HX-Supply,HX-2550A (Clearing Sale).jpg,HX-2550A.jpg,Yes,Resin
1 Trophy Catalogue/1 Resin/HX-Supply,FG6203Y-4.5.jpg,FG6203Y-4.5.jpg,,Resin
1 Trophy Catalogue/1 Resin/HX-Supply,HX-2362A (Clearing Sale).jpg,HX-2362A.jpg,Yes,Resin
1 Trophy Catalogue/1 Resin/HX-Supply,HX-4479-B.jpg,HX-4479-B.jpg,,Resin
1 Trophy Catalogue/1 Resin/HX-Supply,HX-3049-B.jpg,HX-3049-B.jpg,,Resin
1 Trophy Catalogue/1 Resin/HX-Supply,HX-3819 (Clearing Sale).jpg,HX-3819.jpg,Yes,Resin
1 Trophy Catalogue/1 Resin/HX-Supply,HX-4760.jpg,HX-4760.jpg,,Resin
1 Trophy Catalogue/1 Resin/HX-Supply,HX-2688-C8.jpg,HX-2688-C8.jpg,,Resin
1 Trophy Catalogue/1 Resin/HX-Supply,HX-1197.JPG,HX-1197.JPG,,Resin
1 Trophy Catalogue/1 Resin/HX-Supply,HX-3098C.jpg,HX-3098C.jpg,,Resin
1 Trophy Catalogue/1 Resin/HX-Supply,HX-3313B (Clearing Sale).jpg,HX-3313B.jpg,Yes,Resin
1 Trophy Catalogue/1 Resin/HX-Supply,HX-3692A (clearing Sale).jpg,HX-3692A.jpg,Yes,Resin
1 Trophy Catalogue/1 Resin/HX-Supply,HX-3299C.jpg,HX-3299C.jpg,,Resin
1 Trophy Catalogue/1 Resin/HX-Supply,HX-3556-B10.jpg,HX-3556-B10.jpg,,Resin
1 Trophy Catalogue/1 Resin/HX-Supply,HX-1507-A1 (Clearing Sale).jpg,HX-1507-A1.jpg,Yes,Resin
1 Trophy Catalogue/1 Resin/HX-Supply,HX-1571-C.jpg,HX-1571-C.jpg,,Resin
1 Trophy Catalogue/1 Resin/HX-Supply,HX-1261-B.jpg,HX-1261-B.jpg,,Resin
1 Trophy Catalogue/1 Resin/HX-Supply,HX-3607B.jpg,HX-3607B.jpg,,Resin
1 Trophy Catalogue/1 Resin/HX-Supply,HX-4599.jpg,HX-4599.jpg,,Resin
1 Trophy Catalogue/1 Resin/HX-Supply,HX-3328C.jpg,HX-3328C.jpg,,Resin
1 Trophy Catalogue/1 Resin/HX-Supply,HX-4598.jpg,HX-4598.jpg,,Resin
1 Trophy Catalogue/1 Resin/HX-Supply,HX-1650-B5 (Clearing Sale).jpg,HX-1650-B5.jpg,Yes,Resin
1 Trophy Catalogue/1 Resin/HX-Supply,HX-2023-B5 (Clearing Sale).jpg,HX-2023-B5.jpg,Yes,Resin
1 Trophy Catalogue/1 Resin/HX-Supply,HX-4279-A1.jpg,HX-4279-A1.jpg,,Resin
1 Trophy Catalogue/1 Resin/HX-Supply,HX-3684-B11.jpg,HX-3684-B11.jpg,,Resin
1 Trophy Catalogue/1 Resin/HX-Supply,HX-3183B (Clearing Sale).jpg,HX-3183B.jpg,Yes,Resin
1 Trophy Catalogue/1 Resin/HX-Supply,HX-1607.jpg,HX-1607.jpg,,Resin
1 Trophy Catalogue/1 Resin/HX-Supply,HX-3233 (Clearing Sale).jpg,HX-3233.jpg,Yes,Resin
1 Trophy Catalogue/1 Resin/HX-Supply,HX-4495-A.jpg,HX-4495-A.jpg,,Resin
1 Trophy Catalogue/1 Resin/HX-Supply,HX-2291.jpg,HX-2291.jpg,,Resin
1 Trophy Catalogue/1 Resin/HX-Supply,HX-1414.jpg,HX-1414.jpg,,Resin
1 Trophy Catalogue/1 Resin/HX-Supply,HX-3207-B.jpg,HX-3207-B.jpg,,Resin
1 Trophy Catalogue/1 Resin/HX-Supply,HX-1575.JPG,HX-1575.JPG,,Resin
1 Trophy Catalogue/1 Resin/HX-Supply,HX-1536-B5.jpg,HX-1536-B5.jpg,,Resin
1 Trophy Catalogue/1 Resin/HX-Supply,HX-1993-B.jpg,HX-1993-B.jpg,,Resin
1 Trophy Catalogue/1 Resin/HX-Supply,HX-2297.jpg,HX-2297.jpg,,Resin
1 Trophy Catalogue/1 Resin/HX-Supply,HX-2354 (Clearing Sale).jpg,HX-2354.jpg,Yes,Resin
1 Trophy Catalogue/1 Resin/HX-Supply,HX-4011C.jpg,HX-4011C.jpg,,Resin
1 Trophy Catalogue/1 Resin/HX-Supply,HX-2353C (Clearing Sale).jpg,HX-2353C.jpg,Yes,Resin
1 Trophy Catalogue/1 Resin/HX-Supply,HX-2359A (Clearing Sale).jpg,HX-2359A.jpg,Yes,Resin
1 Trophy Catalogue/1 Resin/HX-Supply,HX-1174-C.jpg,HX-1174-C.jpg,,Resin
1 Trophy Catalogue/1 Resin/HX-Supply,HX-2091A.jpg,HX-2091A.jpg,,Resin
1 Trophy Catalogue/1 Resin/HX-Supply,HX-1876-A.jpg,HX-1876-A.jpg,,Resin
1 Trophy Catalogue/1 Resin/HX-Supply,HX-1804B.jpg,HX-1804B.jpg,,Resin
1 Trophy Catalogue/1 Resin/HX-Supply,HX-1705.jpg,HX-1705.jpg,,Resin
1 Trophy Catalogue/1 Resin/HX-Supply,HX-1613B.jpg,HX-1613B.jpg,,Resin
1 Trophy Catalogue/1 Resin/HX-Supply,HX-1756B.jpg,HX-1756B.jpg,,Resin
1 Trophy Catalogue/1 Resin/HX-Supply,HX-2368.jpg,HX-2368.jpg,,Resin
1 Trophy Catalogue/1 Resin/HX-Supply,HX-1891.jpg,HX-1891.jpg,,Resin
1 Trophy Catalogue/1 Resin/HX-Supply,HX-3195C.jpg,HX-3195C.jpg,,Resin
1 Trophy Catalogue/1 Resin/HX-Supply,HX-3662A.jpg,HX-3662A.jpg,,Resin
1 Trophy Catalogue/1 Resin/HX-Supply,HX-1306.jpg,HX-1306.jpg,,Resin
1 Trophy Catalogue/1 Resin/HX-Supply,HX-1645A.jpg,HX-1645A.jpg,,Resin
1 Trophy Catalogue/1 Resin/HX-Supply,HX-2357A (Clearing Sale).jpg,HX-2357A.jpg,Yes,Resin
1 Trophy Catalogue/1 Resin/HX-Supply,HX-1237 (Clearing Sale).jpg,HX-1237.jpg,Yes,Resin
1 Trophy Catalogue/1 Resin/HX-Supply,HX-2497-B.jpg,HX-2497-B.jpg,,Resin
1 Trophy Catalogue/1 Resin/HX-Supply,HX-3249B.jpg,HX-3249B.jpg,,Resin
1 Trophy Catalogue/1 Resin/HX-Supply,HX-1307.jpg,HX-1307.jpg,,Resin
1 Trophy Catalogue/1 Resin/DD-Supply,DD-025.jpg,DD-025.jpg,,Resin
1 Trophy Catalogue/1 Resin/DD-Supply,DD-047.jpg,DD-047.jpg,,Resin
1 Trophy Catalogue/1 Resin/DD-Supply,DD-053.jpg,DD-053.jpg,,Resin
1 Trophy Catalogue/1 Resin/DD-Supply,DD-016.jpg,DD-016.jpg,,Resin
